person_id,party_id,tenant_id,strategy,match_evidence,status,created_at,sealed_at
3d81304a-7339-4a54-adf0-1ff53001cb76,3d81304a-7339-4a54-adf0-1ff53001cb76,55466035-1644-482d-bcc2-1f7350d9f701,CREATE_NEW_PARTY,"{""reason"": ""no_existing_party"", ""persons_total"": 848, ""r0_census_date"": ""2026-09-12"", ""collision_check"": ""pass"", ""uuid_collisions"": 0, ""deterministic_duplicates"": 0, ""data_quality_missing_dob_pct"": 0.00, ""data_quality_missing_name_pct"": 0.00}",planned,Sat Sep 12 2026 14:05:28 GMT+0700 (Indochina Time),Sat Sep 12 2026 14:05:29 GMT+0700 (Indochina Time)
0fdb5468-29fd-4483-92c2-d42d3a992154,0fdb5468-29fd-4483-92c2-d42d3a992154,55466035-1644-482d-bcc2-1f7350d9f701,CREATE_NEW_PARTY,"{""reason"": ""no_existing_party"", ""persons_total"": 848, ""r0_census_date"": ""2026-09-12"", ""collision_check"": ""pass"", ""uuid_collisions"": 0, ""deterministic_duplicates"": 0, ""data_quality_missing_dob_pct"": 0.00, ""data_quality_missing_name_pct"": 0.00}",planned,Sat Sep 12 2026 14:05:28 GMT+0700 (Indochina Time),Sat Sep 12 2026 14:05:29 GMT+0700 (Indochina Time)
2ca4826f-a353-4614-89ee-cae0df8be4ee,2ca4826f-a353-4614-89ee-cae0df8be4ee,e38015e4-61c3-4384-b51e-978744cd6277,CREATE_NEW_PARTY,"{""reason"": ""no_existing_party"", ""persons_total"": 848, ""r0_census_date"": ""2026-09-12"", ""collision_check"": ""pass"", ""uuid_collisions"": 0, ""deterministic_duplicates"": 0, ""data_quality_missing_dob_pct"": 0.00, ""data_quality_missing_name_pct"": 0.00}",planned,Sat Sep 12 2026 14:05:28 GMT+0700 (Indochina Time),Sat Sep 12 2026 14:05:29 GMT+0700 (Indochina Time)
26dddb3e-e603-47f9-aa8d-63faf9d58f9f,26dddb3e-e603-47f9-aa8d-63faf9d58f9f,e38015e4-61c3-4384-b51e-978744cd6277,CREATE_NEW_PARTY,"{""reason"": ""no_existing_party"", ""persons_total"": 848, ""r0_census_date"": ""2026-09-12"", ""collision_check"": ""pass"", ""uuid_collisions"": 0, ""deterministic_duplicates"": 0, ""data_quality_missing_dob_pct"": 0.00, ""data_quality_missing_name_pct"": 0.00}",planned,Sat Sep 12 2026 14:05:28 GMT+0700 (Indochina Time),Sat Sep 12 2026 14:05:29 GMT+0700 (Indochina Time)
aa2075c5-c286-475f-99cb-b5c3f5f5962a,aa2075c5-c286-475f-99cb-b5c3f5f5962a,0677ed48-a6f2-4e68-ace1-90f84392cf63,CREATE_NEW_PARTY,"{""reason"": ""no_existing_party"", ""persons_total"": 848, ""r0_census_date"": ""2026-09-12"", ""collision_check"": ""pass"", ""uuid_collisions"": 0, ""deterministic_duplicates"": 0, ""data_quality_missing_dob_pct"": 0.00, ""data_quality_missing_name_pct"": 0.00}",planned,Sat Sep 12 2026 14:05:28 GMT+0700 (Indochina Time),Sat Sep 12 2026 14:05:29 GMT+0700 (Indochina Time)
bd8d467d-fcfd-4428-a4f9-4be70377d4b5,bd8d467d-fcfd-4428-a4f9-4be70377d4b5,0677ed48-a6f2-4e68-ace1-90f84392cf63,CREATE_NEW_PARTY,"{""reason"": ""no_existing_party"", ""persons_total"": 848, ""r0_census_date"": ""2026-09-12"", ""collision_check"": ""pass"", ""uuid_collisions"": 0, ""deterministic_duplicates"": 0, ""data_quality_missing_dob_pct"": 0.00, ""data_quality_missing_name_pct"": 0.00}",planned,Sat Sep 12 2026 14:05:28 GMT+0700 (Indochina Time),Sat Sep 12 2026 14:05:29 GMT+0700 (Indochina Time)
41c21fd6-46f1-433b-9f05-0a13add77c29,41c21fd6-46f1-433b-9f05-0a13add77c29,f82e3a88-e2b1-45bc-a03b-48e20e344209,CREATE_NEW_PARTY,"{""reason"": ""no_existing_party"", ""persons_total"": 848, ""r0_census_date"": ""2026-09-12"", ""collision_check"": ""pass"", ""uuid_collisions"": 0, ""deterministic_duplicates"": 0, ""data_quality_missing_dob_pct"": 0.00, ""data_quality_missing_name_pct"": 0.00}",planned,Sat Sep 12 2026 14:05:28 GMT+0700 (Indochina Time),Sat Sep 12 2026 14:05:29 GMT+0700 (Indochina Time)
2edbd7e7-e886-4c30-b362-3763cc917769,2edbd7e7-e886-4c30-b362-3763cc917769,f82e3a88-e2b1-45bc-a03b-48e20e344209,CREATE_NEW_PARTY,"{""reason"": ""no_existing_party"", ""persons_total"": 848, ""r0_census_date"": ""2026-09-12"", ""collision_check"": ""pass"", ""uuid_collisions"": 0, ""deterministic_duplicates"": 0, ""data_quality_missing_dob_pct"": 0.00, ""data_quality_missing_name_pct"": 0.00}",planned,Sat Sep 12 2026 14:05:28 GMT+0700 (Indochina Time),Sat Sep 12 2026 14:05:29 GMT+0700 (Indochina Time)
5400d785-de20-4952-bbe4-643a0b660052,5400d785-de20-4952-bbe4-643a0b660052,742f9908-a49f-4c28-ad14-43815a1eb0f8,CREATE_NEW_PARTY,"{""reason"": ""no_existing_party"", ""persons_total"": 848, ""r0_census_date"": ""2026-09-12"", ""collision_check"": ""pass"", ""uuid_collisions"": 0, ""deterministic_duplicates"": 0, ""data_quality_missing_dob_pct"": 0.00, ""data_quality_missing_name_pct"": 0.00}",planned,Sat Sep 12 2026 14:05:28 GMT+0700 (Indochina Time),Sat Sep 12 2026 14:05:29 GMT+0700 (Indochina Time)
b088e561-a6dc-409f-bb30-0f3197c41334,b088e561-a6dc-409f-bb30-0f3197c41334,742f9908-a49f-4c28-ad14-43815a1eb0f8,CREATE_NEW_PARTY,"{""reason"": ""no_existing_party"", ""persons_total"": 848, ""r0_census_date"": ""2026-09-12"", ""collision_check"": ""pass"", ""uuid_collisions"": 0, ""deterministic_duplicates"": 0, ""data_quality_missing_dob_pct"": 0.00, ""data_quality_missing_name_pct"": 0.00}",planned,Sat Sep 12 2026 14:05:28 GMT+0700 (Indochina Time),Sat Sep 12 2026 14:05:29 GMT+0700 (Indochina Time)
fdef6bb3-475b-416c-b714-a895632e9247,fdef6bb3-475b-416c-b714-a895632e9247,3006f5c2-f5df-4b5f-93c1-7ec77a682100,CREATE_NEW_PARTY,"{""reason"": ""no_existing_party"", ""persons_total"": 848, ""r0_census_date"": ""2026-09-12"", ""collision_check"": ""pass"", ""uuid_collisions"": 0, ""deterministic_duplicates"": 0, ""data_quality_missing_dob_pct"": 0.00, ""data_quality_missing_name_pct"": 0.00}",planned,Sat Sep 12 2026 14:05:28 GMT+0700 (Indochina Time),Sat Sep 12 2026 14:05:29 GMT+0700 (Indochina Time)
bb49754a-3bec-409d-b86d-2048ed6a4806,bb49754a-3bec-409d-b86d-2048ed6a4806,3006f5c2-f5df-4b5f-93c1-7ec77a682100,CREATE_NEW_PARTY,"{""reason"": ""no_existing_party"", ""persons_total"": 848, ""r0_census_date"": ""2026-09-12"", ""collision_check"": ""pass"", ""uuid_collisions"": 0, ""deterministic_duplicates"": 0, ""data_quality_missing_dob_pct"": 0.00, ""data_quality_missing_name_pct"": 0.00}",planned,Sat Sep 12 2026 14:05:28 GMT+0700 (Indochina Time),Sat Sep 12 2026 14:05:29 GMT+0700 (Indochina Time)
f13560a8-6966-4cdc-9ed3-119f725f623b,f13560a8-6966-4cdc-9ed3-119f725f623b,edcc1bbf-225c-428c-8f28-8f9307794f69,CREATE_NEW_PARTY,"{""reason"": ""no_existing_party"", ""persons_total"": 848, ""r0_census_date"": ""2026-09-12"", ""collision_check"": ""pass"", ""uuid_collisions"": 0, ""deterministic_duplicates"": 0, ""data_quality_missing_dob_pct"": 0.00, ""data_quality_missing_name_pct"": 0.00}",planned,Sat Sep 12 2026 14:05:28 GMT+0700 (Indochina Time),Sat Sep 12 2026 14:05:29 GMT+0700 (Indochina Time)
ff46d2b1-1c11-4151-95a6-ce3bef45aba9,ff46d2b1-1c11-4151-95a6-ce3bef45aba9,edcc1bbf-225c-428c-8f28-8f9307794f69,CREATE_NEW_PARTY,"{""reason"": ""no_existing_party"", ""persons_total"": 848, ""r0_census_date"": ""2026-09-12"", ""collision_check"": ""pass"", ""uuid_collisions"": 0, ""deterministic_duplicates"": 0, ""data_quality_missing_dob_pct"": 0.00, ""data_quality_missing_name_pct"": 0.00}",planned,Sat Sep 12 2026 14:05:28 GMT+0700 (Indochina Time),Sat Sep 12 2026 14:05:29 GMT+0700 (Indochina Time)
affdcf84-1b5d-45d1-ad12-b0fa40abc6bb,affdcf84-1b5d-45d1-ad12-b0fa40abc6bb,a64ba974-1f8d-4857-a3f6-95b70455741a,CREATE_NEW_PARTY,"{""reason"": ""no_existing_party"", ""persons_total"": 848, ""r0_census_date"": ""2026-09-12"", ""collision_check"": ""pass"", ""uuid_collisions"": 0, ""deterministic_duplicates"": 0, ""data_quality_missing_dob_pct"": 0.00, ""data_quality_missing_name_pct"": 0.00}",planned,Sat Sep 12 2026 14:05:28 GMT+0700 (Indochina Time),Sat Sep 12 2026 14:05:29 GMT+0700 (Indochina Time)
48010fc5-372c-4925-b889-4c974f79fa3b,48010fc5-372c-4925-b889-4c974f79fa3b,a64ba974-1f8d-4857-a3f6-95b70455741a,CREATE_NEW_PARTY,"{""reason"": ""no_existing_party"", ""persons_total"": 848, ""r0_census_date"": ""2026-09-12"", ""collision_check"": ""pass"", ""uuid_collisions"": 0, ""deterministic_duplicates"": 0, ""data_quality_missing_dob_pct"": 0.00, ""data_quality_missing_name_pct"": 0.00}",planned,Sat Sep 12 2026 14:05:28 GMT+0700 (Indochina Time),Sat Sep 12 2026 14:05:29 GMT+0700 (Indochina Time)
37cc39dc-6ea3-44d0-bd28-9e455bb37783,37cc39dc-6ea3-44d0-bd28-9e455bb37783,1c722455-0fd0-4c5e-aa81-81d86ecafc2a,CREATE_NEW_PARTY,"{""reason"": ""no_existing_party"", ""persons_total"": 848, ""r0_census_date"": ""2026-09-12"", ""collision_check"": ""pass"", ""uuid_collisions"": 0, ""deterministic_duplicates"": 0, ""data_quality_missing_dob_pct"": 0.00, ""data_quality_missing_name_pct"": 0.00}",planned,Sat Sep 12 2026 14:05:28 GMT+0700 (Indochina Time),Sat Sep 12 2026 14:05:29 GMT+0700 (Indochina Time)
9ff0ed24-b127-4147-904f-e093b3cdccd9,9ff0ed24-b127-4147-904f-e093b3cdccd9,1c722455-0fd0-4c5e-aa81-81d86ecafc2a,CREATE_NEW_PARTY,"{""reason"": ""no_existing_party"", ""persons_total"": 848, ""r0_census_date"": ""2026-09-12"", ""collision_check"": ""pass"", ""uuid_collisions"": 0, ""deterministic_duplicates"": 0, ""data_quality_missing_dob_pct"": 0.00, ""data_quality_missing_name_pct"": 0.00}",planned,Sat Sep 12 2026 14:05:28 GMT+0700 (Indochina Time),Sat Sep 12 2026 14:05:29 GMT+0700 (Indochina Time)
63c2f3d4-0b62-4690-9934-bb13015d20e6,63c2f3d4-0b62-4690-9934-bb13015d20e6,dce8d4ce-2294-42b6-86ef-b6bcbeddb11c,CREATE_NEW_PARTY,"{""reason"": ""no_existing_party"", ""persons_total"": 848, ""r0_census_date"": ""2026-09-12"", ""collision_check"": ""pass"", ""uuid_collisions"": 0, ""deterministic_duplicates"": 0, ""data_quality_missing_dob_pct"": 0.00, ""data_quality_missing_name_pct"": 0.00}",planned,Sat Sep 12 2026 14:05:28 GMT+0700 (Indochina Time),Sat Sep 12 2026 14:05:29 GMT+0700 (Indochina Time)
171a27fa-82cb-4002-870a-07fc32dafbe1,171a27fa-82cb-4002-870a-07fc32dafbe1,dce8d4ce-2294-42b6-86ef-b6bcbeddb11c,CREATE_NEW_PARTY,"{""reason"": ""no_existing_party"", ""persons_total"": 848, ""r0_census_date"": ""2026-09-12"", ""collision_check"": ""pass"", ""uuid_collisions"": 0, ""deterministic_duplicates"": 0, ""data_quality_missing_dob_pct"": 0.00, ""data_quality_missing_name_pct"": 0.00}",planned,Sat Sep 12 2026 14:05:28 GMT+0700 (Indochina Time),Sat Sep 12 2026 14:05:29 GMT+0700 (Indochina Time)
613c69ba-5287-4046-bb34-9016f62ae8e8,613c69ba-5287-4046-bb34-9016f62ae8e8,c6fd186c-6ce3-4864-8ad8-9433bbf5ff58,CREATE_NEW_PARTY,"{""reason"": ""no_existing_party"", ""persons_total"": 848, ""r0_census_date"": ""2026-09-12"", ""collision_check"": ""pass"", ""uuid_collisions"": 0, ""deterministic_duplicates"": 0, ""data_quality_missing_dob_pct"": 0.00, ""data_quality_missing_name_pct"": 0.00}",planned,Sat Sep 12 2026 14:05:28 GMT+0700 (Indochina Time),Sat Sep 12 2026 14:05:29 GMT+0700 (Indochina Time)
5a5c0fc2-83bf-4e42-b36b-83b2f9c32420,5a5c0fc2-83bf-4e42-b36b-83b2f9c32420,c6fd186c-6ce3-4864-8ad8-9433bbf5ff58,CREATE_NEW_PARTY,"{""reason"": ""no_existing_party"", ""persons_total"": 848, ""r0_census_date"": ""2026-09-12"", ""collision_check"": ""pass"", ""uuid_collisions"": 0, ""deterministic_duplicates"": 0, ""data_quality_missing_dob_pct"": 0.00, ""data_quality_missing_name_pct"": 0.00}",planned,Sat Sep 12 2026 14:05:28 GMT+0700 (Indochina Time),Sat Sep 12 2026 14:05:29 GMT+0700 (Indochina Time)
bfa61cd5-308a-4f1d-90e5-3a632276d508,bfa61cd5-308a-4f1d-90e5-3a632276d508,41f9a66b-d599-4b68-9dea-0cd61c6500b6,CREATE_NEW_PARTY,"{""reason"": ""no_existing_party"", ""persons_total"": 848, ""r0_census_date"": ""2026-09-12"", ""collision_check"": ""pass"", ""uuid_collisions"": 0, ""deterministic_duplicates"": 0, ""data_quality_missing_dob_pct"": 0.00, ""data_quality_missing_name_pct"": 0.00}",planned,Sat Sep 12 2026 14:05:28 GMT+0700 (Indochina Time),Sat Sep 12 2026 14:05:29 GMT+0700 (Indochina Time)
d1b9ee3b-942c-462a-9ea5-b7175c6fb010,d1b9ee3b-942c-462a-9ea5-b7175c6fb010,41f9a66b-d599-4b68-9dea-0cd61c6500b6,CREATE_NEW_PARTY,"{""reason"": ""no_existing_party"", ""persons_total"": 848, ""r0_census_date"": ""2026-09-12"", ""collision_check"": ""pass"", ""uuid_collisions"": 0, ""deterministic_duplicates"": 0, ""data_quality_missing_dob_pct"": 0.00, ""data_quality_missing_name_pct"": 0.00}",planned,Sat Sep 12 2026 14:05:28 GMT+0700 (Indochina Time),Sat Sep 12 2026 14:05:29 GMT+0700 (Indochina Time)
d5b836e5-9594-4773-bea4-979d26d20e15,d5b836e5-9594-4773-bea4-979d26d20e15,bc47101f-27bd-4ec4-bff1-e6b0ef70efc1,CREATE_NEW_PARTY,"{""reason"": ""no_existing_party"", ""persons_total"": 848, ""r0_census_date"": ""2026-09-12"", ""collision_check"": ""pass"", ""uuid_collisions"": 0, ""deterministic_duplicates"": 0, ""data_quality_missing_dob_pct"": 0.00, ""data_quality_missing_name_pct"": 0.00}",planned,Sat Sep 12 2026 14:05:28 GMT+0700 (Indochina Time),Sat Sep 12 2026 14:05:29 GMT+0700 (Indochina Time)
6131b7f5-a3a6-42c5-85c3-d966128be110,6131b7f5-a3a6-42c5-85c3-d966128be110,bc47101f-27bd-4ec4-bff1-e6b0ef70efc1,CREATE_NEW_PARTY,"{""reason"": ""no_existing_party"", ""persons_total"": 848, ""r0_census_date"": ""2026-09-12"", ""collision_check"": ""pass"", ""uuid_collisions"": 0, ""deterministic_duplicates"": 0, ""data_quality_missing_dob_pct"": 0.00, ""data_quality_missing_name_pct"": 0.00}",planned,Sat Sep 12 2026 14:05:28 GMT+0700 (Indochina Time),Sat Sep 12 2026 14:05:29 GMT+0700 (Indochina Time)
9fcc4fbc-8700-48ff-93fc-7d50b5fbfc2b,9fcc4fbc-8700-48ff-93fc-7d50b5fbfc2b,4cad3cec-874a-4f55-8385-e2038507bb62,CREATE_NEW_PARTY,"{""reason"": ""no_existing_party"", ""persons_total"": 848, ""r0_census_date"": ""2026-09-12"", ""collision_check"": ""pass"", ""uuid_collisions"": 0, ""deterministic_duplicates"": 0, ""data_quality_missing_dob_pct"": 0.00, ""data_quality_missing_name_pct"": 0.00}",planned,Sat Sep 12 2026 14:05:28 GMT+0700 (Indochina Time),Sat Sep 12 2026 14:05:29 GMT+0700 (Indochina Time)
9ef56fec-50c5-4274-8176-63063ab9da00,9ef56fec-50c5-4274-8176-63063ab9da00,f3589a68-0d7c-4154-9eda-952a5b1c597d,CREATE_NEW_PARTY,"{""reason"": ""no_existing_party"", ""persons_total"": 848, ""r0_census_date"": ""2026-09-12"", ""collision_check"": ""pass"", ""uuid_collisions"": 0, ""deterministic_duplicates"": 0, ""data_quality_missing_dob_pct"": 0.00, ""data_quality_missing_name_pct"": 0.00}",planned,Sat Sep 12 2026 14:05:28 GMT+0700 (Indochina Time),Sat Sep 12 2026 14:05:29 GMT+0700 (Indochina Time)
78bf01b3-fef9-45c5-a2cf-0f720e39fee8,78bf01b3-fef9-45c5-a2cf-0f720e39fee8,501ad44d-a9f8-488b-8941-c2df2a680be0,CREATE_NEW_PARTY,"{""reason"": ""no_existing_party"", ""persons_total"": 848, ""r0_census_date"": ""2026-09-12"", ""collision_check"": ""pass"", ""uuid_collisions"": 0, ""deterministic_duplicates"": 0, ""data_quality_missing_dob_pct"": 0.00, ""data_quality_missing_name_pct"": 0.00}",planned,Sat Sep 12 2026 14:05:28 GMT+0700 (Indochina Time),Sat Sep 12 2026 14:05:29 GMT+0700 (Indochina Time)
4ddd8d66-ffd8-441e-9193-d23f98dae954,4ddd8d66-ffd8-441e-9193-d23f98dae954,501ad44d-a9f8-488b-8941-c2df2a680be0,CREATE_NEW_PARTY,"{""reason"": ""no_existing_party"", ""persons_total"": 848, ""r0_census_date"": ""2026-09-12"", ""collision_check"": ""pass"", ""uuid_collisions"": 0, ""deterministic_duplicates"": 0, ""data_quality_missing_dob_pct"": 0.00, ""data_quality_missing_name_pct"": 0.00}",planned,Sat Sep 12 2026 14:05:28 GMT+0700 (Indochina Time),Sat Sep 12 2026 14:05:29 GMT+0700 (Indochina Time)
00000000-0000-0000-0000-000000000002,00000000-0000-0000-0000-000000000002,00000000-0000-0000-0000-000000000001,CREATE_NEW_PARTY,"{""reason"": ""no_existing_party"", ""persons_total"": 848, ""r0_census_date"": ""2026-09-12"", ""collision_check"": ""pass"", ""uuid_collisions"": 0, ""deterministic_duplicates"": 0, ""data_quality_missing_dob_pct"": 0.00, ""data_quality_missing_name_pct"": 0.00}",planned,Sat Sep 12 2026 14:05:28 GMT+0700 (Indochina Time),Sat Sep 12 2026 14:05:29 GMT+0700 (Indochina Time)
63114085-b8d0-46e4-8966-4924b4f9fd46,63114085-b8d0-46e4-8966-4924b4f9fd46,04e80ffb-c073-4e8c-a820-60c354e1cc2a,CREATE_NEW_PARTY,"{""reason"": ""no_existing_party"", ""persons_total"": 848, ""r0_census_date"": ""2026-09-12"", ""collision_check"": ""pass"", ""uuid_collisions"": 0, ""deterministic_duplicates"": 0, ""data_quality_missing_dob_pct"": 0.00, ""data_quality_missing_name_pct"": 0.00}",planned,Sat Sep 12 2026 14:05:28 GMT+0700 (Indochina Time),Sat Sep 12 2026 14:05:29 GMT+0700 (Indochina Time)
5ac8a5a7-b019-465d-8ccf-6d89ad158e63,5ac8a5a7-b019-465d-8ccf-6d89ad158e63,04e80ffb-c073-4e8c-a820-60c354e1cc2a,CREATE_NEW_PARTY,"{""reason"": ""no_existing_party"", ""persons_total"": 848, ""r0_census_date"": ""2026-09-12"", ""collision_check"": ""pass"", ""uuid_collisions"": 0, ""deterministic_duplicates"": 0, ""data_quality_missing_dob_pct"": 0.00, ""data_quality_missing_name_pct"": 0.00}",planned,Sat Sep 12 2026 14:05:28 GMT+0700 (Indochina Time),Sat Sep 12 2026 14:05:29 GMT+0700 (Indochina Time)
9bff4dbc-3458-4b2e-a519-c8af9c5bb378,9bff4dbc-3458-4b2e-a519-c8af9c5bb378,04e80ffb-c073-4e8c-a820-60c354e1cc2a,CREATE_NEW_PARTY,"{""reason"": ""no_existing_party"", ""persons_total"": 848, ""r0_census_date"": ""2026-09-12"", ""collision_check"": ""pass"", ""uuid_collisions"": 0, ""deterministic_duplicates"": 0, ""data_quality_missing_dob_pct"": 0.00, ""data_quality_missing_name_pct"": 0.00}",planned,Sat Sep 12 2026 14:05:28 GMT+0700 (Indochina Time),Sat Sep 12 2026 14:05:29 GMT+0700 (Indochina Time)
364962c9-2f78-41ac-a5fe-701c89fb5316,364962c9-2f78-41ac-a5fe-701c89fb5316,c3ff5995-1997-4ce9-b1e3-4429ca1a8e15,CREATE_NEW_PARTY,"{""reason"": ""no_existing_party"", ""persons_total"": 848, ""r0_census_date"": ""2026-09-12"", ""collision_check"": ""pass"", ""uuid_collisions"": 0, ""deterministic_duplicates"": 0, ""data_quality_missing_dob_pct"": 0.00, ""data_quality_missing_name_pct"": 0.00}",planned,Sat Sep 12 2026 14:05:28 GMT+0700 (Indochina Time),Sat Sep 12 2026 14:05:29 GMT+0700 (Indochina Time)
0179a479-505a-44ff-932b-7ab51ee7ca0d,0179a479-505a-44ff-932b-7ab51ee7ca0d,55609b4b-9d21-4f7d-b677-5d18936df17d,CREATE_NEW_PARTY,"{""reason"": ""no_existing_party"", ""persons_total"": 848, ""r0_census_date"": ""2026-09-12"", ""collision_check"": ""pass"", ""uuid_collisions"": 0, ""deterministic_duplicates"": 0, ""data_quality_missing_dob_pct"": 0.00, ""data_quality_missing_name_pct"": 0.00}",planned,Sat Sep 12 2026 14:05:28 GMT+0700 (Indochina Time),Sat Sep 12 2026 14:05:29 GMT+0700 (Indochina Time)
2732258d-7cf9-41e8-bc8e-f86815284f93,2732258d-7cf9-41e8-bc8e-f86815284f93,55609b4b-9d21-4f7d-b677-5d18936df17d,CREATE_NEW_PARTY,"{""reason"": ""no_existing_party"", ""persons_total"": 848, ""r0_census_date"": ""2026-09-12"", ""collision_check"": ""pass"", ""uuid_collisions"": 0, ""deterministic_duplicates"": 0, ""data_quality_missing_dob_pct"": 0.00, ""data_quality_missing_name_pct"": 0.00}",planned,Sat Sep 12 2026 14:05:28 GMT+0700 (Indochina Time),Sat Sep 12 2026 14:05:29 GMT+0700 (Indochina Time)
99cfd5f8-3a0b-4800-89cb-fa62a3fb4550,99cfd5f8-3a0b-4800-89cb-fa62a3fb4550,55609b4b-9d21-4f7d-b677-5d18936df17d,CREATE_NEW_PARTY,"{""reason"": ""no_existing_party"", ""persons_total"": 848, ""r0_census_date"": ""2026-09-12"", ""collision_check"": ""pass"", ""uuid_collisions"": 0, ""deterministic_duplicates"": 0, ""data_quality_missing_dob_pct"": 0.00, ""data_quality_missing_name_pct"": 0.00}",planned,Sat Sep 12 2026 14:05:28 GMT+0700 (Indochina Time),Sat Sep 12 2026 14:05:29 GMT+0700 (Indochina Time)
bdb9ab41-4b2f-4d46-9871-5bf59dc8dfbe,bdb9ab41-4b2f-4d46-9871-5bf59dc8dfbe,bb8881a5-679c-482d-8940-aee5a17e4d87,CREATE_NEW_PARTY,"{""reason"": ""no_existing_party"", ""persons_total"": 848, ""r0_census_date"": ""2026-09-12"", ""collision_check"": ""pass"", ""uuid_collisions"": 0, ""deterministic_duplicates"": 0, ""data_quality_missing_dob_pct"": 0.00, ""data_quality_missing_name_pct"": 0.00}",planned,Sat Sep 12 2026 14:05:28 GMT+0700 (Indochina Time),Sat Sep 12 2026 14:05:29 GMT+0700 (Indochina Time)
088249ee-e2b6-4012-bbb1-b00abdbe3d7c,088249ee-e2b6-4012-bbb1-b00abdbe3d7c,02108bcf-7378-470f-a1ed-3d7b41075a80,CREATE_NEW_PARTY,"{""reason"": ""no_existing_party"", ""persons_total"": 848, ""r0_census_date"": ""2026-09-12"", ""collision_check"": ""pass"", ""uuid_collisions"": 0, ""deterministic_duplicates"": 0, ""data_quality_missing_dob_pct"": 0.00, ""data_quality_missing_name_pct"": 0.00}",planned,Sat Sep 12 2026 14:05:28 GMT+0700 (Indochina Time),Sat Sep 12 2026 14:05:29 GMT+0700 (Indochina Time)
a2574840-cb1a-4161-9ca7-3f8db191c57a,a2574840-cb1a-4161-9ca7-3f8db191c57a,02108bcf-7378-470f-a1ed-3d7b41075a80,CREATE_NEW_PARTY,"{""reason"": ""no_existing_party"", ""persons_total"": 848, ""r0_census_date"": ""2026-09-12"", ""collision_check"": ""pass"", ""uuid_collisions"": 0, ""deterministic_duplicates"": 0, ""data_quality_missing_dob_pct"": 0.00, ""data_quality_missing_name_pct"": 0.00}",planned,Sat Sep 12 2026 14:05:28 GMT+0700 (Indochina Time),Sat Sep 12 2026 14:05:29 GMT+0700 (Indochina Time)
fd4a6861-f025-4ade-82e3-0eb3b78d4635,fd4a6861-f025-4ade-82e3-0eb3b78d4635,02108bcf-7378-470f-a1ed-3d7b41075a80,CREATE_NEW_PARTY,"{""reason"": ""no_existing_party"", ""persons_total"": 848, ""r0_census_date"": ""2026-09-12"", ""collision_check"": ""pass"", ""uuid_collisions"": 0, ""deterministic_duplicates"": 0, ""data_quality_missing_dob_pct"": 0.00, ""data_quality_missing_name_pct"": 0.00}",planned,Sat Sep 12 2026 14:05:28 GMT+0700 (Indochina Time),Sat Sep 12 2026 14:05:29 GMT+0700 (Indochina Time)
cf7fb85d-c089-44d5-8d7e-bdbc3f3f6ee5,cf7fb85d-c089-44d5-8d7e-bdbc3f3f6ee5,681b8ad4-43ca-4179-b9cd-d2705cc081a4,CREATE_NEW_PARTY,"{""reason"": ""no_existing_party"", ""persons_total"": 848, ""r0_census_date"": ""2026-09-12"", ""collision_check"": ""pass"", ""uuid_collisions"": 0, ""deterministic_duplicates"": 0, ""data_quality_missing_dob_pct"": 0.00, ""data_quality_missing_name_pct"": 0.00}",planned,Sat Sep 12 2026 14:05:28 GMT+0700 (Indochina Time),Sat Sep 12 2026 14:05:29 GMT+0700 (Indochina Time)
d11b55aa-adcd-4914-9651-a57e3f02654a,d11b55aa-adcd-4914-9651-a57e3f02654a,6b86d9ce-9290-4639-a045-9c9fe9a7c076,CREATE_NEW_PARTY,"{""reason"": ""no_existing_party"", ""persons_total"": 848, ""r0_census_date"": ""2026-09-12"", ""collision_check"": ""pass"", ""uuid_collisions"": 0, ""deterministic_duplicates"": 0, ""data_quality_missing_dob_pct"": 0.00, ""data_quality_missing_name_pct"": 0.00}",planned,Sat Sep 12 2026 14:05:28 GMT+0700 (Indochina Time),Sat Sep 12 2026 14:05:29 GMT+0700 (Indochina Time)
2480fe6b-2bd1-4114-92c0-f840beb011cc,2480fe6b-2bd1-4114-92c0-f840beb011cc,6b86d9ce-9290-4639-a045-9c9fe9a7c076,CREATE_NEW_PARTY,"{""reason"": ""no_existing_party"", ""persons_total"": 848, ""r0_census_date"": ""2026-09-12"", ""collision_check"": ""pass"", ""uuid_collisions"": 0, ""deterministic_duplicates"": 0, ""data_quality_missing_dob_pct"": 0.00, ""data_quality_missing_name_pct"": 0.00}",planned,Sat Sep 12 2026 14:05:28 GMT+0700 (Indochina Time),Sat Sep 12 2026 14:05:29 GMT+0700 (Indochina Time)
47854e7e-593f-4f2f-893d-de083f5fd534,47854e7e-593f-4f2f-893d-de083f5fd534,6b86d9ce-9290-4639-a045-9c9fe9a7c076,CREATE_NEW_PARTY,"{""reason"": ""no_existing_party"", ""persons_total"": 848, ""r0_census_date"": ""2026-09-12"", ""collision_check"": ""pass"", ""uuid_collisions"": 0, ""deterministic_duplicates"": 0, ""data_quality_missing_dob_pct"": 0.00, ""data_quality_missing_name_pct"": 0.00}",planned,Sat Sep 12 2026 14:05:28 GMT+0700 (Indochina Time),Sat Sep 12 2026 14:05:29 GMT+0700 (Indochina Time)
738e2e5b-0b31-4419-9f8e-90f6dca52b09,738e2e5b-0b31-4419-9f8e-90f6dca52b09,12b5929a-7d56-47ea-baa1-ac41f65385b1,CREATE_NEW_PARTY,"{""reason"": ""no_existing_party"", ""persons_total"": 848, ""r0_census_date"": ""2026-09-12"", ""collision_check"": ""pass"", ""uuid_collisions"": 0, ""deterministic_duplicates"": 0, ""data_quality_missing_dob_pct"": 0.00, ""data_quality_missing_name_pct"": 0.00}",planned,Sat Sep 12 2026 14:05:28 GMT+0700 (Indochina Time),Sat Sep 12 2026 14:05:29 GMT+0700 (Indochina Time)
5e22fc28-7bf9-4e11-979b-0caed2511478,5e22fc28-7bf9-4e11-979b-0caed2511478,1c62eb0a-4ea4-4b88-98ae-429a41e03a86,CREATE_NEW_PARTY,"{""reason"": ""no_existing_party"", ""persons_total"": 848, ""r0_census_date"": ""2026-09-12"", ""collision_check"": ""pass"", ""uuid_collisions"": 0, ""deterministic_duplicates"": 0, ""data_quality_missing_dob_pct"": 0.00, ""data_quality_missing_name_pct"": 0.00}",planned,Sat Sep 12 2026 14:05:28 GMT+0700 (Indochina Time),Sat Sep 12 2026 14:05:29 GMT+0700 (Indochina Time)
0a6dac98-a834-4f03-b046-deccb017edc5,0a6dac98-a834-4f03-b046-deccb017edc5,1c62eb0a-4ea4-4b88-98ae-429a41e03a86,CREATE_NEW_PARTY,"{""reason"": ""no_existing_party"", ""persons_total"": 848, ""r0_census_date"": ""2026-09-12"", ""collision_check"": ""pass"", ""uuid_collisions"": 0, ""deterministic_duplicates"": 0, ""data_quality_missing_dob_pct"": 0.00, ""data_quality_missing_name_pct"": 0.00}",planned,Sat Sep 12 2026 14:05:28 GMT+0700 (Indochina Time),Sat Sep 12 2026 14:05:29 GMT+0700 (Indochina Time)
2399f219-4e96-48f7-b434-04b88e9ea3f4,2399f219-4e96-48f7-b434-04b88e9ea3f4,1c62eb0a-4ea4-4b88-98ae-429a41e03a86,CREATE_NEW_PARTY,"{""reason"": ""no_existing_party"", ""persons_total"": 848, ""r0_census_date"": ""2026-09-12"", ""collision_check"": ""pass"", ""uuid_collisions"": 0, ""deterministic_duplicates"": 0, ""data_quality_missing_dob_pct"": 0.00, ""data_quality_missing_name_pct"": 0.00}",planned,Sat Sep 12 2026 14:05:28 GMT+0700 (Indochina Time),Sat Sep 12 2026 14:05:29 GMT+0700 (Indochina Time)
5965bb2a-15dc-445c-a06a-c315a1301b94,5965bb2a-15dc-445c-a06a-c315a1301b94,01629c44-9ceb-44b6-982a-144407ed4f39,CREATE_NEW_PARTY,"{""reason"": ""no_existing_party"", ""persons_total"": 848, ""r0_census_date"": ""2026-09-12"", ""collision_check"": ""pass"", ""uuid_collisions"": 0, ""deterministic_duplicates"": 0, ""data_quality_missing_dob_pct"": 0.00, ""data_quality_missing_name_pct"": 0.00}",planned,Sat Sep 12 2026 14:05:28 GMT+0700 (Indochina Time),Sat Sep 12 2026 14:05:29 GMT+0700 (Indochina Time)
447763fb-0cf2-4ae4-8965-72d9502c0578,447763fb-0cf2-4ae4-8965-72d9502c0578,d64e36e9-7607-4881-85fc-708b2ebce8c6,CREATE_NEW_PARTY,"{""reason"": ""no_existing_party"", ""persons_total"": 848, ""r0_census_date"": ""2026-09-12"", ""collision_check"": ""pass"", ""uuid_collisions"": 0, ""deterministic_duplicates"": 0, ""data_quality_missing_dob_pct"": 0.00, ""data_quality_missing_name_pct"": 0.00}",planned,Sat Sep 12 2026 14:05:28 GMT+0700 (Indochina Time),Sat Sep 12 2026 14:05:29 GMT+0700 (Indochina Time)
ac4320e4-cb33-44bf-8b5c-1766c3af5d4b,ac4320e4-cb33-44bf-8b5c-1766c3af5d4b,d64e36e9-7607-4881-85fc-708b2ebce8c6,CREATE_NEW_PARTY,"{""reason"": ""no_existing_party"", ""persons_total"": 848, ""r0_census_date"": ""2026-09-12"", ""collision_check"": ""pass"", ""uuid_collisions"": 0, ""deterministic_duplicates"": 0, ""data_quality_missing_dob_pct"": 0.00, ""data_quality_missing_name_pct"": 0.00}",planned,Sat Sep 12 2026 14:05:28 GMT+0700 (Indochina Time),Sat Sep 12 2026 14:05:29 GMT+0700 (Indochina Time)
b7c5223d-a6ed-4b10-a0c8-923f7fbea6c8,b7c5223d-a6ed-4b10-a0c8-923f7fbea6c8,2fd11705-cc07-47a8-a786-022693cc3db5,CREATE_NEW_PARTY,"{""reason"": ""no_existing_party"", ""persons_total"": 848, ""r0_census_date"": ""2026-09-12"", ""collision_check"": ""pass"", ""uuid_collisions"": 0, ""deterministic_duplicates"": 0, ""data_quality_missing_dob_pct"": 0.00, ""data_quality_missing_name_pct"": 0.00}",planned,Sat Sep 12 2026 14:05:28 GMT+0700 (Indochina Time),Sat Sep 12 2026 14:05:29 GMT+0700 (Indochina Time)
9fa164ab-f337-4313-ba89-abae6b35a2cb,9fa164ab-f337-4313-ba89-abae6b35a2cb,2fd11705-cc07-47a8-a786-022693cc3db5,CREATE_NEW_PARTY,"{""reason"": ""no_existing_party"", ""persons_total"": 848, ""r0_census_date"": ""2026-09-12"", ""collision_check"": ""pass"", ""uuid_collisions"": 0, ""deterministic_duplicates"": 0, ""data_quality_missing_dob_pct"": 0.00, ""data_quality_missing_name_pct"": 0.00}",planned,Sat Sep 12 2026 14:05:28 GMT+0700 (Indochina Time),Sat Sep 12 2026 14:05:29 GMT+0700 (Indochina Time)
e99e6b85-4e26-4996-9a64-4869ed5b6b65,e99e6b85-4e26-4996-9a64-4869ed5b6b65,2fd11705-cc07-47a8-a786-022693cc3db5,CREATE_NEW_PARTY,"{""reason"": ""no_existing_party"", ""persons_total"": 848, ""r0_census_date"": ""2026-09-12"", ""collision_check"": ""pass"", ""uuid_collisions"": 0, ""deterministic_duplicates"": 0, ""data_quality_missing_dob_pct"": 0.00, ""data_quality_missing_name_pct"": 0.00}",planned,Sat Sep 12 2026 14:05:28 GMT+0700 (Indochina Time),Sat Sep 12 2026 14:05:29 GMT+0700 (Indochina Time)
052d6326-fa2c-4daa-a3f9-ae47283d4e30,052d6326-fa2c-4daa-a3f9-ae47283d4e30,db8ac84d-2d34-4ee4-86bf-5478b084ea0c,CREATE_NEW_PARTY,"{""reason"": ""no_existing_party"", ""persons_total"": 848, ""r0_census_date"": ""2026-09-12"", ""collision_check"": ""pass"", ""uuid_collisions"": 0, ""deterministic_duplicates"": 0, ""data_quality_missing_dob_pct"": 0.00, ""data_quality_missing_name_pct"": 0.00}",planned,Sat Sep 12 2026 14:05:28 GMT+0700 (Indochina Time),Sat Sep 12 2026 14:05:29 GMT+0700 (Indochina Time)
32e2be07-893b-4902-af90-53fc304c6e99,32e2be07-893b-4902-af90-53fc304c6e99,554e0c8c-2386-4f10-9282-59541864fb0d,CREATE_NEW_PARTY,"{""reason"": ""no_existing_party"", ""persons_total"": 848, ""r0_census_date"": ""2026-09-12"", ""collision_check"": ""pass"", ""uuid_collisions"": 0, ""deterministic_duplicates"": 0, ""data_quality_missing_dob_pct"": 0.00, ""data_quality_missing_name_pct"": 0.00}",planned,Sat Sep 12 2026 14:05:28 GMT+0700 (Indochina Time),Sat Sep 12 2026 14:05:29 GMT+0700 (Indochina Time)
7b951b09-a519-4d7f-b07a-21d8d7976830,7b951b09-a519-4d7f-b07a-21d8d7976830,554e0c8c-2386-4f10-9282-59541864fb0d,CREATE_NEW_PARTY,"{""reason"": ""no_existing_party"", ""persons_total"": 848, ""r0_census_date"": ""2026-09-12"", ""collision_check"": ""pass"", ""uuid_collisions"": 0, ""deterministic_duplicates"": 0, ""data_quality_missing_dob_pct"": 0.00, ""data_quality_missing_name_pct"": 0.00}",planned,Sat Sep 12 2026 14:05:28 GMT+0700 (Indochina Time),Sat Sep 12 2026 14:05:29 GMT+0700 (Indochina Time)
dcd33520-953b-490a-ba98-ef3502ee1f74,dcd33520-953b-490a-ba98-ef3502ee1f74,554e0c8c-2386-4f10-9282-59541864fb0d,CREATE_NEW_PARTY,"{""reason"": ""no_existing_party"", ""persons_total"": 848, ""r0_census_date"": ""2026-09-12"", ""collision_check"": ""pass"", ""uuid_collisions"": 0, ""deterministic_duplicates"": 0, ""data_quality_missing_dob_pct"": 0.00, ""data_quality_missing_name_pct"": 0.00}",planned,Sat Sep 12 2026 14:05:28 GMT+0700 (Indochina Time),Sat Sep 12 2026 14:05:29 GMT+0700 (Indochina Time)
30d779e9-f48f-4861-82bb-422342c31483,30d779e9-f48f-4861-82bb-422342c31483,cc08856a-c73a-4344-a33c-8dc1c181c31c,CREATE_NEW_PARTY,"{""reason"": ""no_existing_party"", ""persons_total"": 848, ""r0_census_date"": ""2026-09-12"", ""collision_check"": ""pass"", ""uuid_collisions"": 0, ""deterministic_duplicates"": 0, ""data_quality_missing_dob_pct"": 0.00, ""data_quality_missing_name_pct"": 0.00}",planned,Sat Sep 12 2026 14:05:28 GMT+0700 (Indochina Time),Sat Sep 12 2026 14:05:29 GMT+0700 (Indochina Time)
88693753-b36c-42a0-95d5-a3a40320e9bc,88693753-b36c-42a0-95d5-a3a40320e9bc,615bfd46-14ce-49f1-afb8-06646b384799,CREATE_NEW_PARTY,"{""reason"": ""no_existing_party"", ""persons_total"": 848, ""r0_census_date"": ""2026-09-12"", ""collision_check"": ""pass"", ""uuid_collisions"": 0, ""deterministic_duplicates"": 0, ""data_quality_missing_dob_pct"": 0.00, ""data_quality_missing_name_pct"": 0.00}",planned,Sat Sep 12 2026 14:05:28 GMT+0700 (Indochina Time),Sat Sep 12 2026 14:05:29 GMT+0700 (Indochina Time)
10a69b92-37de-4627-aba5-995e2a669fc6,10a69b92-37de-4627-aba5-995e2a669fc6,615bfd46-14ce-49f1-afb8-06646b384799,CREATE_NEW_PARTY,"{""reason"": ""no_existing_party"", ""persons_total"": 848, ""r0_census_date"": ""2026-09-12"", ""collision_check"": ""pass"", ""uuid_collisions"": 0, ""deterministic_duplicates"": 0, ""data_quality_missing_dob_pct"": 0.00, ""data_quality_missing_name_pct"": 0.00}",planned,Sat Sep 12 2026 14:05:28 GMT+0700 (Indochina Time),Sat Sep 12 2026 14:05:29 GMT+0700 (Indochina Time)
b92a8d20-d1c0-40d8-b16a-388c8bbaf525,b92a8d20-d1c0-40d8-b16a-388c8bbaf525,2099dba0-44ad-4330-89ef-6031dd7426f3,CREATE_NEW_PARTY,"{""reason"": ""no_existing_party"", ""persons_total"": 848, ""r0_census_date"": ""2026-09-12"", ""collision_check"": ""pass"", ""uuid_collisions"": 0, ""deterministic_duplicates"": 0, ""data_quality_missing_dob_pct"": 0.00, ""data_quality_missing_name_pct"": 0.00}",planned,Sat Sep 12 2026 14:05:28 GMT+0700 (Indochina Time),Sat Sep 12 2026 14:05:29 GMT+0700 (Indochina Time)
1fc1d12f-afd7-4cd3-a675-bedc91572bbc,1fc1d12f-afd7-4cd3-a675-bedc91572bbc,2099dba0-44ad-4330-89ef-6031dd7426f3,CREATE_NEW_PARTY,"{""reason"": ""no_existing_party"", ""persons_total"": 848, ""r0_census_date"": ""2026-09-12"", ""collision_check"": ""pass"", ""uuid_collisions"": 0, ""deterministic_duplicates"": 0, ""data_quality_missing_dob_pct"": 0.00, ""data_quality_missing_name_pct"": 0.00}",planned,Sat Sep 12 2026 14:05:28 GMT+0700 (Indochina Time),Sat Sep 12 2026 14:05:29 GMT+0700 (Indochina Time)
590e339f-b8e7-47af-a169-55af21b6a453,590e339f-b8e7-47af-a169-55af21b6a453,a397a9c4-472a-4109-a46d-710cd9895ae3,CREATE_NEW_PARTY,"{""reason"": ""no_existing_party"", ""persons_total"": 848, ""r0_census_date"": ""2026-09-12"", ""collision_check"": ""pass"", ""uuid_collisions"": 0, ""deterministic_duplicates"": 0, ""data_quality_missing_dob_pct"": 0.00, ""data_quality_missing_name_pct"": 0.00}",planned,Sat Sep 12 2026 14:05:28 GMT+0700 (Indochina Time),Sat Sep 12 2026 14:05:29 GMT+0700 (Indochina Time)
5e9c1b2d-6673-4065-aa72-aeea7d0ca477,5e9c1b2d-6673-4065-aa72-aeea7d0ca477,bfcc03b6-c81f-45b7-97df-d874f5ca63cb,CREATE_NEW_PARTY,"{""reason"": ""no_existing_party"", ""persons_total"": 848, ""r0_census_date"": ""2026-09-12"", ""collision_check"": ""pass"", ""uuid_collisions"": 0, ""deterministic_duplicates"": 0, ""data_quality_missing_dob_pct"": 0.00, ""data_quality_missing_name_pct"": 0.00}",planned,Sat Sep 12 2026 14:05:28 GMT+0700 (Indochina Time),Sat Sep 12 2026 14:05:29 GMT+0700 (Indochina Time)
31452051-02d8-496d-b66c-30ba157cff0b,31452051-02d8-496d-b66c-30ba157cff0b,bfcc03b6-c81f-45b7-97df-d874f5ca63cb,CREATE_NEW_PARTY,"{""reason"": ""no_existing_party"", ""persons_total"": 848, ""r0_census_date"": ""2026-09-12"", ""collision_check"": ""pass"", ""uuid_collisions"": 0, ""deterministic_duplicates"": 0, ""data_quality_missing_dob_pct"": 0.00, ""data_quality_missing_name_pct"": 0.00}",planned,Sat Sep 12 2026 14:05:28 GMT+0700 (Indochina Time),Sat Sep 12 2026 14:05:29 GMT+0700 (Indochina Time)
2361baa3-5b65-4e76-95aa-6fc43d4d4860,2361baa3-5b65-4e76-95aa-6fc43d4d4860,a397a9c4-472a-4109-a46d-710cd9895ae3,CREATE_NEW_PARTY,"{""reason"": ""no_existing_party"", ""persons_total"": 848, ""r0_census_date"": ""2026-09-12"", ""collision_check"": ""pass"", ""uuid_collisions"": 0, ""deterministic_duplicates"": 0, ""data_quality_missing_dob_pct"": 0.00, ""data_quality_missing_name_pct"": 0.00}",planned,Sat Sep 12 2026 14:05:28 GMT+0700 (Indochina Time),Sat Sep 12 2026 14:05:29 GMT+0700 (Indochina Time)
a4fd8e99-9142-4486-a9fc-640c7fcffe8b,a4fd8e99-9142-4486-a9fc-640c7fcffe8b,bfcc03b6-c81f-45b7-97df-d874f5ca63cb,CREATE_NEW_PARTY,"{""reason"": ""no_existing_party"", ""persons_total"": 848, ""r0_census_date"": ""2026-09-12"", ""collision_check"": ""pass"", ""uuid_collisions"": 0, ""deterministic_duplicates"": 0, ""data_quality_missing_dob_pct"": 0.00, ""data_quality_missing_name_pct"": 0.00}",planned,Sat Sep 12 2026 14:05:28 GMT+0700 (Indochina Time),Sat Sep 12 2026 14:05:29 GMT+0700 (Indochina Time)
14894ac1-5348-4031-ab8f-1fa6f8d3af85,14894ac1-5348-4031-ab8f-1fa6f8d3af85,a397a9c4-472a-4109-a46d-710cd9895ae3,CREATE_NEW_PARTY,"{""reason"": ""no_existing_party"", ""persons_total"": 848, ""r0_census_date"": ""2026-09-12"", ""collision_check"": ""pass"", ""uuid_collisions"": 0, ""deterministic_duplicates"": 0, ""data_quality_missing_dob_pct"": 0.00, ""data_quality_missing_name_pct"": 0.00}",planned,Sat Sep 12 2026 14:05:28 GMT+0700 (Indochina Time),Sat Sep 12 2026 14:05:29 GMT+0700 (Indochina Time)
d390ba8f-7554-4c76-b372-0596be9bf6c4,d390ba8f-7554-4c76-b372-0596be9bf6c4,8ed21de3-1927-444a-8f25-f6cfec840e41,CREATE_NEW_PARTY,"{""reason"": ""no_existing_party"", ""persons_total"": 848, ""r0_census_date"": ""2026-09-12"", ""collision_check"": ""pass"", ""uuid_collisions"": 0, ""deterministic_duplicates"": 0, ""data_quality_missing_dob_pct"": 0.00, ""data_quality_missing_name_pct"": 0.00}",planned,Sat Sep 12 2026 14:05:28 GMT+0700 (Indochina Time),Sat Sep 12 2026 14:05:29 GMT+0700 (Indochina Time)
7d08fa91-2f91-42f8-8016-86e6c13477cb,7d08fa91-2f91-42f8-8016-86e6c13477cb,744233a3-4869-4e77-9e41-822f7edad2cb,CREATE_NEW_PARTY,"{""reason"": ""no_existing_party"", ""persons_total"": 848, ""r0_census_date"": ""2026-09-12"", ""collision_check"": ""pass"", ""uuid_collisions"": 0, ""deterministic_duplicates"": 0, ""data_quality_missing_dob_pct"": 0.00, ""data_quality_missing_name_pct"": 0.00}",planned,Sat Sep 12 2026 14:05:28 GMT+0700 (Indochina Time),Sat Sep 12 2026 14:05:29 GMT+0700 (Indochina Time)
5d3b3ca3-6fa5-46e8-8670-42d192e4e4e1,5d3b3ca3-6fa5-46e8-8670-42d192e4e4e1,a09f7466-43cb-4720-9906-3fa79ebb78a5,CREATE_NEW_PARTY,"{""reason"": ""no_existing_party"", ""persons_total"": 848, ""r0_census_date"": ""2026-09-12"", ""collision_check"": ""pass"", ""uuid_collisions"": 0, ""deterministic_duplicates"": 0, ""data_quality_missing_dob_pct"": 0.00, ""data_quality_missing_name_pct"": 0.00}",planned,Sat Sep 12 2026 14:05:28 GMT+0700 (Indochina Time),Sat Sep 12 2026 14:05:29 GMT+0700 (Indochina Time)
c79a0049-73c4-462e-b102-0ebb7e390d4b,c79a0049-73c4-462e-b102-0ebb7e390d4b,5716d6fb-e6bb-4884-bb91-cef40f702713,CREATE_NEW_PARTY,"{""reason"": ""no_existing_party"", ""persons_total"": 848, ""r0_census_date"": ""2026-09-12"", ""collision_check"": ""pass"", ""uuid_collisions"": 0, ""deterministic_duplicates"": 0, ""data_quality_missing_dob_pct"": 0.00, ""data_quality_missing_name_pct"": 0.00}",planned,Sat Sep 12 2026 14:05:28 GMT+0700 (Indochina Time),Sat Sep 12 2026 14:05:29 GMT+0700 (Indochina Time)
dd769f4b-c820-41fd-b352-021e8a2c0cee,dd769f4b-c820-41fd-b352-021e8a2c0cee,a09f7466-43cb-4720-9906-3fa79ebb78a5,CREATE_NEW_PARTY,"{""reason"": ""no_existing_party"", ""persons_total"": 848, ""r0_census_date"": ""2026-09-12"", ""collision_check"": ""pass"", ""uuid_collisions"": 0, ""deterministic_duplicates"": 0, ""data_quality_missing_dob_pct"": 0.00, ""data_quality_missing_name_pct"": 0.00}",planned,Sat Sep 12 2026 14:05:28 GMT+0700 (Indochina Time),Sat Sep 12 2026 14:05:29 GMT+0700 (Indochina Time)
d62a6b59-05a4-487e-abe7-a4ed8cd58b33,d62a6b59-05a4-487e-abe7-a4ed8cd58b33,b5819528-9644-4215-bf6c-4c5092194285,CREATE_NEW_PARTY,"{""reason"": ""no_existing_party"", ""persons_total"": 848, ""r0_census_date"": ""2026-09-12"", ""collision_check"": ""pass"", ""uuid_collisions"": 0, ""deterministic_duplicates"": 0, ""data_quality_missing_dob_pct"": 0.00, ""data_quality_missing_name_pct"": 0.00}",planned,Sat Sep 12 2026 14:05:28 GMT+0700 (Indochina Time),Sat Sep 12 2026 14:05:29 GMT+0700 (Indochina Time)
8b2feda2-fed8-4c39-832a-638f7410e717,8b2feda2-fed8-4c39-832a-638f7410e717,5716d6fb-e6bb-4884-bb91-cef40f702713,CREATE_NEW_PARTY,"{""reason"": ""no_existing_party"", ""persons_total"": 848, ""r0_census_date"": ""2026-09-12"", ""collision_check"": ""pass"", ""uuid_collisions"": 0, ""deterministic_duplicates"": 0, ""data_quality_missing_dob_pct"": 0.00, ""data_quality_missing_name_pct"": 0.00}",planned,Sat Sep 12 2026 14:05:28 GMT+0700 (Indochina Time),Sat Sep 12 2026 14:05:29 GMT+0700 (Indochina Time)
f3b239ba-dd15-465c-82b9-e13450c8774e,f3b239ba-dd15-465c-82b9-e13450c8774e,b5819528-9644-4215-bf6c-4c5092194285,CREATE_NEW_PARTY,"{""reason"": ""no_existing_party"", ""persons_total"": 848, ""r0_census_date"": ""2026-09-12"", ""collision_check"": ""pass"", ""uuid_collisions"": 0, ""deterministic_duplicates"": 0, ""data_quality_missing_dob_pct"": 0.00, ""data_quality_missing_name_pct"": 0.00}",planned,Sat Sep 12 2026 14:05:28 GMT+0700 (Indochina Time),Sat Sep 12 2026 14:05:29 GMT+0700 (Indochina Time)
3aea4990-3611-4425-af74-24c8de4a7524,3aea4990-3611-4425-af74-24c8de4a7524,5716d6fb-e6bb-4884-bb91-cef40f702713,CREATE_NEW_PARTY,"{""reason"": ""no_existing_party"", ""persons_total"": 848, ""r0_census_date"": ""2026-09-12"", ""collision_check"": ""pass"", ""uuid_collisions"": 0, ""deterministic_duplicates"": 0, ""data_quality_missing_dob_pct"": 0.00, ""data_quality_missing_name_pct"": 0.00}",planned,Sat Sep 12 2026 14:05:28 GMT+0700 (Indochina Time),Sat Sep 12 2026 14:05:29 GMT+0700 (Indochina Time)
510cf4cd-c110-4ea4-a751-3b0c00258b99,510cf4cd-c110-4ea4-a751-3b0c00258b99,89d41be1-491c-42dd-ae2a-51e7571ca804,CREATE_NEW_PARTY,"{""reason"": ""no_existing_party"", ""persons_total"": 848, ""r0_census_date"": ""2026-09-12"", ""collision_check"": ""pass"", ""uuid_collisions"": 0, ""deterministic_duplicates"": 0, ""data_quality_missing_dob_pct"": 0.00, ""data_quality_missing_name_pct"": 0.00}",planned,Sat Sep 12 2026 14:05:28 GMT+0700 (Indochina Time),Sat Sep 12 2026 14:05:29 GMT+0700 (Indochina Time)
f1b15dc5-b513-4782-9cb5-b6d7e0898742,f1b15dc5-b513-4782-9cb5-b6d7e0898742,43751f8b-c907-4eaf-be2f-4faf34d82b50,CREATE_NEW_PARTY,"{""reason"": ""no_existing_party"", ""persons_total"": 848, ""r0_census_date"": ""2026-09-12"", ""collision_check"": ""pass"", ""uuid_collisions"": 0, ""deterministic_duplicates"": 0, ""data_quality_missing_dob_pct"": 0.00, ""data_quality_missing_name_pct"": 0.00}",planned,Sat Sep 12 2026 14:05:28 GMT+0700 (Indochina Time),Sat Sep 12 2026 14:05:29 GMT+0700 (Indochina Time)
1351b816-3097-4dd1-b749-d5be20dea8cf,1351b816-3097-4dd1-b749-d5be20dea8cf,4fce35f3-34b2-4dcd-ab09-8fbb1c7e2133,CREATE_NEW_PARTY,"{""reason"": ""no_existing_party"", ""persons_total"": 848, ""r0_census_date"": ""2026-09-12"", ""collision_check"": ""pass"", ""uuid_collisions"": 0, ""deterministic_duplicates"": 0, ""data_quality_missing_dob_pct"": 0.00, ""data_quality_missing_name_pct"": 0.00}",planned,Sat Sep 12 2026 14:05:28 GMT+0700 (Indochina Time),Sat Sep 12 2026 14:05:29 GMT+0700 (Indochina Time)
e7931940-a0f8-4fcc-9290-1f87a1bb72a5,e7931940-a0f8-4fcc-9290-1f87a1bb72a5,4fce35f3-34b2-4dcd-ab09-8fbb1c7e2133,CREATE_NEW_PARTY,"{""reason"": ""no_existing_party"", ""persons_total"": 848, ""r0_census_date"": ""2026-09-12"", ""collision_check"": ""pass"", ""uuid_collisions"": 0, ""deterministic_duplicates"": 0, ""data_quality_missing_dob_pct"": 0.00, ""data_quality_missing_name_pct"": 0.00}",planned,Sat Sep 12 2026 14:05:28 GMT+0700 (Indochina Time),Sat Sep 12 2026 14:05:29 GMT+0700 (Indochina Time)
355cddf4-8d88-4a42-8718-959e3be7fdc4,355cddf4-8d88-4a42-8718-959e3be7fdc4,4fce35f3-34b2-4dcd-ab09-8fbb1c7e2133,CREATE_NEW_PARTY,"{""reason"": ""no_existing_party"", ""persons_total"": 848, ""r0_census_date"": ""2026-09-12"", ""collision_check"": ""pass"", ""uuid_collisions"": 0, ""deterministic_duplicates"": 0, ""data_quality_missing_dob_pct"": 0.00, ""data_quality_missing_name_pct"": 0.00}",planned,Sat Sep 12 2026 14:05:28 GMT+0700 (Indochina Time),Sat Sep 12 2026 14:05:29 GMT+0700 (Indochina Time)
047131fb-c66e-4b9f-a4d6-d6702faa79c9,047131fb-c66e-4b9f-a4d6-d6702faa79c9,10227150-a315-4d0a-b2d4-3d99ec36a51a,CREATE_NEW_PARTY,"{""reason"": ""no_existing_party"", ""persons_total"": 848, ""r0_census_date"": ""2026-09-12"", ""collision_check"": ""pass"", ""uuid_collisions"": 0, ""deterministic_duplicates"": 0, ""data_quality_missing_dob_pct"": 0.00, ""data_quality_missing_name_pct"": 0.00}",planned,Sat Sep 12 2026 14:05:28 GMT+0700 (Indochina Time),Sat Sep 12 2026 14:05:29 GMT+0700 (Indochina Time)
d92804b5-b885-456d-9dd6-e9b57ae4c97c,d92804b5-b885-456d-9dd6-e9b57ae4c97c,a70c3554-6175-4de9-af77-afbdba53413c,CREATE_NEW_PARTY,"{""reason"": ""no_existing_party"", ""persons_total"": 848, ""r0_census_date"": ""2026-09-12"", ""collision_check"": ""pass"", ""uuid_collisions"": 0, ""deterministic_duplicates"": 0, ""data_quality_missing_dob_pct"": 0.00, ""data_quality_missing_name_pct"": 0.00}",planned,Sat Sep 12 2026 14:05:28 GMT+0700 (Indochina Time),Sat Sep 12 2026 14:05:29 GMT+0700 (Indochina Time)
d2b146a4-cdda-4f3d-b401-50f45fdee792,d2b146a4-cdda-4f3d-b401-50f45fdee792,b6a0a9d7-8dad-49a9-a819-75aaca528c22,CREATE_NEW_PARTY,"{""reason"": ""no_existing_party"", ""persons_total"": 848, ""r0_census_date"": ""2026-09-12"", ""collision_check"": ""pass"", ""uuid_collisions"": 0, ""deterministic_duplicates"": 0, ""data_quality_missing_dob_pct"": 0.00, ""data_quality_missing_name_pct"": 0.00}",planned,Sat Sep 12 2026 14:05:28 GMT+0700 (Indochina Time),Sat Sep 12 2026 14:05:29 GMT+0700 (Indochina Time)
3909f878-6cda-474b-b91e-7f5e446f3719,3909f878-6cda-474b-b91e-7f5e446f3719,918b0c97-51d1-44e2-b0ae-e9b0c2752d85,CREATE_NEW_PARTY,"{""reason"": ""no_existing_party"", ""persons_total"": 848, ""r0_census_date"": ""2026-09-12"", ""collision_check"": ""pass"", ""uuid_collisions"": 0, ""deterministic_duplicates"": 0, ""data_quality_missing_dob_pct"": 0.00, ""data_quality_missing_name_pct"": 0.00}",planned,Sat Sep 12 2026 14:05:28 GMT+0700 (Indochina Time),Sat Sep 12 2026 14:05:29 GMT+0700 (Indochina Time)
0d9543b1-e64a-48bf-9cd8-f25e14f49c60,0d9543b1-e64a-48bf-9cd8-f25e14f49c60,a70c3554-6175-4de9-af77-afbdba53413c,CREATE_NEW_PARTY,"{""reason"": ""no_existing_party"", ""persons_total"": 848, ""r0_census_date"": ""2026-09-12"", ""collision_check"": ""pass"", ""uuid_collisions"": 0, ""deterministic_duplicates"": 0, ""data_quality_missing_dob_pct"": 0.00, ""data_quality_missing_name_pct"": 0.00}",planned,Sat Sep 12 2026 14:05:28 GMT+0700 (Indochina Time),Sat Sep 12 2026 14:05:29 GMT+0700 (Indochina Time)
6233b961-c088-4f25-b837-6721061bb3b3,6233b961-c088-4f25-b837-6721061bb3b3,87c85a9f-a86c-4276-8361-f38e46c80cbe,CREATE_NEW_PARTY,"{""reason"": ""no_existing_party"", ""persons_total"": 848, ""r0_census_date"": ""2026-09-12"", ""collision_check"": ""pass"", ""uuid_collisions"": 0, ""deterministic_duplicates"": 0, ""data_quality_missing_dob_pct"": 0.00, ""data_quality_missing_name_pct"": 0.00}",planned,Sat Sep 12 2026 14:05:28 GMT+0700 (Indochina Time),Sat Sep 12 2026 14:05:29 GMT+0700 (Indochina Time)
cc6c0e10-9cb6-4cd7-bb09-8945ee62fd69,cc6c0e10-9cb6-4cd7-bb09-8945ee62fd69,918b0c97-51d1-44e2-b0ae-e9b0c2752d85,CREATE_NEW_PARTY,"{""reason"": ""no_existing_party"", ""persons_total"": 848, ""r0_census_date"": ""2026-09-12"", ""collision_check"": ""pass"", ""uuid_collisions"": 0, ""deterministic_duplicates"": 0, ""data_quality_missing_dob_pct"": 0.00, ""data_quality_missing_name_pct"": 0.00}",planned,Sat Sep 12 2026 14:05:28 GMT+0700 (Indochina Time),Sat Sep 12 2026 14:05:29 GMT+0700 (Indochina Time)
b49359e8-32c5-44fc-ae43-47553283e80f,b49359e8-32c5-44fc-ae43-47553283e80f,94282e18-b1ac-47b1-86c7-efa6bfa7a51c,CREATE_NEW_PARTY,"{""reason"": ""no_existing_party"", ""persons_total"": 848, ""r0_census_date"": ""2026-09-12"", ""collision_check"": ""pass"", ""uuid_collisions"": 0, ""deterministic_duplicates"": 0, ""data_quality_missing_dob_pct"": 0.00, ""data_quality_missing_name_pct"": 0.00}",planned,Sat Sep 12 2026 14:05:28 GMT+0700 (Indochina Time),Sat Sep 12 2026 14:05:29 GMT+0700 (Indochina Time)
8ae25473-e623-4006-b192-0610da204e76,8ae25473-e623-4006-b192-0610da204e76,918b0c97-51d1-44e2-b0ae-e9b0c2752d85,CREATE_NEW_PARTY,"{""reason"": ""no_existing_party"", ""persons_total"": 848, ""r0_census_date"": ""2026-09-12"", ""collision_check"": ""pass"", ""uuid_collisions"": 0, ""deterministic_duplicates"": 0, ""data_quality_missing_dob_pct"": 0.00, ""data_quality_missing_name_pct"": 0.00}",planned,Sat Sep 12 2026 14:05:28 GMT+0700 (Indochina Time),Sat Sep 12 2026 14:05:29 GMT+0700 (Indochina Time)
068b1151-4c14-46d5-8400-6d836f80d5dd,068b1151-4c14-46d5-8400-6d836f80d5dd,87c85a9f-a86c-4276-8361-f38e46c80cbe,CREATE_NEW_PARTY,"{""reason"": ""no_existing_party"", ""persons_total"": 848, ""r0_census_date"": ""2026-09-12"", ""collision_check"": ""pass"", ""uuid_collisions"": 0, ""deterministic_duplicates"": 0, ""data_quality_missing_dob_pct"": 0.00, ""data_quality_missing_name_pct"": 0.00}",planned,Sat Sep 12 2026 14:05:28 GMT+0700 (Indochina Time),Sat Sep 12 2026 14:05:29 GMT+0700 (Indochina Time)
bf75e21e-3986-47f9-9d17-b8ec6d1ddd35,bf75e21e-3986-47f9-9d17-b8ec6d1ddd35,94282e18-b1ac-47b1-86c7-efa6bfa7a51c,CREATE_NEW_PARTY,"{""reason"": ""no_existing_party"", ""persons_total"": 848, ""r0_census_date"": ""2026-09-12"", ""collision_check"": ""pass"", ""uuid_collisions"": 0, ""deterministic_duplicates"": 0, ""data_quality_missing_dob_pct"": 0.00, ""data_quality_missing_name_pct"": 0.00}",planned,Sat Sep 12 2026 14:05:28 GMT+0700 (Indochina Time),Sat Sep 12 2026 14:05:29 GMT+0700 (Indochina Time)
9dfae9ac-e8b4-428a-aec7-03971576d81d,9dfae9ac-e8b4-428a-aec7-03971576d81d,befa177b-a494-43ec-979d-5c952ba53e9f,CREATE_NEW_PARTY,"{""reason"": ""no_existing_party"", ""persons_total"": 848, ""r0_census_date"": ""2026-09-12"", ""collision_check"": ""pass"", ""uuid_collisions"": 0, ""deterministic_duplicates"": 0, ""data_quality_missing_dob_pct"": 0.00, ""data_quality_missing_name_pct"": 0.00}",planned,Sat Sep 12 2026 14:05:28 GMT+0700 (Indochina Time),Sat Sep 12 2026 14:05:29 GMT+0700 (Indochina Time)
29570fde-14fb-49d5-89f6-d2bfde9019df,29570fde-14fb-49d5-89f6-d2bfde9019df,94282e18-b1ac-47b1-86c7-efa6bfa7a51c,CREATE_NEW_PARTY,"{""reason"": ""no_existing_party"", ""persons_total"": 848, ""r0_census_date"": ""2026-09-12"", ""collision_check"": ""pass"", ""uuid_collisions"": 0, ""deterministic_duplicates"": 0, ""data_quality_missing_dob_pct"": 0.00, ""data_quality_missing_name_pct"": 0.00}",planned,Sat Sep 12 2026 14:05:28 GMT+0700 (Indochina Time),Sat Sep 12 2026 14:05:29 GMT+0700 (Indochina Time)
0f2882dd-0741-43ce-8a3f-bd1bd6c296c1,0f2882dd-0741-43ce-8a3f-bd1bd6c296c1,4f103696-2034-4733-b404-8ecb6ad5c8ae,CREATE_NEW_PARTY,"{""reason"": ""no_existing_party"", ""persons_total"": 848, ""r0_census_date"": ""2026-09-12"", ""collision_check"": ""pass"", ""uuid_collisions"": 0, ""deterministic_duplicates"": 0, ""data_quality_missing_dob_pct"": 0.00, ""data_quality_missing_name_pct"": 0.00}",planned,Sat Sep 12 2026 14:05:28 GMT+0700 (Indochina Time),Sat Sep 12 2026 14:05:29 GMT+0700 (Indochina Time)
878cb9ef-4f60-4222-93ee-720fa338a117,878cb9ef-4f60-4222-93ee-720fa338a117,2187fca7-c9f0-41f4-b351-9980058532d0,CREATE_NEW_PARTY,"{""reason"": ""no_existing_party"", ""persons_total"": 848, ""r0_census_date"": ""2026-09-12"", ""collision_check"": ""pass"", ""uuid_collisions"": 0, ""deterministic_duplicates"": 0, ""data_quality_missing_dob_pct"": 0.00, ""data_quality_missing_name_pct"": 0.00}",planned,Sat Sep 12 2026 14:05:28 GMT+0700 (Indochina Time),Sat Sep 12 2026 14:05:29 GMT+0700 (Indochina Time)
6e6a67b3-9abc-4046-a3f9-fcf6c20b6bc9,6e6a67b3-9abc-4046-a3f9-fcf6c20b6bc9,7c3fa1b0-2b8a-4381-97af-7c98a06133f2,CREATE_NEW_PARTY,"{""reason"": ""no_existing_party"", ""persons_total"": 848, ""r0_census_date"": ""2026-09-12"", ""collision_check"": ""pass"", ""uuid_collisions"": 0, ""deterministic_duplicates"": 0, ""data_quality_missing_dob_pct"": 0.00, ""data_quality_missing_name_pct"": 0.00}",planned,Sat Sep 12 2026 14:05:28 GMT+0700 (Indochina Time),Sat Sep 12 2026 14:05:29 GMT+0700 (Indochina Time)
cca0ed81-05b0-4d1a-a015-00688f893e06,cca0ed81-05b0-4d1a-a015-00688f893e06,7c3fa1b0-2b8a-4381-97af-7c98a06133f2,CREATE_NEW_PARTY,"{""reason"": ""no_existing_party"", ""persons_total"": 848, ""r0_census_date"": ""2026-09-12"", ""collision_check"": ""pass"", ""uuid_collisions"": 0, ""deterministic_duplicates"": 0, ""data_quality_missing_dob_pct"": 0.00, ""data_quality_missing_name_pct"": 0.00}",planned,Sat Sep 12 2026 14:05:28 GMT+0700 (Indochina Time),Sat Sep 12 2026 14:05:29 GMT+0700 (Indochina Time)
bf159772-e9b1-4169-842d-b87192bd7818,bf159772-e9b1-4169-842d-b87192bd7818,b9ce2adb-0dee-48f8-8c4b-82e0636fdb25,CREATE_NEW_PARTY,"{""reason"": ""no_existing_party"", ""persons_total"": 848, ""r0_census_date"": ""2026-09-12"", ""collision_check"": ""pass"", ""uuid_collisions"": 0, ""deterministic_duplicates"": 0, ""data_quality_missing_dob_pct"": 0.00, ""data_quality_missing_name_pct"": 0.00}",planned,Sat Sep 12 2026 14:05:28 GMT+0700 (Indochina Time),Sat Sep 12 2026 14:05:29 GMT+0700 (Indochina Time)
d3612aa6-4feb-4b35-8929-6062705d4ab1,d3612aa6-4feb-4b35-8929-6062705d4ab1,d360d09f-89ba-4d46-8223-5c1acb199ad2,CREATE_NEW_PARTY,"{""reason"": ""no_existing_party"", ""persons_total"": 848, ""r0_census_date"": ""2026-09-12"", ""collision_check"": ""pass"", ""uuid_collisions"": 0, ""deterministic_duplicates"": 0, ""data_quality_missing_dob_pct"": 0.00, ""data_quality_missing_name_pct"": 0.00}",planned,Sat Sep 12 2026 14:05:28 GMT+0700 (Indochina Time),Sat Sep 12 2026 14:05:29 GMT+0700 (Indochina Time)
4bcfd3b0-e16c-4d12-99da-fc46a5b906eb,4bcfd3b0-e16c-4d12-99da-fc46a5b906eb,b9ce2adb-0dee-48f8-8c4b-82e0636fdb25,CREATE_NEW_PARTY,"{""reason"": ""no_existing_party"", ""persons_total"": 848, ""r0_census_date"": ""2026-09-12"", ""collision_check"": ""pass"", ""uuid_collisions"": 0, ""deterministic_duplicates"": 0, ""data_quality_missing_dob_pct"": 0.00, ""data_quality_missing_name_pct"": 0.00}",planned,Sat Sep 12 2026 14:05:28 GMT+0700 (Indochina Time),Sat Sep 12 2026 14:05:29 GMT+0700 (Indochina Time)
c42b31d5-b770-4fbe-9257-508518c5d75d,c42b31d5-b770-4fbe-9257-508518c5d75d,f6e08852-b3b0-4f28-9754-106e52a74ce7,CREATE_NEW_PARTY,"{""reason"": ""no_existing_party"", ""persons_total"": 848, ""r0_census_date"": ""2026-09-12"", ""collision_check"": ""pass"", ""uuid_collisions"": 0, ""deterministic_duplicates"": 0, ""data_quality_missing_dob_pct"": 0.00, ""data_quality_missing_name_pct"": 0.00}",planned,Sat Sep 12 2026 14:05:28 GMT+0700 (Indochina Time),Sat Sep 12 2026 14:05:29 GMT+0700 (Indochina Time)
5ef50d3f-cb89-4c4f-a1a4-8b441ddf8a68,5ef50d3f-cb89-4c4f-a1a4-8b441ddf8a68,d360d09f-89ba-4d46-8223-5c1acb199ad2,CREATE_NEW_PARTY,"{""reason"": ""no_existing_party"", ""persons_total"": 848, ""r0_census_date"": ""2026-09-12"", ""collision_check"": ""pass"", ""uuid_collisions"": 0, ""deterministic_duplicates"": 0, ""data_quality_missing_dob_pct"": 0.00, ""data_quality_missing_name_pct"": 0.00}",planned,Sat Sep 12 2026 14:05:28 GMT+0700 (Indochina Time),Sat Sep 12 2026 14:05:29 GMT+0700 (Indochina Time)
62c9d7c1-91fe-4520-b5d5-c9c231b91715,62c9d7c1-91fe-4520-b5d5-c9c231b91715,b9ce2adb-0dee-48f8-8c4b-82e0636fdb25,CREATE_NEW_PARTY,"{""reason"": ""no_existing_party"", ""persons_total"": 848, ""r0_census_date"": ""2026-09-12"", ""collision_check"": ""pass"", ""uuid_collisions"": 0, ""deterministic_duplicates"": 0, ""data_quality_missing_dob_pct"": 0.00, ""data_quality_missing_name_pct"": 0.00}",planned,Sat Sep 12 2026 14:05:28 GMT+0700 (Indochina Time),Sat Sep 12 2026 14:05:29 GMT+0700 (Indochina Time)
9bfe9245-8582-446d-b4bb-d259efa69bab,9bfe9245-8582-446d-b4bb-d259efa69bab,830da1d9-42bd-4829-8b13-7271868d094b,CREATE_NEW_PARTY,"{""reason"": ""no_existing_party"", ""persons_total"": 848, ""r0_census_date"": ""2026-09-12"", ""collision_check"": ""pass"", ""uuid_collisions"": 0, ""deterministic_duplicates"": 0, ""data_quality_missing_dob_pct"": 0.00, ""data_quality_missing_name_pct"": 0.00}",planned,Sat Sep 12 2026 14:05:28 GMT+0700 (Indochina Time),Sat Sep 12 2026 14:05:29 GMT+0700 (Indochina Time)
d1e679b0-1d05-4b00-b77c-10a269fa4570,d1e679b0-1d05-4b00-b77c-10a269fa4570,f6e08852-b3b0-4f28-9754-106e52a74ce7,CREATE_NEW_PARTY,"{""reason"": ""no_existing_party"", ""persons_total"": 848, ""r0_census_date"": ""2026-09-12"", ""collision_check"": ""pass"", ""uuid_collisions"": 0, ""deterministic_duplicates"": 0, ""data_quality_missing_dob_pct"": 0.00, ""data_quality_missing_name_pct"": 0.00}",planned,Sat Sep 12 2026 14:05:28 GMT+0700 (Indochina Time),Sat Sep 12 2026 14:05:29 GMT+0700 (Indochina Time)
1352624f-d98c-477e-84ee-f2ccfbd18c9d,1352624f-d98c-477e-84ee-f2ccfbd18c9d,f6e08852-b3b0-4f28-9754-106e52a74ce7,CREATE_NEW_PARTY,"{""reason"": ""no_existing_party"", ""persons_total"": 848, ""r0_census_date"": ""2026-09-12"", ""collision_check"": ""pass"", ""uuid_collisions"": 0, ""deterministic_duplicates"": 0, ""data_quality_missing_dob_pct"": 0.00, ""data_quality_missing_name_pct"": 0.00}",planned,Sat Sep 12 2026 14:05:28 GMT+0700 (Indochina Time),Sat Sep 12 2026 14:05:29 GMT+0700 (Indochina Time)
18a63588-f09a-4ca5-b649-cbd6bfd698d5,18a63588-f09a-4ca5-b649-cbd6bfd698d5,96f9a90b-9f8d-4b71-93f0-aedc4b0b058c,CREATE_NEW_PARTY,"{""reason"": ""no_existing_party"", ""persons_total"": 848, ""r0_census_date"": ""2026-09-12"", ""collision_check"": ""pass"", ""uuid_collisions"": 0, ""deterministic_duplicates"": 0, ""data_quality_missing_dob_pct"": 0.00, ""data_quality_missing_name_pct"": 0.00}",planned,Sat Sep 12 2026 14:05:28 GMT+0700 (Indochina Time),Sat Sep 12 2026 14:05:29 GMT+0700 (Indochina Time)
a4b239f8-5055-47fc-a9fa-3dab263b226e,a4b239f8-5055-47fc-a9fa-3dab263b226e,df9c55cb-31dd-453d-80e7-5244e30d5251,CREATE_NEW_PARTY,"{""reason"": ""no_existing_party"", ""persons_total"": 848, ""r0_census_date"": ""2026-09-12"", ""collision_check"": ""pass"", ""uuid_collisions"": 0, ""deterministic_duplicates"": 0, ""data_quality_missing_dob_pct"": 0.00, ""data_quality_missing_name_pct"": 0.00}",planned,Sat Sep 12 2026 14:05:28 GMT+0700 (Indochina Time),Sat Sep 12 2026 14:05:29 GMT+0700 (Indochina Time)
0fe25060-86f5-4a88-b896-07aaf4b47b50,0fe25060-86f5-4a88-b896-07aaf4b47b50,d79eccb3-f5b6-43dd-87a8-174b3f61e926,CREATE_NEW_PARTY,"{""reason"": ""no_existing_party"", ""persons_total"": 848, ""r0_census_date"": ""2026-09-12"", ""collision_check"": ""pass"", ""uuid_collisions"": 0, ""deterministic_duplicates"": 0, ""data_quality_missing_dob_pct"": 0.00, ""data_quality_missing_name_pct"": 0.00}",planned,Sat Sep 12 2026 14:05:28 GMT+0700 (Indochina Time),Sat Sep 12 2026 14:05:29 GMT+0700 (Indochina Time)
198f9fbe-5862-4fb5-9c1c-3d3b04689d64,198f9fbe-5862-4fb5-9c1c-3d3b04689d64,b96e3949-760d-4ca4-8f5e-6d3be582f094,CREATE_NEW_PARTY,"{""reason"": ""no_existing_party"", ""persons_total"": 848, ""r0_census_date"": ""2026-09-12"", ""collision_check"": ""pass"", ""uuid_collisions"": 0, ""deterministic_duplicates"": 0, ""data_quality_missing_dob_pct"": 0.00, ""data_quality_missing_name_pct"": 0.00}",planned,Sat Sep 12 2026 14:05:28 GMT+0700 (Indochina Time),Sat Sep 12 2026 14:05:29 GMT+0700 (Indochina Time)
1c0d26e4-019f-4805-b1d1-df11c77b4865,1c0d26e4-019f-4805-b1d1-df11c77b4865,45e1baa4-eacb-45d9-895e-8ccd84604030,CREATE_NEW_PARTY,"{""reason"": ""no_existing_party"", ""persons_total"": 848, ""r0_census_date"": ""2026-09-12"", ""collision_check"": ""pass"", ""uuid_collisions"": 0, ""deterministic_duplicates"": 0, ""data_quality_missing_dob_pct"": 0.00, ""data_quality_missing_name_pct"": 0.00}",planned,Sat Sep 12 2026 14:05:28 GMT+0700 (Indochina Time),Sat Sep 12 2026 14:05:29 GMT+0700 (Indochina Time)
31211b93-9d30-4611-a41c-c6a170fb1be0,31211b93-9d30-4611-a41c-c6a170fb1be0,d79eccb3-f5b6-43dd-87a8-174b3f61e926,CREATE_NEW_PARTY,"{""reason"": ""no_existing_party"", ""persons_total"": 848, ""r0_census_date"": ""2026-09-12"", ""collision_check"": ""pass"", ""uuid_collisions"": 0, ""deterministic_duplicates"": 0, ""data_quality_missing_dob_pct"": 0.00, ""data_quality_missing_name_pct"": 0.00}",planned,Sat Sep 12 2026 14:05:28 GMT+0700 (Indochina Time),Sat Sep 12 2026 14:05:29 GMT+0700 (Indochina Time)
b1c7422b-fed0-46f5-b815-42f391c75cea,b1c7422b-fed0-46f5-b815-42f391c75cea,b96e3949-760d-4ca4-8f5e-6d3be582f094,CREATE_NEW_PARTY,"{""reason"": ""no_existing_party"", ""persons_total"": 848, ""r0_census_date"": ""2026-09-12"", ""collision_check"": ""pass"", ""uuid_collisions"": 0, ""deterministic_duplicates"": 0, ""data_quality_missing_dob_pct"": 0.00, ""data_quality_missing_name_pct"": 0.00}",planned,Sat Sep 12 2026 14:05:28 GMT+0700 (Indochina Time),Sat Sep 12 2026 14:05:29 GMT+0700 (Indochina Time)
e522db4d-33ab-4c10-817b-89d5cc44a710,e522db4d-33ab-4c10-817b-89d5cc44a710,45e1baa4-eacb-45d9-895e-8ccd84604030,CREATE_NEW_PARTY,"{""reason"": ""no_existing_party"", ""persons_total"": 848, ""r0_census_date"": ""2026-09-12"", ""collision_check"": ""pass"", ""uuid_collisions"": 0, ""deterministic_duplicates"": 0, ""data_quality_missing_dob_pct"": 0.00, ""data_quality_missing_name_pct"": 0.00}",planned,Sat Sep 12 2026 14:05:28 GMT+0700 (Indochina Time),Sat Sep 12 2026 14:05:29 GMT+0700 (Indochina Time)
71763303-9c96-47a9-9506-6d7dd5c977d5,71763303-9c96-47a9-9506-6d7dd5c977d5,60182e51-1867-4ce5-84c9-e47577fbfc58,CREATE_NEW_PARTY,"{""reason"": ""no_existing_party"", ""persons_total"": 848, ""r0_census_date"": ""2026-09-12"", ""collision_check"": ""pass"", ""uuid_collisions"": 0, ""deterministic_duplicates"": 0, ""data_quality_missing_dob_pct"": 0.00, ""data_quality_missing_name_pct"": 0.00}",planned,Sat Sep 12 2026 14:05:28 GMT+0700 (Indochina Time),Sat Sep 12 2026 14:05:29 GMT+0700 (Indochina Time)
43b3cde3-42db-449b-93bb-3ffc8e051162,43b3cde3-42db-449b-93bb-3ffc8e051162,b96e3949-760d-4ca4-8f5e-6d3be582f094,CREATE_NEW_PARTY,"{""reason"": ""no_existing_party"", ""persons_total"": 848, ""r0_census_date"": ""2026-09-12"", ""collision_check"": ""pass"", ""uuid_collisions"": 0, ""deterministic_duplicates"": 0, ""data_quality_missing_dob_pct"": 0.00, ""data_quality_missing_name_pct"": 0.00}",planned,Sat Sep 12 2026 14:05:28 GMT+0700 (Indochina Time),Sat Sep 12 2026 14:05:29 GMT+0700 (Indochina Time)
c1f9d18b-7a00-450c-b2d4-a9c8fa756474,c1f9d18b-7a00-450c-b2d4-a9c8fa756474,60182e51-1867-4ce5-84c9-e47577fbfc58,CREATE_NEW_PARTY,"{""reason"": ""no_existing_party"", ""persons_total"": 848, ""r0_census_date"": ""2026-09-12"", ""collision_check"": ""pass"", ""uuid_collisions"": 0, ""deterministic_duplicates"": 0, ""data_quality_missing_dob_pct"": 0.00, ""data_quality_missing_name_pct"": 0.00}",planned,Sat Sep 12 2026 14:05:28 GMT+0700 (Indochina Time),Sat Sep 12 2026 14:05:29 GMT+0700 (Indochina Time)
8b345711-263d-48a2-8397-caf784009ee9,8b345711-263d-48a2-8397-caf784009ee9,2c07b8ee-e75a-4335-90cf-c114d82fa392,CREATE_NEW_PARTY,"{""reason"": ""no_existing_party"", ""persons_total"": 848, ""r0_census_date"": ""2026-09-12"", ""collision_check"": ""pass"", ""uuid_collisions"": 0, ""deterministic_duplicates"": 0, ""data_quality_missing_dob_pct"": 0.00, ""data_quality_missing_name_pct"": 0.00}",planned,Sat Sep 12 2026 14:05:28 GMT+0700 (Indochina Time),Sat Sep 12 2026 14:05:29 GMT+0700 (Indochina Time)
e19bc87a-6d9f-41a0-9623-0122b3fcaeb5,e19bc87a-6d9f-41a0-9623-0122b3fcaeb5,60182e51-1867-4ce5-84c9-e47577fbfc58,CREATE_NEW_PARTY,"{""reason"": ""no_existing_party"", ""persons_total"": 848, ""r0_census_date"": ""2026-09-12"", ""collision_check"": ""pass"", ""uuid_collisions"": 0, ""deterministic_duplicates"": 0, ""data_quality_missing_dob_pct"": 0.00, ""data_quality_missing_name_pct"": 0.00}",planned,Sat Sep 12 2026 14:05:28 GMT+0700 (Indochina Time),Sat Sep 12 2026 14:05:29 GMT+0700 (Indochina Time)
450d0073-0f99-4a03-bd10-19968eae5da6,450d0073-0f99-4a03-bd10-19968eae5da6,fc9e2cac-882f-43f5-857e-2dd1eee71521,CREATE_NEW_PARTY,"{""reason"": ""no_existing_party"", ""persons_total"": 848, ""r0_census_date"": ""2026-09-12"", ""collision_check"": ""pass"", ""uuid_collisions"": 0, ""deterministic_duplicates"": 0, ""data_quality_missing_dob_pct"": 0.00, ""data_quality_missing_name_pct"": 0.00}",planned,Sat Sep 12 2026 14:05:28 GMT+0700 (Indochina Time),Sat Sep 12 2026 14:05:29 GMT+0700 (Indochina Time)
2178e7ca-30ce-49b5-9695-15fb071ecbe9,2178e7ca-30ce-49b5-9695-15fb071ecbe9,41aaa011-c907-4af9-8017-fa244e1ccac6,CREATE_NEW_PARTY,"{""reason"": ""no_existing_party"", ""persons_total"": 848, ""r0_census_date"": ""2026-09-12"", ""collision_check"": ""pass"", ""uuid_collisions"": 0, ""deterministic_duplicates"": 0, ""data_quality_missing_dob_pct"": 0.00, ""data_quality_missing_name_pct"": 0.00}",planned,Sat Sep 12 2026 14:05:28 GMT+0700 (Indochina Time),Sat Sep 12 2026 14:05:29 GMT+0700 (Indochina Time)
c70dbc73-640e-4223-8f3f-60bab8a63e87,c70dbc73-640e-4223-8f3f-60bab8a63e87,be0b6ece-0ef0-4f66-b37b-393e8d4f8daa,CREATE_NEW_PARTY,"{""reason"": ""no_existing_party"", ""persons_total"": 848, ""r0_census_date"": ""2026-09-12"", ""collision_check"": ""pass"", ""uuid_collisions"": 0, ""deterministic_duplicates"": 0, ""data_quality_missing_dob_pct"": 0.00, ""data_quality_missing_name_pct"": 0.00}",planned,Sat Sep 12 2026 14:05:28 GMT+0700 (Indochina Time),Sat Sep 12 2026 14:05:29 GMT+0700 (Indochina Time)
81b6c52e-1bd2-484f-8eb5-a03d85f00a65,81b6c52e-1bd2-484f-8eb5-a03d85f00a65,30eb4cfd-4df2-480f-8982-e1c23eea6046,CREATE_NEW_PARTY,"{""reason"": ""no_existing_party"", ""persons_total"": 848, ""r0_census_date"": ""2026-09-12"", ""collision_check"": ""pass"", ""uuid_collisions"": 0, ""deterministic_duplicates"": 0, ""data_quality_missing_dob_pct"": 0.00, ""data_quality_missing_name_pct"": 0.00}",planned,Sat Sep 12 2026 14:05:28 GMT+0700 (Indochina Time),Sat Sep 12 2026 14:05:29 GMT+0700 (Indochina Time)
5c410f37-2c20-4c26-be04-535241dfa222,5c410f37-2c20-4c26-be04-535241dfa222,e256beef-7337-486f-b862-4f22bb2da170,CREATE_NEW_PARTY,"{""reason"": ""no_existing_party"", ""persons_total"": 848, ""r0_census_date"": ""2026-09-12"", ""collision_check"": ""pass"", ""uuid_collisions"": 0, ""deterministic_duplicates"": 0, ""data_quality_missing_dob_pct"": 0.00, ""data_quality_missing_name_pct"": 0.00}",planned,Sat Sep 12 2026 14:05:28 GMT+0700 (Indochina Time),Sat Sep 12 2026 14:05:29 GMT+0700 (Indochina Time)
abb50ae1-5852-433c-81de-fb35583cd83a,abb50ae1-5852-433c-81de-fb35583cd83a,3b182669-b6d2-41a5-afe8-3bb20a3b3acc,CREATE_NEW_PARTY,"{""reason"": ""no_existing_party"", ""persons_total"": 848, ""r0_census_date"": ""2026-09-12"", ""collision_check"": ""pass"", ""uuid_collisions"": 0, ""deterministic_duplicates"": 0, ""data_quality_missing_dob_pct"": 0.00, ""data_quality_missing_name_pct"": 0.00}",planned,Sat Sep 12 2026 14:05:28 GMT+0700 (Indochina Time),Sat Sep 12 2026 14:05:29 GMT+0700 (Indochina Time)
3af74d9f-8440-4c2e-9d80-37da37c0645d,3af74d9f-8440-4c2e-9d80-37da37c0645d,30eb4cfd-4df2-480f-8982-e1c23eea6046,CREATE_NEW_PARTY,"{""reason"": ""no_existing_party"", ""persons_total"": 848, ""r0_census_date"": ""2026-09-12"", ""collision_check"": ""pass"", ""uuid_collisions"": 0, ""deterministic_duplicates"": 0, ""data_quality_missing_dob_pct"": 0.00, ""data_quality_missing_name_pct"": 0.00}",planned,Sat Sep 12 2026 14:05:28 GMT+0700 (Indochina Time),Sat Sep 12 2026 14:05:29 GMT+0700 (Indochina Time)
924ad6bf-8575-4a80-91e3-b1c8d13109f1,924ad6bf-8575-4a80-91e3-b1c8d13109f1,41aaa011-c907-4af9-8017-fa244e1ccac6,CREATE_NEW_PARTY,"{""reason"": ""no_existing_party"", ""persons_total"": 848, ""r0_census_date"": ""2026-09-12"", ""collision_check"": ""pass"", ""uuid_collisions"": 0, ""deterministic_duplicates"": 0, ""data_quality_missing_dob_pct"": 0.00, ""data_quality_missing_name_pct"": 0.00}",planned,Sat Sep 12 2026 14:05:28 GMT+0700 (Indochina Time),Sat Sep 12 2026 14:05:29 GMT+0700 (Indochina Time)
38166a09-bbe4-4c6c-91b2-825c538bdbc3,38166a09-bbe4-4c6c-91b2-825c538bdbc3,e256beef-7337-486f-b862-4f22bb2da170,CREATE_NEW_PARTY,"{""reason"": ""no_existing_party"", ""persons_total"": 848, ""r0_census_date"": ""2026-09-12"", ""collision_check"": ""pass"", ""uuid_collisions"": 0, ""deterministic_duplicates"": 0, ""data_quality_missing_dob_pct"": 0.00, ""data_quality_missing_name_pct"": 0.00}",planned,Sat Sep 12 2026 14:05:28 GMT+0700 (Indochina Time),Sat Sep 12 2026 14:05:29 GMT+0700 (Indochina Time)
0b4daba8-fd6d-4b3b-8aed-cd48497d728d,0b4daba8-fd6d-4b3b-8aed-cd48497d728d,3b182669-b6d2-41a5-afe8-3bb20a3b3acc,CREATE_NEW_PARTY,"{""reason"": ""no_existing_party"", ""persons_total"": 848, ""r0_census_date"": ""2026-09-12"", ""collision_check"": ""pass"", ""uuid_collisions"": 0, ""deterministic_duplicates"": 0, ""data_quality_missing_dob_pct"": 0.00, ""data_quality_missing_name_pct"": 0.00}",planned,Sat Sep 12 2026 14:05:28 GMT+0700 (Indochina Time),Sat Sep 12 2026 14:05:29 GMT+0700 (Indochina Time)
9cbaf1cd-56a5-4e71-a8fe-29facc3f04fc,9cbaf1cd-56a5-4e71-a8fe-29facc3f04fc,e256beef-7337-486f-b862-4f22bb2da170,CREATE_NEW_PARTY,"{""reason"": ""no_existing_party"", ""persons_total"": 848, ""r0_census_date"": ""2026-09-12"", ""collision_check"": ""pass"", ""uuid_collisions"": 0, ""deterministic_duplicates"": 0, ""data_quality_missing_dob_pct"": 0.00, ""data_quality_missing_name_pct"": 0.00}",planned,Sat Sep 12 2026 14:05:28 GMT+0700 (Indochina Time),Sat Sep 12 2026 14:05:29 GMT+0700 (Indochina Time)
9779e731-6071-4cf7-8027-4545f6246357,9779e731-6071-4cf7-8027-4545f6246357,3b182669-b6d2-41a5-afe8-3bb20a3b3acc,CREATE_NEW_PARTY,"{""reason"": ""no_existing_party"", ""persons_total"": 848, ""r0_census_date"": ""2026-09-12"", ""collision_check"": ""pass"", ""uuid_collisions"": 0, ""deterministic_duplicates"": 0, ""data_quality_missing_dob_pct"": 0.00, ""data_quality_missing_name_pct"": 0.00}",planned,Sat Sep 12 2026 14:05:28 GMT+0700 (Indochina Time),Sat Sep 12 2026 14:05:29 GMT+0700 (Indochina Time)
b90d6583-182d-4821-aab6-7719843e32ff,b90d6583-182d-4821-aab6-7719843e32ff,07491d28-36bb-4399-9f47-24d91c384c52,CREATE_NEW_PARTY,"{""reason"": ""no_existing_party"", ""persons_total"": 848, ""r0_census_date"": ""2026-09-12"", ""collision_check"": ""pass"", ""uuid_collisions"": 0, ""deterministic_duplicates"": 0, ""data_quality_missing_dob_pct"": 0.00, ""data_quality_missing_name_pct"": 0.00}",planned,Sat Sep 12 2026 14:05:28 GMT+0700 (Indochina Time),Sat Sep 12 2026 14:05:29 GMT+0700 (Indochina Time)
5dae4e73-6e46-48ae-9b31-936e90ec0caa,5dae4e73-6e46-48ae-9b31-936e90ec0caa,ae12d3be-61e9-4a3f-9b79-3453046634eb,CREATE_NEW_PARTY,"{""reason"": ""no_existing_party"", ""persons_total"": 848, ""r0_census_date"": ""2026-09-12"", ""collision_check"": ""pass"", ""uuid_collisions"": 0, ""deterministic_duplicates"": 0, ""data_quality_missing_dob_pct"": 0.00, ""data_quality_missing_name_pct"": 0.00}",planned,Sat Sep 12 2026 14:05:28 GMT+0700 (Indochina Time),Sat Sep 12 2026 14:05:29 GMT+0700 (Indochina Time)
011ec62d-4085-41a1-9a88-2b24c20b6ead,011ec62d-4085-41a1-9a88-2b24c20b6ead,0f6a48e1-0d0a-4452-8786-adb00569e8e2,CREATE_NEW_PARTY,"{""reason"": ""no_existing_party"", ""persons_total"": 848, ""r0_census_date"": ""2026-09-12"", ""collision_check"": ""pass"", ""uuid_collisions"": 0, ""deterministic_duplicates"": 0, ""data_quality_missing_dob_pct"": 0.00, ""data_quality_missing_name_pct"": 0.00}",planned,Sat Sep 12 2026 14:05:28 GMT+0700 (Indochina Time),Sat Sep 12 2026 14:05:29 GMT+0700 (Indochina Time)
695c8e6f-645c-478b-8c4b-f5b4551c1b0a,695c8e6f-645c-478b-8c4b-f5b4551c1b0a,6182d3f9-1924-463f-b481-55720abe14d5,CREATE_NEW_PARTY,"{""reason"": ""no_existing_party"", ""persons_total"": 848, ""r0_census_date"": ""2026-09-12"", ""collision_check"": ""pass"", ""uuid_collisions"": 0, ""deterministic_duplicates"": 0, ""data_quality_missing_dob_pct"": 0.00, ""data_quality_missing_name_pct"": 0.00}",planned,Sat Sep 12 2026 14:05:28 GMT+0700 (Indochina Time),Sat Sep 12 2026 14:05:29 GMT+0700 (Indochina Time)
5bbec28d-97b7-4efe-8d1e-14d59755b318,5bbec28d-97b7-4efe-8d1e-14d59755b318,a8644c64-d1ee-4c3b-b432-67660be26222,CREATE_NEW_PARTY,"{""reason"": ""no_existing_party"", ""persons_total"": 848, ""r0_census_date"": ""2026-09-12"", ""collision_check"": ""pass"", ""uuid_collisions"": 0, ""deterministic_duplicates"": 0, ""data_quality_missing_dob_pct"": 0.00, ""data_quality_missing_name_pct"": 0.00}",planned,Sat Sep 12 2026 14:05:28 GMT+0700 (Indochina Time),Sat Sep 12 2026 14:05:29 GMT+0700 (Indochina Time)
f8dba21d-b2a8-4081-a017-57c7ed1c0215,f8dba21d-b2a8-4081-a017-57c7ed1c0215,5017cf2a-556d-412d-b553-0caf99ac6069,CREATE_NEW_PARTY,"{""reason"": ""no_existing_party"", ""persons_total"": 848, ""r0_census_date"": ""2026-09-12"", ""collision_check"": ""pass"", ""uuid_collisions"": 0, ""deterministic_duplicates"": 0, ""data_quality_missing_dob_pct"": 0.00, ""data_quality_missing_name_pct"": 0.00}",planned,Sat Sep 12 2026 14:05:28 GMT+0700 (Indochina Time),Sat Sep 12 2026 14:05:29 GMT+0700 (Indochina Time)
cacc1dfc-200c-4195-892d-30a824151b54,cacc1dfc-200c-4195-892d-30a824151b54,0f6a48e1-0d0a-4452-8786-adb00569e8e2,CREATE_NEW_PARTY,"{""reason"": ""no_existing_party"", ""persons_total"": 848, ""r0_census_date"": ""2026-09-12"", ""collision_check"": ""pass"", ""uuid_collisions"": 0, ""deterministic_duplicates"": 0, ""data_quality_missing_dob_pct"": 0.00, ""data_quality_missing_name_pct"": 0.00}",planned,Sat Sep 12 2026 14:05:28 GMT+0700 (Indochina Time),Sat Sep 12 2026 14:05:29 GMT+0700 (Indochina Time)
93b12575-b710-4600-84ec-f96bd41e45ee,93b12575-b710-4600-84ec-f96bd41e45ee,71b981dd-84e6-4286-9f3b-6af31ac6e7be,CREATE_NEW_PARTY,"{""reason"": ""no_existing_party"", ""persons_total"": 848, ""r0_census_date"": ""2026-09-12"", ""collision_check"": ""pass"", ""uuid_collisions"": 0, ""deterministic_duplicates"": 0, ""data_quality_missing_dob_pct"": 0.00, ""data_quality_missing_name_pct"": 0.00}",planned,Sat Sep 12 2026 14:05:28 GMT+0700 (Indochina Time),Sat Sep 12 2026 14:05:29 GMT+0700 (Indochina Time)
267ccded-5c96-4910-8b60-82c25af16a64,267ccded-5c96-4910-8b60-82c25af16a64,a8644c64-d1ee-4c3b-b432-67660be26222,CREATE_NEW_PARTY,"{""reason"": ""no_existing_party"", ""persons_total"": 848, ""r0_census_date"": ""2026-09-12"", ""collision_check"": ""pass"", ""uuid_collisions"": 0, ""deterministic_duplicates"": 0, ""data_quality_missing_dob_pct"": 0.00, ""data_quality_missing_name_pct"": 0.00}",planned,Sat Sep 12 2026 14:05:28 GMT+0700 (Indochina Time),Sat Sep 12 2026 14:05:29 GMT+0700 (Indochina Time)
49172dee-f2ba-4922-a32f-b34a64e87c1e,49172dee-f2ba-4922-a32f-b34a64e87c1e,5017cf2a-556d-412d-b553-0caf99ac6069,CREATE_NEW_PARTY,"{""reason"": ""no_existing_party"", ""persons_total"": 848, ""r0_census_date"": ""2026-09-12"", ""collision_check"": ""pass"", ""uuid_collisions"": 0, ""deterministic_duplicates"": 0, ""data_quality_missing_dob_pct"": 0.00, ""data_quality_missing_name_pct"": 0.00}",planned,Sat Sep 12 2026 14:05:28 GMT+0700 (Indochina Time),Sat Sep 12 2026 14:05:29 GMT+0700 (Indochina Time)
a652c9a8-ce6e-42a0-ab16-e37e77428a80,a652c9a8-ce6e-42a0-ab16-e37e77428a80,71b981dd-84e6-4286-9f3b-6af31ac6e7be,CREATE_NEW_PARTY,"{""reason"": ""no_existing_party"", ""persons_total"": 848, ""r0_census_date"": ""2026-09-12"", ""collision_check"": ""pass"", ""uuid_collisions"": 0, ""deterministic_duplicates"": 0, ""data_quality_missing_dob_pct"": 0.00, ""data_quality_missing_name_pct"": 0.00}",planned,Sat Sep 12 2026 14:05:28 GMT+0700 (Indochina Time),Sat Sep 12 2026 14:05:29 GMT+0700 (Indochina Time)
58ddea90-476e-41aa-b1cd-b876dd2e21dc,58ddea90-476e-41aa-b1cd-b876dd2e21dc,a8644c64-d1ee-4c3b-b432-67660be26222,CREATE_NEW_PARTY,"{""reason"": ""no_existing_party"", ""persons_total"": 848, ""r0_census_date"": ""2026-09-12"", ""collision_check"": ""pass"", ""uuid_collisions"": 0, ""deterministic_duplicates"": 0, ""data_quality_missing_dob_pct"": 0.00, ""data_quality_missing_name_pct"": 0.00}",planned,Sat Sep 12 2026 14:05:28 GMT+0700 (Indochina Time),Sat Sep 12 2026 14:05:29 GMT+0700 (Indochina Time)
a8a517a4-cb39-4742-877c-20ee27ca4265,a8a517a4-cb39-4742-877c-20ee27ca4265,71b981dd-84e6-4286-9f3b-6af31ac6e7be,CREATE_NEW_PARTY,"{""reason"": ""no_existing_party"", ""persons_total"": 848, ""r0_census_date"": ""2026-09-12"", ""collision_check"": ""pass"", ""uuid_collisions"": 0, ""deterministic_duplicates"": 0, ""data_quality_missing_dob_pct"": 0.00, ""data_quality_missing_name_pct"": 0.00}",planned,Sat Sep 12 2026 14:05:28 GMT+0700 (Indochina Time),Sat Sep 12 2026 14:05:29 GMT+0700 (Indochina Time)
68b8e7bd-9c4e-4368-b1bd-5c6fe1eeb94a,68b8e7bd-9c4e-4368-b1bd-5c6fe1eeb94a,741be7b3-023a-48dc-9a41-66f5cb8225e6,CREATE_NEW_PARTY,"{""reason"": ""no_existing_party"", ""persons_total"": 848, ""r0_census_date"": ""2026-09-12"", ""collision_check"": ""pass"", ""uuid_collisions"": 0, ""deterministic_duplicates"": 0, ""data_quality_missing_dob_pct"": 0.00, ""data_quality_missing_name_pct"": 0.00}",planned,Sat Sep 12 2026 14:05:28 GMT+0700 (Indochina Time),Sat Sep 12 2026 14:05:29 GMT+0700 (Indochina Time)
81efe6f7-7b0e-446f-ada8-27c2d504bd52,81efe6f7-7b0e-446f-ada8-27c2d504bd52,5d47e69e-44f4-4bab-8dc7-cb6620470797,CREATE_NEW_PARTY,"{""reason"": ""no_existing_party"", ""persons_total"": 848, ""r0_census_date"": ""2026-09-12"", ""collision_check"": ""pass"", ""uuid_collisions"": 0, ""deterministic_duplicates"": 0, ""data_quality_missing_dob_pct"": 0.00, ""data_quality_missing_name_pct"": 0.00}",planned,Sat Sep 12 2026 14:05:28 GMT+0700 (Indochina Time),Sat Sep 12 2026 14:05:29 GMT+0700 (Indochina Time)
5cff157a-50fb-4cdf-a058-3ff7d57a58ea,5cff157a-50fb-4cdf-a058-3ff7d57a58ea,92c9673d-843a-4a5b-8226-db9301b44886,CREATE_NEW_PARTY,"{""reason"": ""no_existing_party"", ""persons_total"": 848, ""r0_census_date"": ""2026-09-12"", ""collision_check"": ""pass"", ""uuid_collisions"": 0, ""deterministic_duplicates"": 0, ""data_quality_missing_dob_pct"": 0.00, ""data_quality_missing_name_pct"": 0.00}",planned,Sat Sep 12 2026 14:05:28 GMT+0700 (Indochina Time),Sat Sep 12 2026 14:05:29 GMT+0700 (Indochina Time)
853df40a-6be3-424c-9432-311371d58d7d,853df40a-6be3-424c-9432-311371d58d7d,e26ce2ba-5eff-4c84-83da-e37477e2cc92,CREATE_NEW_PARTY,"{""reason"": ""no_existing_party"", ""persons_total"": 848, ""r0_census_date"": ""2026-09-12"", ""collision_check"": ""pass"", ""uuid_collisions"": 0, ""deterministic_duplicates"": 0, ""data_quality_missing_dob_pct"": 0.00, ""data_quality_missing_name_pct"": 0.00}",planned,Sat Sep 12 2026 14:05:28 GMT+0700 (Indochina Time),Sat Sep 12 2026 14:05:29 GMT+0700 (Indochina Time)
a088aca9-6bce-4bbe-aa6c-1b6def49c715,a088aca9-6bce-4bbe-aa6c-1b6def49c715,0666e987-0b58-40fc-9559-a084c69fe5d2,CREATE_NEW_PARTY,"{""reason"": ""no_existing_party"", ""persons_total"": 848, ""r0_census_date"": ""2026-09-12"", ""collision_check"": ""pass"", ""uuid_collisions"": 0, ""deterministic_duplicates"": 0, ""data_quality_missing_dob_pct"": 0.00, ""data_quality_missing_name_pct"": 0.00}",planned,Sat Sep 12 2026 14:05:28 GMT+0700 (Indochina Time),Sat Sep 12 2026 14:05:29 GMT+0700 (Indochina Time)
72db0ca4-cd5e-4f95-8008-cc9460394092,72db0ca4-cd5e-4f95-8008-cc9460394092,16b167b7-ebbc-4a2e-80b6-9149e1f27d22,CREATE_NEW_PARTY,"{""reason"": ""no_existing_party"", ""persons_total"": 848, ""r0_census_date"": ""2026-09-12"", ""collision_check"": ""pass"", ""uuid_collisions"": 0, ""deterministic_duplicates"": 0, ""data_quality_missing_dob_pct"": 0.00, ""data_quality_missing_name_pct"": 0.00}",planned,Sat Sep 12 2026 14:05:28 GMT+0700 (Indochina Time),Sat Sep 12 2026 14:05:29 GMT+0700 (Indochina Time)
8a095db9-db9d-4023-a090-50be91081bfc,8a095db9-db9d-4023-a090-50be91081bfc,ae6a0650-a21f-4781-806a-c9135ff91d22,CREATE_NEW_PARTY,"{""reason"": ""no_existing_party"", ""persons_total"": 848, ""r0_census_date"": ""2026-09-12"", ""collision_check"": ""pass"", ""uuid_collisions"": 0, ""deterministic_duplicates"": 0, ""data_quality_missing_dob_pct"": 0.00, ""data_quality_missing_name_pct"": 0.00}",planned,Sat Sep 12 2026 14:05:28 GMT+0700 (Indochina Time),Sat Sep 12 2026 14:05:29 GMT+0700 (Indochina Time)
9ecc2cbb-0c84-42ba-bf76-4fd4635c7f69,9ecc2cbb-0c84-42ba-bf76-4fd4635c7f69,92c9673d-843a-4a5b-8226-db9301b44886,CREATE_NEW_PARTY,"{""reason"": ""no_existing_party"", ""persons_total"": 848, ""r0_census_date"": ""2026-09-12"", ""collision_check"": ""pass"", ""uuid_collisions"": 0, ""deterministic_duplicates"": 0, ""data_quality_missing_dob_pct"": 0.00, ""data_quality_missing_name_pct"": 0.00}",planned,Sat Sep 12 2026 14:05:28 GMT+0700 (Indochina Time),Sat Sep 12 2026 14:05:29 GMT+0700 (Indochina Time)
c93e3a30-9481-4911-9463-6a0e215d8b8a,c93e3a30-9481-4911-9463-6a0e215d8b8a,0666e987-0b58-40fc-9559-a084c69fe5d2,CREATE_NEW_PARTY,"{""reason"": ""no_existing_party"", ""persons_total"": 848, ""r0_census_date"": ""2026-09-12"", ""collision_check"": ""pass"", ""uuid_collisions"": 0, ""deterministic_duplicates"": 0, ""data_quality_missing_dob_pct"": 0.00, ""data_quality_missing_name_pct"": 0.00}",planned,Sat Sep 12 2026 14:05:28 GMT+0700 (Indochina Time),Sat Sep 12 2026 14:05:29 GMT+0700 (Indochina Time)
99f55204-db4a-48ee-85bd-0055f7d17e35,99f55204-db4a-48ee-85bd-0055f7d17e35,16b167b7-ebbc-4a2e-80b6-9149e1f27d22,CREATE_NEW_PARTY,"{""reason"": ""no_existing_party"", ""persons_total"": 848, ""r0_census_date"": ""2026-09-12"", ""collision_check"": ""pass"", ""uuid_collisions"": 0, ""deterministic_duplicates"": 0, ""data_quality_missing_dob_pct"": 0.00, ""data_quality_missing_name_pct"": 0.00}",planned,Sat Sep 12 2026 14:05:28 GMT+0700 (Indochina Time),Sat Sep 12 2026 14:05:29 GMT+0700 (Indochina Time)
1813054c-8f5f-45d1-bc19-b09e4f93a125,1813054c-8f5f-45d1-bc19-b09e4f93a125,ae6a0650-a21f-4781-806a-c9135ff91d22,CREATE_NEW_PARTY,"{""reason"": ""no_existing_party"", ""persons_total"": 848, ""r0_census_date"": ""2026-09-12"", ""collision_check"": ""pass"", ""uuid_collisions"": 0, ""deterministic_duplicates"": 0, ""data_quality_missing_dob_pct"": 0.00, ""data_quality_missing_name_pct"": 0.00}",planned,Sat Sep 12 2026 14:05:28 GMT+0700 (Indochina Time),Sat Sep 12 2026 14:05:29 GMT+0700 (Indochina Time)
ea75996a-67d2-41b9-a17e-437af9242076,ea75996a-67d2-41b9-a17e-437af9242076,16b167b7-ebbc-4a2e-80b6-9149e1f27d22,CREATE_NEW_PARTY,"{""reason"": ""no_existing_party"", ""persons_total"": 848, ""r0_census_date"": ""2026-09-12"", ""collision_check"": ""pass"", ""uuid_collisions"": 0, ""deterministic_duplicates"": 0, ""data_quality_missing_dob_pct"": 0.00, ""data_quality_missing_name_pct"": 0.00}",planned,Sat Sep 12 2026 14:05:28 GMT+0700 (Indochina Time),Sat Sep 12 2026 14:05:29 GMT+0700 (Indochina Time)
a2e0f061-8d04-4674-a14f-7c32dbf01b59,a2e0f061-8d04-4674-a14f-7c32dbf01b59,ae6a0650-a21f-4781-806a-c9135ff91d22,CREATE_NEW_PARTY,"{""reason"": ""no_existing_party"", ""persons_total"": 848, ""r0_census_date"": ""2026-09-12"", ""collision_check"": ""pass"", ""uuid_collisions"": 0, ""deterministic_duplicates"": 0, ""data_quality_missing_dob_pct"": 0.00, ""data_quality_missing_name_pct"": 0.00}",planned,Sat Sep 12 2026 14:05:28 GMT+0700 (Indochina Time),Sat Sep 12 2026 14:05:29 GMT+0700 (Indochina Time)
d151fc4a-a778-4c9f-8e19-391e28b2110f,d151fc4a-a778-4c9f-8e19-391e28b2110f,d0352056-871e-4340-a861-abba7fdef1e7,CREATE_NEW_PARTY,"{""reason"": ""no_existing_party"", ""persons_total"": 848, ""r0_census_date"": ""2026-09-12"", ""collision_check"": ""pass"", ""uuid_collisions"": 0, ""deterministic_duplicates"": 0, ""data_quality_missing_dob_pct"": 0.00, ""data_quality_missing_name_pct"": 0.00}",planned,Sat Sep 12 2026 14:05:28 GMT+0700 (Indochina Time),Sat Sep 12 2026 14:05:29 GMT+0700 (Indochina Time)
86649b0b-ab04-42dc-be77-1c44d7246687,86649b0b-ab04-42dc-be77-1c44d7246687,0c955bad-4a5d-47a3-b10c-2e19b4f6407d,CREATE_NEW_PARTY,"{""reason"": ""no_existing_party"", ""persons_total"": 848, ""r0_census_date"": ""2026-09-12"", ""collision_check"": ""pass"", ""uuid_collisions"": 0, ""deterministic_duplicates"": 0, ""data_quality_missing_dob_pct"": 0.00, ""data_quality_missing_name_pct"": 0.00}",planned,Sat Sep 12 2026 14:05:28 GMT+0700 (Indochina Time),Sat Sep 12 2026 14:05:29 GMT+0700 (Indochina Time)
8dfd4834-7924-49fa-98dd-efd979a48582,8dfd4834-7924-49fa-98dd-efd979a48582,64c32acb-ba70-4b7a-b7cf-4ab55eea8205,CREATE_NEW_PARTY,"{""reason"": ""no_existing_party"", ""persons_total"": 848, ""r0_census_date"": ""2026-09-12"", ""collision_check"": ""pass"", ""uuid_collisions"": 0, ""deterministic_duplicates"": 0, ""data_quality_missing_dob_pct"": 0.00, ""data_quality_missing_name_pct"": 0.00}",planned,Sat Sep 12 2026 14:05:28 GMT+0700 (Indochina Time),Sat Sep 12 2026 14:05:29 GMT+0700 (Indochina Time)
a5547fea-a588-4752-aac2-24bec50122db,a5547fea-a588-4752-aac2-24bec50122db,a766c6de-9ce1-413c-8fe7-b030088fd0cb,CREATE_NEW_PARTY,"{""reason"": ""no_existing_party"", ""persons_total"": 848, ""r0_census_date"": ""2026-09-12"", ""collision_check"": ""pass"", ""uuid_collisions"": 0, ""deterministic_duplicates"": 0, ""data_quality_missing_dob_pct"": 0.00, ""data_quality_missing_name_pct"": 0.00}",planned,Sat Sep 12 2026 14:05:28 GMT+0700 (Indochina Time),Sat Sep 12 2026 14:05:29 GMT+0700 (Indochina Time)
00d3963e-695c-42a3-8e4a-bf56f0e90205,00d3963e-695c-42a3-8e4a-bf56f0e90205,3078bf65-ec93-4298-8455-630ae70c5026,CREATE_NEW_PARTY,"{""reason"": ""no_existing_party"", ""persons_total"": 848, ""r0_census_date"": ""2026-09-12"", ""collision_check"": ""pass"", ""uuid_collisions"": 0, ""deterministic_duplicates"": 0, ""data_quality_missing_dob_pct"": 0.00, ""data_quality_missing_name_pct"": 0.00}",planned,Sat Sep 12 2026 14:05:28 GMT+0700 (Indochina Time),Sat Sep 12 2026 14:05:29 GMT+0700 (Indochina Time)
74b0790f-e501-48a6-8da4-b86eb418de3a,74b0790f-e501-48a6-8da4-b86eb418de3a,dedc7981-6bf5-4872-8e84-a2040986c53a,CREATE_NEW_PARTY,"{""reason"": ""no_existing_party"", ""persons_total"": 848, ""r0_census_date"": ""2026-09-12"", ""collision_check"": ""pass"", ""uuid_collisions"": 0, ""deterministic_duplicates"": 0, ""data_quality_missing_dob_pct"": 0.00, ""data_quality_missing_name_pct"": 0.00}",planned,Sat Sep 12 2026 14:05:28 GMT+0700 (Indochina Time),Sat Sep 12 2026 14:05:29 GMT+0700 (Indochina Time)
1cf3382a-0191-478c-a3bf-fe9f3665b404,1cf3382a-0191-478c-a3bf-fe9f3665b404,9fc1b21a-05fa-4239-9b7a-cea38b017005,CREATE_NEW_PARTY,"{""reason"": ""no_existing_party"", ""persons_total"": 848, ""r0_census_date"": ""2026-09-12"", ""collision_check"": ""pass"", ""uuid_collisions"": 0, ""deterministic_duplicates"": 0, ""data_quality_missing_dob_pct"": 0.00, ""data_quality_missing_name_pct"": 0.00}",planned,Sat Sep 12 2026 14:05:28 GMT+0700 (Indochina Time),Sat Sep 12 2026 14:05:29 GMT+0700 (Indochina Time)
84711aba-4fc0-451f-af1c-6376f283af78,84711aba-4fc0-451f-af1c-6376f283af78,64c32acb-ba70-4b7a-b7cf-4ab55eea8205,CREATE_NEW_PARTY,"{""reason"": ""no_existing_party"", ""persons_total"": 848, ""r0_census_date"": ""2026-09-12"", ""collision_check"": ""pass"", ""uuid_collisions"": 0, ""deterministic_duplicates"": 0, ""data_quality_missing_dob_pct"": 0.00, ""data_quality_missing_name_pct"": 0.00}",planned,Sat Sep 12 2026 14:05:28 GMT+0700 (Indochina Time),Sat Sep 12 2026 14:05:29 GMT+0700 (Indochina Time)
3df5ed77-651c-44ed-a5ea-00e6353ae5cb,3df5ed77-651c-44ed-a5ea-00e6353ae5cb,3078bf65-ec93-4298-8455-630ae70c5026,CREATE_NEW_PARTY,"{""reason"": ""no_existing_party"", ""persons_total"": 848, ""r0_census_date"": ""2026-09-12"", ""collision_check"": ""pass"", ""uuid_collisions"": 0, ""deterministic_duplicates"": 0, ""data_quality_missing_dob_pct"": 0.00, ""data_quality_missing_name_pct"": 0.00}",planned,Sat Sep 12 2026 14:05:28 GMT+0700 (Indochina Time),Sat Sep 12 2026 14:05:29 GMT+0700 (Indochina Time)
69d998f1-5f41-4881-abe3-fb057b58bd96,69d998f1-5f41-4881-abe3-fb057b58bd96,dedc7981-6bf5-4872-8e84-a2040986c53a,CREATE_NEW_PARTY,"{""reason"": ""no_existing_party"", ""persons_total"": 848, ""r0_census_date"": ""2026-09-12"", ""collision_check"": ""pass"", ""uuid_collisions"": 0, ""deterministic_duplicates"": 0, ""data_quality_missing_dob_pct"": 0.00, ""data_quality_missing_name_pct"": 0.00}",planned,Sat Sep 12 2026 14:05:28 GMT+0700 (Indochina Time),Sat Sep 12 2026 14:05:29 GMT+0700 (Indochina Time)
60d58799-d4c4-4eed-b694-a293a883e446,60d58799-d4c4-4eed-b694-a293a883e446,9fc1b21a-05fa-4239-9b7a-cea38b017005,CREATE_NEW_PARTY,"{""reason"": ""no_existing_party"", ""persons_total"": 848, ""r0_census_date"": ""2026-09-12"", ""collision_check"": ""pass"", ""uuid_collisions"": 0, ""deterministic_duplicates"": 0, ""data_quality_missing_dob_pct"": 0.00, ""data_quality_missing_name_pct"": 0.00}",planned,Sat Sep 12 2026 14:05:28 GMT+0700 (Indochina Time),Sat Sep 12 2026 14:05:29 GMT+0700 (Indochina Time)
d657c36a-cf50-49d3-b8d2-ac1b80fe2aaa,d657c36a-cf50-49d3-b8d2-ac1b80fe2aaa,3078bf65-ec93-4298-8455-630ae70c5026,CREATE_NEW_PARTY,"{""reason"": ""no_existing_party"", ""persons_total"": 848, ""r0_census_date"": ""2026-09-12"", ""collision_check"": ""pass"", ""uuid_collisions"": 0, ""deterministic_duplicates"": 0, ""data_quality_missing_dob_pct"": 0.00, ""data_quality_missing_name_pct"": 0.00}",planned,Sat Sep 12 2026 14:05:28 GMT+0700 (Indochina Time),Sat Sep 12 2026 14:05:29 GMT+0700 (Indochina Time)
070978f7-ea21-44a1-a737-d19342a60daa,070978f7-ea21-44a1-a737-d19342a60daa,9fc1b21a-05fa-4239-9b7a-cea38b017005,CREATE_NEW_PARTY,"{""reason"": ""no_existing_party"", ""persons_total"": 848, ""r0_census_date"": ""2026-09-12"", ""collision_check"": ""pass"", ""uuid_collisions"": 0, ""deterministic_duplicates"": 0, ""data_quality_missing_dob_pct"": 0.00, ""data_quality_missing_name_pct"": 0.00}",planned,Sat Sep 12 2026 14:05:28 GMT+0700 (Indochina Time),Sat Sep 12 2026 14:05:29 GMT+0700 (Indochina Time)
deb80bf0-8e76-40d9-9775-57e3162ec2ac,deb80bf0-8e76-40d9-9775-57e3162ec2ac,8da22825-ff7d-4143-abb5-def049f79db1,CREATE_NEW_PARTY,"{""reason"": ""no_existing_party"", ""persons_total"": 848, ""r0_census_date"": ""2026-09-12"", ""collision_check"": ""pass"", ""uuid_collisions"": 0, ""deterministic_duplicates"": 0, ""data_quality_missing_dob_pct"": 0.00, ""data_quality_missing_name_pct"": 0.00}",planned,Sat Sep 12 2026 14:05:28 GMT+0700 (Indochina Time),Sat Sep 12 2026 14:05:29 GMT+0700 (Indochina Time)
b23ed839-26de-4e52-9a0d-089901b68bf7,b23ed839-26de-4e52-9a0d-089901b68bf7,ba9fa050-973f-4808-98ff-f73cc33530eb,CREATE_NEW_PARTY,"{""reason"": ""no_existing_party"", ""persons_total"": 848, ""r0_census_date"": ""2026-09-12"", ""collision_check"": ""pass"", ""uuid_collisions"": 0, ""deterministic_duplicates"": 0, ""data_quality_missing_dob_pct"": 0.00, ""data_quality_missing_name_pct"": 0.00}",planned,Sat Sep 12 2026 14:05:28 GMT+0700 (Indochina Time),Sat Sep 12 2026 14:05:29 GMT+0700 (Indochina Time)
886b285b-8824-4c77-ab1a-4ce55d6cb3eb,886b285b-8824-4c77-ab1a-4ce55d6cb3eb,d021a2be-96c5-408b-a115-a969a6877caf,CREATE_NEW_PARTY,"{""reason"": ""no_existing_party"", ""persons_total"": 848, ""r0_census_date"": ""2026-09-12"", ""collision_check"": ""pass"", ""uuid_collisions"": 0, ""deterministic_duplicates"": 0, ""data_quality_missing_dob_pct"": 0.00, ""data_quality_missing_name_pct"": 0.00}",planned,Sat Sep 12 2026 14:05:28 GMT+0700 (Indochina Time),Sat Sep 12 2026 14:05:29 GMT+0700 (Indochina Time)
1a605063-513e-4188-89f1-0abd034e24f6,1a605063-513e-4188-89f1-0abd034e24f6,0f5e939b-2ac2-4ec6-abac-b18570ab5b6b,CREATE_NEW_PARTY,"{""reason"": ""no_existing_party"", ""persons_total"": 848, ""r0_census_date"": ""2026-09-12"", ""collision_check"": ""pass"", ""uuid_collisions"": 0, ""deterministic_duplicates"": 0, ""data_quality_missing_dob_pct"": 0.00, ""data_quality_missing_name_pct"": 0.00}",planned,Sat Sep 12 2026 14:05:28 GMT+0700 (Indochina Time),Sat Sep 12 2026 14:05:29 GMT+0700 (Indochina Time)
2ae3e3c0-62c7-482e-b1c9-71e3dbca2f08,2ae3e3c0-62c7-482e-b1c9-71e3dbca2f08,570030dd-9377-4808-84ea-4be164d81292,CREATE_NEW_PARTY,"{""reason"": ""no_existing_party"", ""persons_total"": 848, ""r0_census_date"": ""2026-09-12"", ""collision_check"": ""pass"", ""uuid_collisions"": 0, ""deterministic_duplicates"": 0, ""data_quality_missing_dob_pct"": 0.00, ""data_quality_missing_name_pct"": 0.00}",planned,Sat Sep 12 2026 14:05:28 GMT+0700 (Indochina Time),Sat Sep 12 2026 14:05:29 GMT+0700 (Indochina Time)
647c8510-8bb1-4e7a-a139-8abf6e6b9d30,647c8510-8bb1-4e7a-a139-8abf6e6b9d30,b0a5cf94-32fb-42fc-8f63-c5cb076a5160,CREATE_NEW_PARTY,"{""reason"": ""no_existing_party"", ""persons_total"": 848, ""r0_census_date"": ""2026-09-12"", ""collision_check"": ""pass"", ""uuid_collisions"": 0, ""deterministic_duplicates"": 0, ""data_quality_missing_dob_pct"": 0.00, ""data_quality_missing_name_pct"": 0.00}",planned,Sat Sep 12 2026 14:05:28 GMT+0700 (Indochina Time),Sat Sep 12 2026 14:05:29 GMT+0700 (Indochina Time)
e82a16e4-9452-4c0a-91b2-c033f2aaa23a,e82a16e4-9452-4c0a-91b2-c033f2aaa23a,d021a2be-96c5-408b-a115-a969a6877caf,CREATE_NEW_PARTY,"{""reason"": ""no_existing_party"", ""persons_total"": 848, ""r0_census_date"": ""2026-09-12"", ""collision_check"": ""pass"", ""uuid_collisions"": 0, ""deterministic_duplicates"": 0, ""data_quality_missing_dob_pct"": 0.00, ""data_quality_missing_name_pct"": 0.00}",planned,Sat Sep 12 2026 14:05:28 GMT+0700 (Indochina Time),Sat Sep 12 2026 14:05:29 GMT+0700 (Indochina Time)
79b73b4e-a453-4f32-a58a-495a7bd560a1,79b73b4e-a453-4f32-a58a-495a7bd560a1,b32546b4-0359-492f-8b7f-6682df83237c,CREATE_NEW_PARTY,"{""reason"": ""no_existing_party"", ""persons_total"": 848, ""r0_census_date"": ""2026-09-12"", ""collision_check"": ""pass"", ""uuid_collisions"": 0, ""deterministic_duplicates"": 0, ""data_quality_missing_dob_pct"": 0.00, ""data_quality_missing_name_pct"": 0.00}",planned,Sat Sep 12 2026 14:05:28 GMT+0700 (Indochina Time),Sat Sep 12 2026 14:05:29 GMT+0700 (Indochina Time)
7a50707d-db9e-4cd6-9d5d-d8928edc81c2,7a50707d-db9e-4cd6-9d5d-d8928edc81c2,570030dd-9377-4808-84ea-4be164d81292,CREATE_NEW_PARTY,"{""reason"": ""no_existing_party"", ""persons_total"": 848, ""r0_census_date"": ""2026-09-12"", ""collision_check"": ""pass"", ""uuid_collisions"": 0, ""deterministic_duplicates"": 0, ""data_quality_missing_dob_pct"": 0.00, ""data_quality_missing_name_pct"": 0.00}",planned,Sat Sep 12 2026 14:05:28 GMT+0700 (Indochina Time),Sat Sep 12 2026 14:05:29 GMT+0700 (Indochina Time)
6a606ad0-3d3d-4e46-b5be-44c780a532c8,6a606ad0-3d3d-4e46-b5be-44c780a532c8,b0a5cf94-32fb-42fc-8f63-c5cb076a5160,CREATE_NEW_PARTY,"{""reason"": ""no_existing_party"", ""persons_total"": 848, ""r0_census_date"": ""2026-09-12"", ""collision_check"": ""pass"", ""uuid_collisions"": 0, ""deterministic_duplicates"": 0, ""data_quality_missing_dob_pct"": 0.00, ""data_quality_missing_name_pct"": 0.00}",planned,Sat Sep 12 2026 14:05:28 GMT+0700 (Indochina Time),Sat Sep 12 2026 14:05:29 GMT+0700 (Indochina Time)
0d2c61c5-b680-4f85-b2bd-da02926ad6c5,0d2c61c5-b680-4f85-b2bd-da02926ad6c5,570030dd-9377-4808-84ea-4be164d81292,CREATE_NEW_PARTY,"{""reason"": ""no_existing_party"", ""persons_total"": 848, ""r0_census_date"": ""2026-09-12"", ""collision_check"": ""pass"", ""uuid_collisions"": 0, ""deterministic_duplicates"": 0, ""data_quality_missing_dob_pct"": 0.00, ""data_quality_missing_name_pct"": 0.00}",planned,Sat Sep 12 2026 14:05:28 GMT+0700 (Indochina Time),Sat Sep 12 2026 14:05:29 GMT+0700 (Indochina Time)
8b74f0fa-c174-4b27-a418-395a7d6d0364,8b74f0fa-c174-4b27-a418-395a7d6d0364,b0a5cf94-32fb-42fc-8f63-c5cb076a5160,CREATE_NEW_PARTY,"{""reason"": ""no_existing_party"", ""persons_total"": 848, ""r0_census_date"": ""2026-09-12"", ""collision_check"": ""pass"", ""uuid_collisions"": 0, ""deterministic_duplicates"": 0, ""data_quality_missing_dob_pct"": 0.00, ""data_quality_missing_name_pct"": 0.00}",planned,Sat Sep 12 2026 14:05:28 GMT+0700 (Indochina Time),Sat Sep 12 2026 14:05:29 GMT+0700 (Indochina Time)
958147e5-3935-40a7-9ec0-f4636103fc1f,958147e5-3935-40a7-9ec0-f4636103fc1f,b32546b4-0359-492f-8b7f-6682df83237c,CREATE_NEW_PARTY,"{""reason"": ""no_existing_party"", ""persons_total"": 848, ""r0_census_date"": ""2026-09-12"", ""collision_check"": ""pass"", ""uuid_collisions"": 0, ""deterministic_duplicates"": 0, ""data_quality_missing_dob_pct"": 0.00, ""data_quality_missing_name_pct"": 0.00}",planned,Sat Sep 12 2026 14:05:28 GMT+0700 (Indochina Time),Sat Sep 12 2026 14:05:29 GMT+0700 (Indochina Time)
a9d591be-8c7c-4afb-87ba-2b411f493644,a9d591be-8c7c-4afb-87ba-2b411f493644,c5e89a74-e157-4276-86fc-dcca3ff3a807,CREATE_NEW_PARTY,"{""reason"": ""no_existing_party"", ""persons_total"": 848, ""r0_census_date"": ""2026-09-12"", ""collision_check"": ""pass"", ""uuid_collisions"": 0, ""deterministic_duplicates"": 0, ""data_quality_missing_dob_pct"": 0.00, ""data_quality_missing_name_pct"": 0.00}",planned,Sat Sep 12 2026 14:05:28 GMT+0700 (Indochina Time),Sat Sep 12 2026 14:05:29 GMT+0700 (Indochina Time)
759138ee-afe6-4260-9ab0-fa3b78b3feca,759138ee-afe6-4260-9ab0-fa3b78b3feca,81d9a1b1-12f4-4efd-8e7c-90a5a773a05d,CREATE_NEW_PARTY,"{""reason"": ""no_existing_party"", ""persons_total"": 848, ""r0_census_date"": ""2026-09-12"", ""collision_check"": ""pass"", ""uuid_collisions"": 0, ""deterministic_duplicates"": 0, ""data_quality_missing_dob_pct"": 0.00, ""data_quality_missing_name_pct"": 0.00}",planned,Sat Sep 12 2026 14:05:28 GMT+0700 (Indochina Time),Sat Sep 12 2026 14:05:29 GMT+0700 (Indochina Time)
d6c6545c-e6df-4ec4-bfa0-e540d4f30dd4,d6c6545c-e6df-4ec4-bfa0-e540d4f30dd4,78ed965e-7010-49c4-8048-b723f7b77a5a,CREATE_NEW_PARTY,"{""reason"": ""no_existing_party"", ""persons_total"": 848, ""r0_census_date"": ""2026-09-12"", ""collision_check"": ""pass"", ""uuid_collisions"": 0, ""deterministic_duplicates"": 0, ""data_quality_missing_dob_pct"": 0.00, ""data_quality_missing_name_pct"": 0.00}",planned,Sat Sep 12 2026 14:05:28 GMT+0700 (Indochina Time),Sat Sep 12 2026 14:05:29 GMT+0700 (Indochina Time)
e5ed3e1e-3c62-4a75-996b-a76f4aa5127d,e5ed3e1e-3c62-4a75-996b-a76f4aa5127d,26645ad4-50cb-4029-86d2-b2aeab6c26c9,CREATE_NEW_PARTY,"{""reason"": ""no_existing_party"", ""persons_total"": 848, ""r0_census_date"": ""2026-09-12"", ""collision_check"": ""pass"", ""uuid_collisions"": 0, ""deterministic_duplicates"": 0, ""data_quality_missing_dob_pct"": 0.00, ""data_quality_missing_name_pct"": 0.00}",planned,Sat Sep 12 2026 14:05:28 GMT+0700 (Indochina Time),Sat Sep 12 2026 14:05:29 GMT+0700 (Indochina Time)
a484d5dd-a5a4-4d0d-be7e-93963ce84f71,a484d5dd-a5a4-4d0d-be7e-93963ce84f71,7a04ca37-842c-4193-b406-edba0a251665,CREATE_NEW_PARTY,"{""reason"": ""no_existing_party"", ""persons_total"": 848, ""r0_census_date"": ""2026-09-12"", ""collision_check"": ""pass"", ""uuid_collisions"": 0, ""deterministic_duplicates"": 0, ""data_quality_missing_dob_pct"": 0.00, ""data_quality_missing_name_pct"": 0.00}",planned,Sat Sep 12 2026 14:05:28 GMT+0700 (Indochina Time),Sat Sep 12 2026 14:05:29 GMT+0700 (Indochina Time)
8eac5048-4bd5-4fdc-8790-ac493001e8c9,8eac5048-4bd5-4fdc-8790-ac493001e8c9,bb4a6c44-aaf3-48e7-aa48-9e3b5a5beb96,CREATE_NEW_PARTY,"{""reason"": ""no_existing_party"", ""persons_total"": 848, ""r0_census_date"": ""2026-09-12"", ""collision_check"": ""pass"", ""uuid_collisions"": 0, ""deterministic_duplicates"": 0, ""data_quality_missing_dob_pct"": 0.00, ""data_quality_missing_name_pct"": 0.00}",planned,Sat Sep 12 2026 14:05:28 GMT+0700 (Indochina Time),Sat Sep 12 2026 14:05:29 GMT+0700 (Indochina Time)
f06f62b2-0135-4b2a-a720-925f2975c756,f06f62b2-0135-4b2a-a720-925f2975c756,60d35dd3-1f01-4dab-9099-f9ee798d48a9,CREATE_NEW_PARTY,"{""reason"": ""no_existing_party"", ""persons_total"": 848, ""r0_census_date"": ""2026-09-12"", ""collision_check"": ""pass"", ""uuid_collisions"": 0, ""deterministic_duplicates"": 0, ""data_quality_missing_dob_pct"": 0.00, ""data_quality_missing_name_pct"": 0.00}",planned,Sat Sep 12 2026 14:05:28 GMT+0700 (Indochina Time),Sat Sep 12 2026 14:05:29 GMT+0700 (Indochina Time)
e1a59a2f-56c4-4a40-a5ce-60c74dcbf2a1,e1a59a2f-56c4-4a40-a5ce-60c74dcbf2a1,26645ad4-50cb-4029-86d2-b2aeab6c26c9,CREATE_NEW_PARTY,"{""reason"": ""no_existing_party"", ""persons_total"": 848, ""r0_census_date"": ""2026-09-12"", ""collision_check"": ""pass"", ""uuid_collisions"": 0, ""deterministic_duplicates"": 0, ""data_quality_missing_dob_pct"": 0.00, ""data_quality_missing_name_pct"": 0.00}",planned,Sat Sep 12 2026 14:05:28 GMT+0700 (Indochina Time),Sat Sep 12 2026 14:05:29 GMT+0700 (Indochina Time)
3f69f3de-bb66-4687-83a5-58df69ed3529,3f69f3de-bb66-4687-83a5-58df69ed3529,7a04ca37-842c-4193-b406-edba0a251665,CREATE_NEW_PARTY,"{""reason"": ""no_existing_party"", ""persons_total"": 848, ""r0_census_date"": ""2026-09-12"", ""collision_check"": ""pass"", ""uuid_collisions"": 0, ""deterministic_duplicates"": 0, ""data_quality_missing_dob_pct"": 0.00, ""data_quality_missing_name_pct"": 0.00}",planned,Sat Sep 12 2026 14:05:28 GMT+0700 (Indochina Time),Sat Sep 12 2026 14:05:29 GMT+0700 (Indochina Time)
34eb3289-44f1-44f7-8f9e-54b0f890a50a,34eb3289-44f1-44f7-8f9e-54b0f890a50a,bb4a6c44-aaf3-48e7-aa48-9e3b5a5beb96,CREATE_NEW_PARTY,"{""reason"": ""no_existing_party"", ""persons_total"": 848, ""r0_census_date"": ""2026-09-12"", ""collision_check"": ""pass"", ""uuid_collisions"": 0, ""deterministic_duplicates"": 0, ""data_quality_missing_dob_pct"": 0.00, ""data_quality_missing_name_pct"": 0.00}",planned,Sat Sep 12 2026 14:05:28 GMT+0700 (Indochina Time),Sat Sep 12 2026 14:05:29 GMT+0700 (Indochina Time)
cd4c09df-b1c3-4f41-b088-fc4499415cf6,cd4c09df-b1c3-4f41-b088-fc4499415cf6,60d35dd3-1f01-4dab-9099-f9ee798d48a9,CREATE_NEW_PARTY,"{""reason"": ""no_existing_party"", ""persons_total"": 848, ""r0_census_date"": ""2026-09-12"", ""collision_check"": ""pass"", ""uuid_collisions"": 0, ""deterministic_duplicates"": 0, ""data_quality_missing_dob_pct"": 0.00, ""data_quality_missing_name_pct"": 0.00}",planned,Sat Sep 12 2026 14:05:28 GMT+0700 (Indochina Time),Sat Sep 12 2026 14:05:29 GMT+0700 (Indochina Time)
6e5887ee-db80-4cc2-90b6-4a9984e8eab2,6e5887ee-db80-4cc2-90b6-4a9984e8eab2,7a04ca37-842c-4193-b406-edba0a251665,CREATE_NEW_PARTY,"{""reason"": ""no_existing_party"", ""persons_total"": 848, ""r0_census_date"": ""2026-09-12"", ""collision_check"": ""pass"", ""uuid_collisions"": 0, ""deterministic_duplicates"": 0, ""data_quality_missing_dob_pct"": 0.00, ""data_quality_missing_name_pct"": 0.00}",planned,Sat Sep 12 2026 14:05:28 GMT+0700 (Indochina Time),Sat Sep 12 2026 14:05:29 GMT+0700 (Indochina Time)
12cf05db-dde8-498b-a070-89cc02da3649,12cf05db-dde8-498b-a070-89cc02da3649,bb4a6c44-aaf3-48e7-aa48-9e3b5a5beb96,CREATE_NEW_PARTY,"{""reason"": ""no_existing_party"", ""persons_total"": 848, ""r0_census_date"": ""2026-09-12"", ""collision_check"": ""pass"", ""uuid_collisions"": 0, ""deterministic_duplicates"": 0, ""data_quality_missing_dob_pct"": 0.00, ""data_quality_missing_name_pct"": 0.00}",planned,Sat Sep 12 2026 14:05:28 GMT+0700 (Indochina Time),Sat Sep 12 2026 14:05:29 GMT+0700 (Indochina Time)
4545c95f-4c05-4b9a-9f8a-41483e84364d,4545c95f-4c05-4b9a-9f8a-41483e84364d,deda9fb6-de14-4113-94bc-817efdff8124,CREATE_NEW_PARTY,"{""reason"": ""no_existing_party"", ""persons_total"": 848, ""r0_census_date"": ""2026-09-12"", ""collision_check"": ""pass"", ""uuid_collisions"": 0, ""deterministic_duplicates"": 0, ""data_quality_missing_dob_pct"": 0.00, ""data_quality_missing_name_pct"": 0.00}",planned,Sat Sep 12 2026 14:05:28 GMT+0700 (Indochina Time),Sat Sep 12 2026 14:05:29 GMT+0700 (Indochina Time)
5eb3cfdd-83ed-4944-b1c2-27de6a11170a,5eb3cfdd-83ed-4944-b1c2-27de6a11170a,d66ce359-3b53-4160-8c91-33fe0c78ba2c,CREATE_NEW_PARTY,"{""reason"": ""no_existing_party"", ""persons_total"": 848, ""r0_census_date"": ""2026-09-12"", ""collision_check"": ""pass"", ""uuid_collisions"": 0, ""deterministic_duplicates"": 0, ""data_quality_missing_dob_pct"": 0.00, ""data_quality_missing_name_pct"": 0.00}",planned,Sat Sep 12 2026 14:05:28 GMT+0700 (Indochina Time),Sat Sep 12 2026 14:05:29 GMT+0700 (Indochina Time)
43ef4754-63e4-4308-a0ac-09b8b5719c07,43ef4754-63e4-4308-a0ac-09b8b5719c07,76702fe2-0db2-408c-9673-3d0283322e1d,CREATE_NEW_PARTY,"{""reason"": ""no_existing_party"", ""persons_total"": 848, ""r0_census_date"": ""2026-09-12"", ""collision_check"": ""pass"", ""uuid_collisions"": 0, ""deterministic_duplicates"": 0, ""data_quality_missing_dob_pct"": 0.00, ""data_quality_missing_name_pct"": 0.00}",planned,Sat Sep 12 2026 14:05:28 GMT+0700 (Indochina Time),Sat Sep 12 2026 14:05:29 GMT+0700 (Indochina Time)
3ab28a07-6541-477e-b5d6-0061a3657fed,3ab28a07-6541-477e-b5d6-0061a3657fed,88baa787-a906-463b-9f59-4259578bda48,CREATE_NEW_PARTY,"{""reason"": ""no_existing_party"", ""persons_total"": 848, ""r0_census_date"": ""2026-09-12"", ""collision_check"": ""pass"", ""uuid_collisions"": 0, ""deterministic_duplicates"": 0, ""data_quality_missing_dob_pct"": 0.00, ""data_quality_missing_name_pct"": 0.00}",planned,Sat Sep 12 2026 14:05:28 GMT+0700 (Indochina Time),Sat Sep 12 2026 14:05:29 GMT+0700 (Indochina Time)
17dc8dee-16eb-4011-9afa-2ddb350a2385,17dc8dee-16eb-4011-9afa-2ddb350a2385,21abe879-d00f-4040-9742-3cbc7e425e8d,CREATE_NEW_PARTY,"{""reason"": ""no_existing_party"", ""persons_total"": 848, ""r0_census_date"": ""2026-09-12"", ""collision_check"": ""pass"", ""uuid_collisions"": 0, ""deterministic_duplicates"": 0, ""data_quality_missing_dob_pct"": 0.00, ""data_quality_missing_name_pct"": 0.00}",planned,Sat Sep 12 2026 14:05:28 GMT+0700 (Indochina Time),Sat Sep 12 2026 14:05:29 GMT+0700 (Indochina Time)
89136955-7e29-4cd4-ab61-65892a237f8b,89136955-7e29-4cd4-ab61-65892a237f8b,f69f45b0-f207-4b91-8c52-d54c50a89fdd,CREATE_NEW_PARTY,"{""reason"": ""no_existing_party"", ""persons_total"": 848, ""r0_census_date"": ""2026-09-12"", ""collision_check"": ""pass"", ""uuid_collisions"": 0, ""deterministic_duplicates"": 0, ""data_quality_missing_dob_pct"": 0.00, ""data_quality_missing_name_pct"": 0.00}",planned,Sat Sep 12 2026 14:05:28 GMT+0700 (Indochina Time),Sat Sep 12 2026 14:05:29 GMT+0700 (Indochina Time)
419c5bb8-8c3e-42ad-866e-5a9f581faa30,419c5bb8-8c3e-42ad-866e-5a9f581faa30,3cb13b5f-839f-4f6d-8691-5862b42dddfe,CREATE_NEW_PARTY,"{""reason"": ""no_existing_party"", ""persons_total"": 848, ""r0_census_date"": ""2026-09-12"", ""collision_check"": ""pass"", ""uuid_collisions"": 0, ""deterministic_duplicates"": 0, ""data_quality_missing_dob_pct"": 0.00, ""data_quality_missing_name_pct"": 0.00}",planned,Sat Sep 12 2026 14:05:28 GMT+0700 (Indochina Time),Sat Sep 12 2026 14:05:29 GMT+0700 (Indochina Time)
d4c00a98-9aea-41a5-838a-f468a3e72355,d4c00a98-9aea-41a5-838a-f468a3e72355,76702fe2-0db2-408c-9673-3d0283322e1d,CREATE_NEW_PARTY,"{""reason"": ""no_existing_party"", ""persons_total"": 848, ""r0_census_date"": ""2026-09-12"", ""collision_check"": ""pass"", ""uuid_collisions"": 0, ""deterministic_duplicates"": 0, ""data_quality_missing_dob_pct"": 0.00, ""data_quality_missing_name_pct"": 0.00}",planned,Sat Sep 12 2026 14:05:28 GMT+0700 (Indochina Time),Sat Sep 12 2026 14:05:29 GMT+0700 (Indochina Time)
bdff8d0f-657a-47b9-9364-a5044dcdaff5,bdff8d0f-657a-47b9-9364-a5044dcdaff5,21abe879-d00f-4040-9742-3cbc7e425e8d,CREATE_NEW_PARTY,"{""reason"": ""no_existing_party"", ""persons_total"": 848, ""r0_census_date"": ""2026-09-12"", ""collision_check"": ""pass"", ""uuid_collisions"": 0, ""deterministic_duplicates"": 0, ""data_quality_missing_dob_pct"": 0.00, ""data_quality_missing_name_pct"": 0.00}",planned,Sat Sep 12 2026 14:05:28 GMT+0700 (Indochina Time),Sat Sep 12 2026 14:05:29 GMT+0700 (Indochina Time)
3a610482-b408-4b42-bf42-e35a0cfd9e02,3a610482-b408-4b42-bf42-e35a0cfd9e02,f69f45b0-f207-4b91-8c52-d54c50a89fdd,CREATE_NEW_PARTY,"{""reason"": ""no_existing_party"", ""persons_total"": 848, ""r0_census_date"": ""2026-09-12"", ""collision_check"": ""pass"", ""uuid_collisions"": 0, ""deterministic_duplicates"": 0, ""data_quality_missing_dob_pct"": 0.00, ""data_quality_missing_name_pct"": 0.00}",planned,Sat Sep 12 2026 14:05:28 GMT+0700 (Indochina Time),Sat Sep 12 2026 14:05:29 GMT+0700 (Indochina Time)
02de9261-c6f1-4acd-b921-5b2eccc3b714,02de9261-c6f1-4acd-b921-5b2eccc3b714,3cb13b5f-839f-4f6d-8691-5862b42dddfe,CREATE_NEW_PARTY,"{""reason"": ""no_existing_party"", ""persons_total"": 848, ""r0_census_date"": ""2026-09-12"", ""collision_check"": ""pass"", ""uuid_collisions"": 0, ""deterministic_duplicates"": 0, ""data_quality_missing_dob_pct"": 0.00, ""data_quality_missing_name_pct"": 0.00}",planned,Sat Sep 12 2026 14:05:28 GMT+0700 (Indochina Time),Sat Sep 12 2026 14:05:29 GMT+0700 (Indochina Time)
08a50671-c874-4c99-b5b3-433aeb3e590b,08a50671-c874-4c99-b5b3-433aeb3e590b,21abe879-d00f-4040-9742-3cbc7e425e8d,CREATE_NEW_PARTY,"{""reason"": ""no_existing_party"", ""persons_total"": 848, ""r0_census_date"": ""2026-09-12"", ""collision_check"": ""pass"", ""uuid_collisions"": 0, ""deterministic_duplicates"": 0, ""data_quality_missing_dob_pct"": 0.00, ""data_quality_missing_name_pct"": 0.00}",planned,Sat Sep 12 2026 14:05:28 GMT+0700 (Indochina Time),Sat Sep 12 2026 14:05:29 GMT+0700 (Indochina Time)
3069c52b-82e4-405b-b2bd-bc6c9400a6e6,3069c52b-82e4-405b-b2bd-bc6c9400a6e6,f69f45b0-f207-4b91-8c52-d54c50a89fdd,CREATE_NEW_PARTY,"{""reason"": ""no_existing_party"", ""persons_total"": 848, ""r0_census_date"": ""2026-09-12"", ""collision_check"": ""pass"", ""uuid_collisions"": 0, ""deterministic_duplicates"": 0, ""data_quality_missing_dob_pct"": 0.00, ""data_quality_missing_name_pct"": 0.00}",planned,Sat Sep 12 2026 14:05:28 GMT+0700 (Indochina Time),Sat Sep 12 2026 14:05:29 GMT+0700 (Indochina Time)
7c28248f-e71f-4d31-99dd-e337ba7acaa2,7c28248f-e71f-4d31-99dd-e337ba7acaa2,19881edc-d6e1-402e-944e-12a292f34bba,CREATE_NEW_PARTY,"{""reason"": ""no_existing_party"", ""persons_total"": 848, ""r0_census_date"": ""2026-09-12"", ""collision_check"": ""pass"", ""uuid_collisions"": 0, ""deterministic_duplicates"": 0, ""data_quality_missing_dob_pct"": 0.00, ""data_quality_missing_name_pct"": 0.00}",planned,Sat Sep 12 2026 14:05:28 GMT+0700 (Indochina Time),Sat Sep 12 2026 14:05:29 GMT+0700 (Indochina Time)
9a870370-1704-4638-88c2-842f7c5e5698,9a870370-1704-4638-88c2-842f7c5e5698,8810429c-0ab7-4b23-9906-180a1d9ef2b4,CREATE_NEW_PARTY,"{""reason"": ""no_existing_party"", ""persons_total"": 848, ""r0_census_date"": ""2026-09-12"", ""collision_check"": ""pass"", ""uuid_collisions"": 0, ""deterministic_duplicates"": 0, ""data_quality_missing_dob_pct"": 0.00, ""data_quality_missing_name_pct"": 0.00}",planned,Sat Sep 12 2026 14:05:28 GMT+0700 (Indochina Time),Sat Sep 12 2026 14:05:29 GMT+0700 (Indochina Time)
00000000-0000-0000-0000-000000000004,00000000-0000-0000-0000-000000000004,00000000-0000-0000-0000-000000000001,CREATE_NEW_PARTY,"{""reason"": ""no_existing_party"", ""persons_total"": 848, ""r0_census_date"": ""2026-09-12"", ""collision_check"": ""pass"", ""uuid_collisions"": 0, ""deterministic_duplicates"": 0, ""data_quality_missing_dob_pct"": 0.00, ""data_quality_missing_name_pct"": 0.00}",planned,Sat Sep 12 2026 14:05:28 GMT+0700 (Indochina Time),Sat Sep 12 2026 14:05:29 GMT+0700 (Indochina Time)
00000000-0000-0000-0000-000000000003,00000000-0000-0000-0000-000000000003,00000000-0000-0000-0000-000000000001,CREATE_NEW_PARTY,"{""reason"": ""no_existing_party"", ""persons_total"": 848, ""r0_census_date"": ""2026-09-12"", ""collision_check"": ""pass"", ""uuid_collisions"": 0, ""deterministic_duplicates"": 0, ""data_quality_missing_dob_pct"": 0.00, ""data_quality_missing_name_pct"": 0.00}",planned,Sat Sep 12 2026 14:05:28 GMT+0700 (Indochina Time),Sat Sep 12 2026 14:05:29 GMT+0700 (Indochina Time)
29437057-6d8e-4d7e-a03d-78165efcea14,29437057-6d8e-4d7e-a03d-78165efcea14,00000000-0000-0000-0000-000000000001,CREATE_NEW_PARTY,"{""reason"": ""no_existing_party"", ""persons_total"": 848, ""r0_census_date"": ""2026-09-12"", ""collision_check"": ""pass"", ""uuid_collisions"": 0, ""deterministic_duplicates"": 0, ""data_quality_missing_dob_pct"": 0.00, ""data_quality_missing_name_pct"": 0.00}",planned,Sat Sep 12 2026 14:05:28 GMT+0700 (Indochina Time),Sat Sep 12 2026 14:05:29 GMT+0700 (Indochina Time)
f4eead97-41a5-46d7-86ce-f2321474341c,f4eead97-41a5-46d7-86ce-f2321474341c,00000000-0000-0000-0000-000000000001,CREATE_NEW_PARTY,"{""reason"": ""no_existing_party"", ""persons_total"": 848, ""r0_census_date"": ""2026-09-12"", ""collision_check"": ""pass"", ""uuid_collisions"": 0, ""deterministic_duplicates"": 0, ""data_quality_missing_dob_pct"": 0.00, ""data_quality_missing_name_pct"": 0.00}",planned,Sat Sep 12 2026 14:05:28 GMT+0700 (Indochina Time),Sat Sep 12 2026 14:05:29 GMT+0700 (Indochina Time)
b4081167-1137-414a-a212-1e40ce15f11d,b4081167-1137-414a-a212-1e40ce15f11d,00000000-0000-0000-0000-000000000001,CREATE_NEW_PARTY,"{""reason"": ""no_existing_party"", ""persons_total"": 848, ""r0_census_date"": ""2026-09-12"", ""collision_check"": ""pass"", ""uuid_collisions"": 0, ""deterministic_duplicates"": 0, ""data_quality_missing_dob_pct"": 0.00, ""data_quality_missing_name_pct"": 0.00}",planned,Sat Sep 12 2026 14:05:28 GMT+0700 (Indochina Time),Sat Sep 12 2026 14:05:29 GMT+0700 (Indochina Time)
4192649b-b114-40ad-9d2c-6aef6a318909,4192649b-b114-40ad-9d2c-6aef6a318909,00000000-0000-0000-0000-000000000001,CREATE_NEW_PARTY,"{""reason"": ""no_existing_party"", ""persons_total"": 848, ""r0_census_date"": ""2026-09-12"", ""collision_check"": ""pass"", ""uuid_collisions"": 0, ""deterministic_duplicates"": 0, ""data_quality_missing_dob_pct"": 0.00, ""data_quality_missing_name_pct"": 0.00}",planned,Sat Sep 12 2026 14:05:28 GMT+0700 (Indochina Time),Sat Sep 12 2026 14:05:29 GMT+0700 (Indochina Time)
7fb2b416-40ec-46fc-bc2b-4674bf4777a6,7fb2b416-40ec-46fc-bc2b-4674bf4777a6,00000000-0000-0000-0000-000000000001,CREATE_NEW_PARTY,"{""reason"": ""no_existing_party"", ""persons_total"": 848, ""r0_census_date"": ""2026-09-12"", ""collision_check"": ""pass"", ""uuid_collisions"": 0, ""deterministic_duplicates"": 0, ""data_quality_missing_dob_pct"": 0.00, ""data_quality_missing_name_pct"": 0.00}",planned,Sat Sep 12 2026 14:05:28 GMT+0700 (Indochina Time),Sat Sep 12 2026 14:05:29 GMT+0700 (Indochina Time)
5d019623-8369-4843-8317-c19b2c5203fa,5d019623-8369-4843-8317-c19b2c5203fa,00000000-0000-0000-0000-000000000001,CREATE_NEW_PARTY,"{""reason"": ""no_existing_party"", ""persons_total"": 848, ""r0_census_date"": ""2026-09-12"", ""collision_check"": ""pass"", ""uuid_collisions"": 0, ""deterministic_duplicates"": 0, ""data_quality_missing_dob_pct"": 0.00, ""data_quality_missing_name_pct"": 0.00}",planned,Sat Sep 12 2026 14:05:28 GMT+0700 (Indochina Time),Sat Sep 12 2026 14:05:29 GMT+0700 (Indochina Time)
8171105c-5816-47f8-8668-50f200adf8b7,8171105c-5816-47f8-8668-50f200adf8b7,00000000-0000-0000-0000-000000000001,CREATE_NEW_PARTY,"{""reason"": ""no_existing_party"", ""persons_total"": 848, ""r0_census_date"": ""2026-09-12"", ""collision_check"": ""pass"", ""uuid_collisions"": 0, ""deterministic_duplicates"": 0, ""data_quality_missing_dob_pct"": 0.00, ""data_quality_missing_name_pct"": 0.00}",planned,Sat Sep 12 2026 14:05:28 GMT+0700 (Indochina Time),Sat Sep 12 2026 14:05:29 GMT+0700 (Indochina Time)
b28209d5-f8a9-4486-a508-bdcf576d9d81,b28209d5-f8a9-4486-a508-bdcf576d9d81,00000000-0000-0000-0000-000000000001,CREATE_NEW_PARTY,"{""reason"": ""no_existing_party"", ""persons_total"": 848, ""r0_census_date"": ""2026-09-12"", ""collision_check"": ""pass"", ""uuid_collisions"": 0, ""deterministic_duplicates"": 0, ""data_quality_missing_dob_pct"": 0.00, ""data_quality_missing_name_pct"": 0.00}",planned,Sat Sep 12 2026 14:05:28 GMT+0700 (Indochina Time),Sat Sep 12 2026 14:05:29 GMT+0700 (Indochina Time)
9a598b35-91ab-457b-8f01-e8d84ce80026,9a598b35-91ab-457b-8f01-e8d84ce80026,00000000-0000-0000-0000-000000000001,CREATE_NEW_PARTY,"{""reason"": ""no_existing_party"", ""persons_total"": 848, ""r0_census_date"": ""2026-09-12"", ""collision_check"": ""pass"", ""uuid_collisions"": 0, ""deterministic_duplicates"": 0, ""data_quality_missing_dob_pct"": 0.00, ""data_quality_missing_name_pct"": 0.00}",planned,Sat Sep 12 2026 14:05:28 GMT+0700 (Indochina Time),Sat Sep 12 2026 14:05:29 GMT+0700 (Indochina Time)
1c1f0fe3-fa01-458e-918e-2ebeb60b94be,1c1f0fe3-fa01-458e-918e-2ebeb60b94be,00000000-0000-0000-0000-000000000001,CREATE_NEW_PARTY,"{""reason"": ""no_existing_party"", ""persons_total"": 848, ""r0_census_date"": ""2026-09-12"", ""collision_check"": ""pass"", ""uuid_collisions"": 0, ""deterministic_duplicates"": 0, ""data_quality_missing_dob_pct"": 0.00, ""data_quality_missing_name_pct"": 0.00}",planned,Sat Sep 12 2026 14:05:28 GMT+0700 (Indochina Time),Sat Sep 12 2026 14:05:29 GMT+0700 (Indochina Time)
7ca62178-1638-4e98-ac66-a3588ad433e2,7ca62178-1638-4e98-ac66-a3588ad433e2,00000000-0000-0000-0000-000000000001,CREATE_NEW_PARTY,"{""reason"": ""no_existing_party"", ""persons_total"": 848, ""r0_census_date"": ""2026-09-12"", ""collision_check"": ""pass"", ""uuid_collisions"": 0, ""deterministic_duplicates"": 0, ""data_quality_missing_dob_pct"": 0.00, ""data_quality_missing_name_pct"": 0.00}",planned,Sat Sep 12 2026 14:05:28 GMT+0700 (Indochina Time),Sat Sep 12 2026 14:05:29 GMT+0700 (Indochina Time)
642fa390-25ca-40c0-baac-59700bcd5e0d,642fa390-25ca-40c0-baac-59700bcd5e0d,00000000-0000-0000-0000-000000000002,CREATE_NEW_PARTY,"{""reason"": ""no_existing_party"", ""persons_total"": 848, ""r0_census_date"": ""2026-09-12"", ""collision_check"": ""pass"", ""uuid_collisions"": 0, ""deterministic_duplicates"": 0, ""data_quality_missing_dob_pct"": 0.00, ""data_quality_missing_name_pct"": 0.00}",planned,Sat Sep 12 2026 14:05:28 GMT+0700 (Indochina Time),Sat Sep 12 2026 14:05:29 GMT+0700 (Indochina Time)
a138e145-c9ea-4666-a202-c820062d8cd9,a138e145-c9ea-4666-a202-c820062d8cd9,00000000-0000-0000-0000-000000000001,CREATE_NEW_PARTY,"{""reason"": ""no_existing_party"", ""persons_total"": 848, ""r0_census_date"": ""2026-09-12"", ""collision_check"": ""pass"", ""uuid_collisions"": 0, ""deterministic_duplicates"": 0, ""data_quality_missing_dob_pct"": 0.00, ""data_quality_missing_name_pct"": 0.00}",planned,Sat Sep 12 2026 14:05:28 GMT+0700 (Indochina Time),Sat Sep 12 2026 14:05:29 GMT+0700 (Indochina Time)
10d7c0f8-4f6c-4e60-a7e5-e546880ae7f5,10d7c0f8-4f6c-4e60-a7e5-e546880ae7f5,00000000-0000-0000-0000-000000000001,CREATE_NEW_PARTY,"{""reason"": ""no_existing_party"", ""persons_total"": 848, ""r0_census_date"": ""2026-09-12"", ""collision_check"": ""pass"", ""uuid_collisions"": 0, ""deterministic_duplicates"": 0, ""data_quality_missing_dob_pct"": 0.00, ""data_quality_missing_name_pct"": 0.00}",planned,Sat Sep 12 2026 14:05:28 GMT+0700 (Indochina Time),Sat Sep 12 2026 14:05:29 GMT+0700 (Indochina Time)
7a750741-307a-48e1-9d19-add8845b3ecf,7a750741-307a-48e1-9d19-add8845b3ecf,00000000-0000-0000-0000-000000000001,CREATE_NEW_PARTY,"{""reason"": ""no_existing_party"", ""persons_total"": 848, ""r0_census_date"": ""2026-09-12"", ""collision_check"": ""pass"", ""uuid_collisions"": 0, ""deterministic_duplicates"": 0, ""data_quality_missing_dob_pct"": 0.00, ""data_quality_missing_name_pct"": 0.00}",planned,Sat Sep 12 2026 14:05:28 GMT+0700 (Indochina Time),Sat Sep 12 2026 14:05:29 GMT+0700 (Indochina Time)
e9e6df9a-91c0-4671-9d75-b6c92f5f995d,e9e6df9a-91c0-4671-9d75-b6c92f5f995d,00000000-0000-0000-0000-000000000001,CREATE_NEW_PARTY,"{""reason"": ""no_existing_party"", ""persons_total"": 848, ""r0_census_date"": ""2026-09-12"", ""collision_check"": ""pass"", ""uuid_collisions"": 0, ""deterministic_duplicates"": 0, ""data_quality_missing_dob_pct"": 0.00, ""data_quality_missing_name_pct"": 0.00}",planned,Sat Sep 12 2026 14:05:28 GMT+0700 (Indochina Time),Sat Sep 12 2026 14:05:29 GMT+0700 (Indochina Time)
285daae8-bdd3-40cd-a465-331a21d84bf6,285daae8-bdd3-40cd-a465-331a21d84bf6,00000000-0000-0000-0000-000000000001,CREATE_NEW_PARTY,"{""reason"": ""no_existing_party"", ""persons_total"": 848, ""r0_census_date"": ""2026-09-12"", ""collision_check"": ""pass"", ""uuid_collisions"": 0, ""deterministic_duplicates"": 0, ""data_quality_missing_dob_pct"": 0.00, ""data_quality_missing_name_pct"": 0.00}",planned,Sat Sep 12 2026 14:05:28 GMT+0700 (Indochina Time),Sat Sep 12 2026 14:05:29 GMT+0700 (Indochina Time)
4c0fda20-9cf9-485e-be30-6660f3a95f58,4c0fda20-9cf9-485e-be30-6660f3a95f58,00000000-0000-0000-0000-000000000001,CREATE_NEW_PARTY,"{""reason"": ""no_existing_party"", ""persons_total"": 848, ""r0_census_date"": ""2026-09-12"", ""collision_check"": ""pass"", ""uuid_collisions"": 0, ""deterministic_duplicates"": 0, ""data_quality_missing_dob_pct"": 0.00, ""data_quality_missing_name_pct"": 0.00}",planned,Sat Sep 12 2026 14:05:28 GMT+0700 (Indochina Time),Sat Sep 12 2026 14:05:29 GMT+0700 (Indochina Time)
65866f66-5541-427a-a331-2d865c65bdbd,65866f66-5541-427a-a331-2d865c65bdbd,00000000-0000-0000-0000-000000000001,CREATE_NEW_PARTY,"{""reason"": ""no_existing_party"", ""persons_total"": 848, ""r0_census_date"": ""2026-09-12"", ""collision_check"": ""pass"", ""uuid_collisions"": 0, ""deterministic_duplicates"": 0, ""data_quality_missing_dob_pct"": 0.00, ""data_quality_missing_name_pct"": 0.00}",planned,Sat Sep 12 2026 14:05:28 GMT+0700 (Indochina Time),Sat Sep 12 2026 14:05:29 GMT+0700 (Indochina Time)
164b0376-50ff-4d54-b74c-1f0f8e0ca70e,164b0376-50ff-4d54-b74c-1f0f8e0ca70e,00000000-0000-0000-0000-000000000001,CREATE_NEW_PARTY,"{""reason"": ""no_existing_party"", ""persons_total"": 848, ""r0_census_date"": ""2026-09-12"", ""collision_check"": ""pass"", ""uuid_collisions"": 0, ""deterministic_duplicates"": 0, ""data_quality_missing_dob_pct"": 0.00, ""data_quality_missing_name_pct"": 0.00}",planned,Sat Sep 12 2026 14:05:28 GMT+0700 (Indochina Time),Sat Sep 12 2026 14:05:29 GMT+0700 (Indochina Time)
8d0ef38a-14c5-4ba2-b32c-c74a5a71933c,8d0ef38a-14c5-4ba2-b32c-c74a5a71933c,00000000-0000-0000-0000-000000000001,CREATE_NEW_PARTY,"{""reason"": ""no_existing_party"", ""persons_total"": 848, ""r0_census_date"": ""2026-09-12"", ""collision_check"": ""pass"", ""uuid_collisions"": 0, ""deterministic_duplicates"": 0, ""data_quality_missing_dob_pct"": 0.00, ""data_quality_missing_name_pct"": 0.00}",planned,Sat Sep 12 2026 14:05:28 GMT+0700 (Indochina Time),Sat Sep 12 2026 14:05:29 GMT+0700 (Indochina Time)
59beb24a-8c76-4289-839e-f0415152f44a,59beb24a-8c76-4289-839e-f0415152f44a,00000000-0000-0000-0000-000000000001,CREATE_NEW_PARTY,"{""reason"": ""no_existing_party"", ""persons_total"": 848, ""r0_census_date"": ""2026-09-12"", ""collision_check"": ""pass"", ""uuid_collisions"": 0, ""deterministic_duplicates"": 0, ""data_quality_missing_dob_pct"": 0.00, ""data_quality_missing_name_pct"": 0.00}",planned,Sat Sep 12 2026 14:05:28 GMT+0700 (Indochina Time),Sat Sep 12 2026 14:05:29 GMT+0700 (Indochina Time)
63a46f53-aad9-4805-92b8-9350714aab73,63a46f53-aad9-4805-92b8-9350714aab73,00000000-0000-0000-0000-000000000001,CREATE_NEW_PARTY,"{""reason"": ""no_existing_party"", ""persons_total"": 848, ""r0_census_date"": ""2026-09-12"", ""collision_check"": ""pass"", ""uuid_collisions"": 0, ""deterministic_duplicates"": 0, ""data_quality_missing_dob_pct"": 0.00, ""data_quality_missing_name_pct"": 0.00}",planned,Sat Sep 12 2026 14:05:28 GMT+0700 (Indochina Time),Sat Sep 12 2026 14:05:29 GMT+0700 (Indochina Time)
9e2c5fa9-cce9-4419-8146-c92d22ab3fc9,9e2c5fa9-cce9-4419-8146-c92d22ab3fc9,00000000-0000-0000-0000-000000000002,CREATE_NEW_PARTY,"{""reason"": ""no_existing_party"", ""persons_total"": 848, ""r0_census_date"": ""2026-09-12"", ""collision_check"": ""pass"", ""uuid_collisions"": 0, ""deterministic_duplicates"": 0, ""data_quality_missing_dob_pct"": 0.00, ""data_quality_missing_name_pct"": 0.00}",planned,Sat Sep 12 2026 14:05:28 GMT+0700 (Indochina Time),Sat Sep 12 2026 14:05:29 GMT+0700 (Indochina Time)
b7a1e018-0bdd-494a-80bf-80063c98150a,b7a1e018-0bdd-494a-80bf-80063c98150a,00000000-0000-0000-0000-000000000001,CREATE_NEW_PARTY,"{""reason"": ""no_existing_party"", ""persons_total"": 848, ""r0_census_date"": ""2026-09-12"", ""collision_check"": ""pass"", ""uuid_collisions"": 0, ""deterministic_duplicates"": 0, ""data_quality_missing_dob_pct"": 0.00, ""data_quality_missing_name_pct"": 0.00}",planned,Sat Sep 12 2026 14:05:28 GMT+0700 (Indochina Time),Sat Sep 12 2026 14:05:29 GMT+0700 (Indochina Time)
60cb60ee-45cd-44b6-87df-d808391dab28,60cb60ee-45cd-44b6-87df-d808391dab28,00000000-0000-0000-0000-000000000001,CREATE_NEW_PARTY,"{""reason"": ""no_existing_party"", ""persons_total"": 848, ""r0_census_date"": ""2026-09-12"", ""collision_check"": ""pass"", ""uuid_collisions"": 0, ""deterministic_duplicates"": 0, ""data_quality_missing_dob_pct"": 0.00, ""data_quality_missing_name_pct"": 0.00}",planned,Sat Sep 12 2026 14:05:28 GMT+0700 (Indochina Time),Sat Sep 12 2026 14:05:29 GMT+0700 (Indochina Time)
2cfb7769-c8b0-4dde-8d3c-f77a0f0d9c0b,2cfb7769-c8b0-4dde-8d3c-f77a0f0d9c0b,00000000-0000-0000-0000-000000000001,CREATE_NEW_PARTY,"{""reason"": ""no_existing_party"", ""persons_total"": 848, ""r0_census_date"": ""2026-09-12"", ""collision_check"": ""pass"", ""uuid_collisions"": 0, ""deterministic_duplicates"": 0, ""data_quality_missing_dob_pct"": 0.00, ""data_quality_missing_name_pct"": 0.00}",planned,Sat Sep 12 2026 14:05:28 GMT+0700 (Indochina Time),Sat Sep 12 2026 14:05:29 GMT+0700 (Indochina Time)
2b1ef3ef-ce7b-499f-97f5-53d57966fede,2b1ef3ef-ce7b-499f-97f5-53d57966fede,00000000-0000-0000-0000-000000000001,CREATE_NEW_PARTY,"{""reason"": ""no_existing_party"", ""persons_total"": 848, ""r0_census_date"": ""2026-09-12"", ""collision_check"": ""pass"", ""uuid_collisions"": 0, ""deterministic_duplicates"": 0, ""data_quality_missing_dob_pct"": 0.00, ""data_quality_missing_name_pct"": 0.00}",planned,Sat Sep 12 2026 14:05:28 GMT+0700 (Indochina Time),Sat Sep 12 2026 14:05:29 GMT+0700 (Indochina Time)
7395c12d-73ef-47ae-9699-70618218ba47,7395c12d-73ef-47ae-9699-70618218ba47,00000000-0000-0000-0000-000000000001,CREATE_NEW_PARTY,"{""reason"": ""no_existing_party"", ""persons_total"": 848, ""r0_census_date"": ""2026-09-12"", ""collision_check"": ""pass"", ""uuid_collisions"": 0, ""deterministic_duplicates"": 0, ""data_quality_missing_dob_pct"": 0.00, ""data_quality_missing_name_pct"": 0.00}",planned,Sat Sep 12 2026 14:05:28 GMT+0700 (Indochina Time),Sat Sep 12 2026 14:05:29 GMT+0700 (Indochina Time)
09ec1bcc-ce9a-4be1-b20e-ba597c25790e,09ec1bcc-ce9a-4be1-b20e-ba597c25790e,00000000-0000-0000-0000-000000000001,CREATE_NEW_PARTY,"{""reason"": ""no_existing_party"", ""persons_total"": 848, ""r0_census_date"": ""2026-09-12"", ""collision_check"": ""pass"", ""uuid_collisions"": 0, ""deterministic_duplicates"": 0, ""data_quality_missing_dob_pct"": 0.00, ""data_quality_missing_name_pct"": 0.00}",planned,Sat Sep 12 2026 14:05:28 GMT+0700 (Indochina Time),Sat Sep 12 2026 14:05:29 GMT+0700 (Indochina Time)
9aceee2a-3517-4aed-864a-cbd511925d67,9aceee2a-3517-4aed-864a-cbd511925d67,00000000-0000-0000-0000-000000000001,CREATE_NEW_PARTY,"{""reason"": ""no_existing_party"", ""persons_total"": 848, ""r0_census_date"": ""2026-09-12"", ""collision_check"": ""pass"", ""uuid_collisions"": 0, ""deterministic_duplicates"": 0, ""data_quality_missing_dob_pct"": 0.00, ""data_quality_missing_name_pct"": 0.00}",planned,Sat Sep 12 2026 14:05:28 GMT+0700 (Indochina Time),Sat Sep 12 2026 14:05:29 GMT+0700 (Indochina Time)
6bbc8be1-55a9-4d76-98b5-c70941317f22,6bbc8be1-55a9-4d76-98b5-c70941317f22,00000000-0000-0000-0000-000000000001,CREATE_NEW_PARTY,"{""reason"": ""no_existing_party"", ""persons_total"": 848, ""r0_census_date"": ""2026-09-12"", ""collision_check"": ""pass"", ""uuid_collisions"": 0, ""deterministic_duplicates"": 0, ""data_quality_missing_dob_pct"": 0.00, ""data_quality_missing_name_pct"": 0.00}",planned,Sat Sep 12 2026 14:05:28 GMT+0700 (Indochina Time),Sat Sep 12 2026 14:05:29 GMT+0700 (Indochina Time)
fc940207-c567-4e5c-8d09-37b12c913d68,fc940207-c567-4e5c-8d09-37b12c913d68,00000000-0000-0000-0000-000000000001,CREATE_NEW_PARTY,"{""reason"": ""no_existing_party"", ""persons_total"": 848, ""r0_census_date"": ""2026-09-12"", ""collision_check"": ""pass"", ""uuid_collisions"": 0, ""deterministic_duplicates"": 0, ""data_quality_missing_dob_pct"": 0.00, ""data_quality_missing_name_pct"": 0.00}",planned,Sat Sep 12 2026 14:05:28 GMT+0700 (Indochina Time),Sat Sep 12 2026 14:05:29 GMT+0700 (Indochina Time)
f701d712-9813-48d5-ba86-3f4542cdb62a,f701d712-9813-48d5-ba86-3f4542cdb62a,00000000-0000-0000-0000-000000000001,CREATE_NEW_PARTY,"{""reason"": ""no_existing_party"", ""persons_total"": 848, ""r0_census_date"": ""2026-09-12"", ""collision_check"": ""pass"", ""uuid_collisions"": 0, ""deterministic_duplicates"": 0, ""data_quality_missing_dob_pct"": 0.00, ""data_quality_missing_name_pct"": 0.00}",planned,Sat Sep 12 2026 14:05:28 GMT+0700 (Indochina Time),Sat Sep 12 2026 14:05:29 GMT+0700 (Indochina Time)
ffd4d3c0-076a-4197-b3ac-0d7b774357ac,ffd4d3c0-076a-4197-b3ac-0d7b774357ac,00000000-0000-0000-0000-000000000001,CREATE_NEW_PARTY,"{""reason"": ""no_existing_party"", ""persons_total"": 848, ""r0_census_date"": ""2026-09-12"", ""collision_check"": ""pass"", ""uuid_collisions"": 0, ""deterministic_duplicates"": 0, ""data_quality_missing_dob_pct"": 0.00, ""data_quality_missing_name_pct"": 0.00}",planned,Sat Sep 12 2026 14:05:28 GMT+0700 (Indochina Time),Sat Sep 12 2026 14:05:29 GMT+0700 (Indochina Time)
5f4a4cc4-d520-44d3-8a01-4e0f654d5266,5f4a4cc4-d520-44d3-8a01-4e0f654d5266,00000000-0000-0000-0000-000000000002,CREATE_NEW_PARTY,"{""reason"": ""no_existing_party"", ""persons_total"": 848, ""r0_census_date"": ""2026-09-12"", ""collision_check"": ""pass"", ""uuid_collisions"": 0, ""deterministic_duplicates"": 0, ""data_quality_missing_dob_pct"": 0.00, ""data_quality_missing_name_pct"": 0.00}",planned,Sat Sep 12 2026 14:05:28 GMT+0700 (Indochina Time),Sat Sep 12 2026 14:05:29 GMT+0700 (Indochina Time)
a5fd14cc-b64f-411b-9c8d-a5404ea52434,a5fd14cc-b64f-411b-9c8d-a5404ea52434,00000000-0000-0000-0000-000000000001,CREATE_NEW_PARTY,"{""reason"": ""no_existing_party"", ""persons_total"": 848, ""r0_census_date"": ""2026-09-12"", ""collision_check"": ""pass"", ""uuid_collisions"": 0, ""deterministic_duplicates"": 0, ""data_quality_missing_dob_pct"": 0.00, ""data_quality_missing_name_pct"": 0.00}",planned,Sat Sep 12 2026 14:05:28 GMT+0700 (Indochina Time),Sat Sep 12 2026 14:05:29 GMT+0700 (Indochina Time)
67f55ca1-8364-40ed-9254-de9e5a755f66,67f55ca1-8364-40ed-9254-de9e5a755f66,00000000-0000-0000-0000-000000000001,CREATE_NEW_PARTY,"{""reason"": ""no_existing_party"", ""persons_total"": 848, ""r0_census_date"": ""2026-09-12"", ""collision_check"": ""pass"", ""uuid_collisions"": 0, ""deterministic_duplicates"": 0, ""data_quality_missing_dob_pct"": 0.00, ""data_quality_missing_name_pct"": 0.00}",planned,Sat Sep 12 2026 14:05:28 GMT+0700 (Indochina Time),Sat Sep 12 2026 14:05:29 GMT+0700 (Indochina Time)
2a8f4d4e-cbd1-4de2-9117-a8d0caf142bf,2a8f4d4e-cbd1-4de2-9117-a8d0caf142bf,00000000-0000-0000-0000-000000000001,CREATE_NEW_PARTY,"{""reason"": ""no_existing_party"", ""persons_total"": 848, ""r0_census_date"": ""2026-09-12"", ""collision_check"": ""pass"", ""uuid_collisions"": 0, ""deterministic_duplicates"": 0, ""data_quality_missing_dob_pct"": 0.00, ""data_quality_missing_name_pct"": 0.00}",planned,Sat Sep 12 2026 14:05:28 GMT+0700 (Indochina Time),Sat Sep 12 2026 14:05:29 GMT+0700 (Indochina Time)
b2f4bd7e-bc2d-4583-beb6-14739f8728f7,b2f4bd7e-bc2d-4583-beb6-14739f8728f7,00000000-0000-0000-0000-000000000001,CREATE_NEW_PARTY,"{""reason"": ""no_existing_party"", ""persons_total"": 848, ""r0_census_date"": ""2026-09-12"", ""collision_check"": ""pass"", ""uuid_collisions"": 0, ""deterministic_duplicates"": 0, ""data_quality_missing_dob_pct"": 0.00, ""data_quality_missing_name_pct"": 0.00}",planned,Sat Sep 12 2026 14:05:28 GMT+0700 (Indochina Time),Sat Sep 12 2026 14:05:29 GMT+0700 (Indochina Time)
75cee2ac-fd2e-4af3-96d3-c285db1f83ba,75cee2ac-fd2e-4af3-96d3-c285db1f83ba,00000000-0000-0000-0000-000000000001,CREATE_NEW_PARTY,"{""reason"": ""no_existing_party"", ""persons_total"": 848, ""r0_census_date"": ""2026-09-12"", ""collision_check"": ""pass"", ""uuid_collisions"": 0, ""deterministic_duplicates"": 0, ""data_quality_missing_dob_pct"": 0.00, ""data_quality_missing_name_pct"": 0.00}",planned,Sat Sep 12 2026 14:05:28 GMT+0700 (Indochina Time),Sat Sep 12 2026 14:05:29 GMT+0700 (Indochina Time)
c2edc64b-2d7f-43b2-abee-60674f51bdd5,c2edc64b-2d7f-43b2-abee-60674f51bdd5,00000000-0000-0000-0000-000000000001,CREATE_NEW_PARTY,"{""reason"": ""no_existing_party"", ""persons_total"": 848, ""r0_census_date"": ""2026-09-12"", ""collision_check"": ""pass"", ""uuid_collisions"": 0, ""deterministic_duplicates"": 0, ""data_quality_missing_dob_pct"": 0.00, ""data_quality_missing_name_pct"": 0.00}",planned,Sat Sep 12 2026 14:05:28 GMT+0700 (Indochina Time),Sat Sep 12 2026 14:05:29 GMT+0700 (Indochina Time)
90a68eae-a0f9-4721-ac03-073f883ee7e7,90a68eae-a0f9-4721-ac03-073f883ee7e7,00000000-0000-0000-0000-000000000001,CREATE_NEW_PARTY,"{""reason"": ""no_existing_party"", ""persons_total"": 848, ""r0_census_date"": ""2026-09-12"", ""collision_check"": ""pass"", ""uuid_collisions"": 0, ""deterministic_duplicates"": 0, ""data_quality_missing_dob_pct"": 0.00, ""data_quality_missing_name_pct"": 0.00}",planned,Sat Sep 12 2026 14:05:28 GMT+0700 (Indochina Time),Sat Sep 12 2026 14:05:29 GMT+0700 (Indochina Time)
63c9c973-354f-42d0-8a2e-783712be7b9d,63c9c973-354f-42d0-8a2e-783712be7b9d,00000000-0000-0000-0000-000000000001,CREATE_NEW_PARTY,"{""reason"": ""no_existing_party"", ""persons_total"": 848, ""r0_census_date"": ""2026-09-12"", ""collision_check"": ""pass"", ""uuid_collisions"": 0, ""deterministic_duplicates"": 0, ""data_quality_missing_dob_pct"": 0.00, ""data_quality_missing_name_pct"": 0.00}",planned,Sat Sep 12 2026 14:05:28 GMT+0700 (Indochina Time),Sat Sep 12 2026 14:05:29 GMT+0700 (Indochina Time)
11ac5125-7a0a-4044-a332-3f3a99adc8c1,11ac5125-7a0a-4044-a332-3f3a99adc8c1,00000000-0000-0000-0000-000000000001,CREATE_NEW_PARTY,"{""reason"": ""no_existing_party"", ""persons_total"": 848, ""r0_census_date"": ""2026-09-12"", ""collision_check"": ""pass"", ""uuid_collisions"": 0, ""deterministic_duplicates"": 0, ""data_quality_missing_dob_pct"": 0.00, ""data_quality_missing_name_pct"": 0.00}",planned,Sat Sep 12 2026 14:05:28 GMT+0700 (Indochina Time),Sat Sep 12 2026 14:05:29 GMT+0700 (Indochina Time)
09e3deb9-c7cb-4ca9-b1f8-12d5046ff87f,09e3deb9-c7cb-4ca9-b1f8-12d5046ff87f,00000000-0000-0000-0000-000000000001,CREATE_NEW_PARTY,"{""reason"": ""no_existing_party"", ""persons_total"": 848, ""r0_census_date"": ""2026-09-12"", ""collision_check"": ""pass"", ""uuid_collisions"": 0, ""deterministic_duplicates"": 0, ""data_quality_missing_dob_pct"": 0.00, ""data_quality_missing_name_pct"": 0.00}",planned,Sat Sep 12 2026 14:05:28 GMT+0700 (Indochina Time),Sat Sep 12 2026 14:05:29 GMT+0700 (Indochina Time)
5d35f39c-13b1-4a0c-97f2-e5a7ca966383,5d35f39c-13b1-4a0c-97f2-e5a7ca966383,00000000-0000-0000-0000-000000000001,CREATE_NEW_PARTY,"{""reason"": ""no_existing_party"", ""persons_total"": 848, ""r0_census_date"": ""2026-09-12"", ""collision_check"": ""pass"", ""uuid_collisions"": 0, ""deterministic_duplicates"": 0, ""data_quality_missing_dob_pct"": 0.00, ""data_quality_missing_name_pct"": 0.00}",planned,Sat Sep 12 2026 14:05:28 GMT+0700 (Indochina Time),Sat Sep 12 2026 14:05:29 GMT+0700 (Indochina Time)
b329a552-c3d6-4968-a678-17978fe616ea,b329a552-c3d6-4968-a678-17978fe616ea,00000000-0000-0000-0000-000000000002,CREATE_NEW_PARTY,"{""reason"": ""no_existing_party"", ""persons_total"": 848, ""r0_census_date"": ""2026-09-12"", ""collision_check"": ""pass"", ""uuid_collisions"": 0, ""deterministic_duplicates"": 0, ""data_quality_missing_dob_pct"": 0.00, ""data_quality_missing_name_pct"": 0.00}",planned,Sat Sep 12 2026 14:05:28 GMT+0700 (Indochina Time),Sat Sep 12 2026 14:05:29 GMT+0700 (Indochina Time)
c6ae92f1-fc0c-4ae1-876f-ec29de5432f9,c6ae92f1-fc0c-4ae1-876f-ec29de5432f9,ed5f22cd-4ab1-4e4d-98b6-66cb6d6b65c1,CREATE_NEW_PARTY,"{""reason"": ""no_existing_party"", ""persons_total"": 848, ""r0_census_date"": ""2026-09-12"", ""collision_check"": ""pass"", ""uuid_collisions"": 0, ""deterministic_duplicates"": 0, ""data_quality_missing_dob_pct"": 0.00, ""data_quality_missing_name_pct"": 0.00}",planned,Sat Sep 12 2026 14:05:28 GMT+0700 (Indochina Time),Sat Sep 12 2026 14:05:29 GMT+0700 (Indochina Time)
3839ffb3-05be-41b8-a272-969c693d28e4,3839ffb3-05be-41b8-a272-969c693d28e4,660b14b0-752b-4445-8f29-0a54a2a43b85,CREATE_NEW_PARTY,"{""reason"": ""no_existing_party"", ""persons_total"": 848, ""r0_census_date"": ""2026-09-12"", ""collision_check"": ""pass"", ""uuid_collisions"": 0, ""deterministic_duplicates"": 0, ""data_quality_missing_dob_pct"": 0.00, ""data_quality_missing_name_pct"": 0.00}",planned,Sat Sep 12 2026 14:05:28 GMT+0700 (Indochina Time),Sat Sep 12 2026 14:05:29 GMT+0700 (Indochina Time)
9d500fcf-72eb-4167-b169-171d42d44ad9,9d500fcf-72eb-4167-b169-171d42d44ad9,fa42a3e0-2f97-45e0-8af6-b18c2ed0a9ed,CREATE_NEW_PARTY,"{""reason"": ""no_existing_party"", ""persons_total"": 848, ""r0_census_date"": ""2026-09-12"", ""collision_check"": ""pass"", ""uuid_collisions"": 0, ""deterministic_duplicates"": 0, ""data_quality_missing_dob_pct"": 0.00, ""data_quality_missing_name_pct"": 0.00}",planned,Sat Sep 12 2026 14:05:28 GMT+0700 (Indochina Time),Sat Sep 12 2026 14:05:29 GMT+0700 (Indochina Time)
c95d9755-c15a-4900-9684-90200ec9ff93,c95d9755-c15a-4900-9684-90200ec9ff93,fa42a3e0-2f97-45e0-8af6-b18c2ed0a9ed,CREATE_NEW_PARTY,"{""reason"": ""no_existing_party"", ""persons_total"": 848, ""r0_census_date"": ""2026-09-12"", ""collision_check"": ""pass"", ""uuid_collisions"": 0, ""deterministic_duplicates"": 0, ""data_quality_missing_dob_pct"": 0.00, ""data_quality_missing_name_pct"": 0.00}",planned,Sat Sep 12 2026 14:05:28 GMT+0700 (Indochina Time),Sat Sep 12 2026 14:05:29 GMT+0700 (Indochina Time)
7359ace6-2ad9-4d01-84ae-559f3d6c84eb,7359ace6-2ad9-4d01-84ae-559f3d6c84eb,ed5f22cd-4ab1-4e4d-98b6-66cb6d6b65c1,CREATE_NEW_PARTY,"{""reason"": ""no_existing_party"", ""persons_total"": 848, ""r0_census_date"": ""2026-09-12"", ""collision_check"": ""pass"", ""uuid_collisions"": 0, ""deterministic_duplicates"": 0, ""data_quality_missing_dob_pct"": 0.00, ""data_quality_missing_name_pct"": 0.00}",planned,Sat Sep 12 2026 14:05:28 GMT+0700 (Indochina Time),Sat Sep 12 2026 14:05:29 GMT+0700 (Indochina Time)
96513dd1-df56-400a-9230-24a9a9fc4fa6,96513dd1-df56-400a-9230-24a9a9fc4fa6,3ec7bc4f-3da6-4f59-bab3-3482bd87ef3a,CREATE_NEW_PARTY,"{""reason"": ""no_existing_party"", ""persons_total"": 848, ""r0_census_date"": ""2026-09-12"", ""collision_check"": ""pass"", ""uuid_collisions"": 0, ""deterministic_duplicates"": 0, ""data_quality_missing_dob_pct"": 0.00, ""data_quality_missing_name_pct"": 0.00}",planned,Sat Sep 12 2026 14:05:28 GMT+0700 (Indochina Time),Sat Sep 12 2026 14:05:29 GMT+0700 (Indochina Time)
eaf7fbf7-a292-47ea-bb4c-0091ff6eb7b9,eaf7fbf7-a292-47ea-bb4c-0091ff6eb7b9,fa42a3e0-2f97-45e0-8af6-b18c2ed0a9ed,CREATE_NEW_PARTY,"{""reason"": ""no_existing_party"", ""persons_total"": 848, ""r0_census_date"": ""2026-09-12"", ""collision_check"": ""pass"", ""uuid_collisions"": 0, ""deterministic_duplicates"": 0, ""data_quality_missing_dob_pct"": 0.00, ""data_quality_missing_name_pct"": 0.00}",planned,Sat Sep 12 2026 14:05:28 GMT+0700 (Indochina Time),Sat Sep 12 2026 14:05:29 GMT+0700 (Indochina Time)
4e598837-2dd3-4c5b-a4da-70ef1e14a180,4e598837-2dd3-4c5b-a4da-70ef1e14a180,ed5f22cd-4ab1-4e4d-98b6-66cb6d6b65c1,CREATE_NEW_PARTY,"{""reason"": ""no_existing_party"", ""persons_total"": 848, ""r0_census_date"": ""2026-09-12"", ""collision_check"": ""pass"", ""uuid_collisions"": 0, ""deterministic_duplicates"": 0, ""data_quality_missing_dob_pct"": 0.00, ""data_quality_missing_name_pct"": 0.00}",planned,Sat Sep 12 2026 14:05:28 GMT+0700 (Indochina Time),Sat Sep 12 2026 14:05:29 GMT+0700 (Indochina Time)
b76feedc-0d2e-4bf6-97ca-5785e07c7f48,b76feedc-0d2e-4bf6-97ca-5785e07c7f48,3ec7bc4f-3da6-4f59-bab3-3482bd87ef3a,CREATE_NEW_PARTY,"{""reason"": ""no_existing_party"", ""persons_total"": 848, ""r0_census_date"": ""2026-09-12"", ""collision_check"": ""pass"", ""uuid_collisions"": 0, ""deterministic_duplicates"": 0, ""data_quality_missing_dob_pct"": 0.00, ""data_quality_missing_name_pct"": 0.00}",planned,Sat Sep 12 2026 14:05:28 GMT+0700 (Indochina Time),Sat Sep 12 2026 14:05:29 GMT+0700 (Indochina Time)
62bf80f9-7b5c-46cd-9c0a-7c90a893f04d,62bf80f9-7b5c-46cd-9c0a-7c90a893f04d,ebe3d71b-be43-4d1b-ac3f-4f4b0abd0f87,CREATE_NEW_PARTY,"{""reason"": ""no_existing_party"", ""persons_total"": 848, ""r0_census_date"": ""2026-09-12"", ""collision_check"": ""pass"", ""uuid_collisions"": 0, ""deterministic_duplicates"": 0, ""data_quality_missing_dob_pct"": 0.00, ""data_quality_missing_name_pct"": 0.00}",planned,Sat Sep 12 2026 14:05:28 GMT+0700 (Indochina Time),Sat Sep 12 2026 14:05:29 GMT+0700 (Indochina Time)
0fb8487e-6dcb-4886-8428-a7e6f2ba2862,0fb8487e-6dcb-4886-8428-a7e6f2ba2862,dc5f98f3-7a1b-46d1-b264-a271bc9c3a8a,CREATE_NEW_PARTY,"{""reason"": ""no_existing_party"", ""persons_total"": 848, ""r0_census_date"": ""2026-09-12"", ""collision_check"": ""pass"", ""uuid_collisions"": 0, ""deterministic_duplicates"": 0, ""data_quality_missing_dob_pct"": 0.00, ""data_quality_missing_name_pct"": 0.00}",planned,Sat Sep 12 2026 14:05:28 GMT+0700 (Indochina Time),Sat Sep 12 2026 14:05:29 GMT+0700 (Indochina Time)
8af2377c-7f8d-4ee7-b2d3-372b8fa5c9cc,8af2377c-7f8d-4ee7-b2d3-372b8fa5c9cc,ba139353-7d59-48c2-9191-37f576724c06,CREATE_NEW_PARTY,"{""reason"": ""no_existing_party"", ""persons_total"": 848, ""r0_census_date"": ""2026-09-12"", ""collision_check"": ""pass"", ""uuid_collisions"": 0, ""deterministic_duplicates"": 0, ""data_quality_missing_dob_pct"": 0.00, ""data_quality_missing_name_pct"": 0.00}",planned,Sat Sep 12 2026 14:05:28 GMT+0700 (Indochina Time),Sat Sep 12 2026 14:05:29 GMT+0700 (Indochina Time)
1c941152-0e1e-4490-9dfa-21a02fbc430b,1c941152-0e1e-4490-9dfa-21a02fbc430b,dc5f98f3-7a1b-46d1-b264-a271bc9c3a8a,CREATE_NEW_PARTY,"{""reason"": ""no_existing_party"", ""persons_total"": 848, ""r0_census_date"": ""2026-09-12"", ""collision_check"": ""pass"", ""uuid_collisions"": 0, ""deterministic_duplicates"": 0, ""data_quality_missing_dob_pct"": 0.00, ""data_quality_missing_name_pct"": 0.00}",planned,Sat Sep 12 2026 14:05:28 GMT+0700 (Indochina Time),Sat Sep 12 2026 14:05:29 GMT+0700 (Indochina Time)
0a783c50-0e73-4386-8200-b50b8631b64e,0a783c50-0e73-4386-8200-b50b8631b64e,00000000-0000-0000-0000-000000000001,CREATE_NEW_PARTY,"{""reason"": ""no_existing_party"", ""persons_total"": 848, ""r0_census_date"": ""2026-09-12"", ""collision_check"": ""pass"", ""uuid_collisions"": 0, ""deterministic_duplicates"": 0, ""data_quality_missing_dob_pct"": 0.00, ""data_quality_missing_name_pct"": 0.00}",planned,Sat Sep 12 2026 14:05:28 GMT+0700 (Indochina Time),Sat Sep 12 2026 14:05:29 GMT+0700 (Indochina Time)
2f87ab40-78fd-4000-adb2-91d830b90f12,2f87ab40-78fd-4000-adb2-91d830b90f12,00000000-0000-0000-0000-000000000001,CREATE_NEW_PARTY,"{""reason"": ""no_existing_party"", ""persons_total"": 848, ""r0_census_date"": ""2026-09-12"", ""collision_check"": ""pass"", ""uuid_collisions"": 0, ""deterministic_duplicates"": 0, ""data_quality_missing_dob_pct"": 0.00, ""data_quality_missing_name_pct"": 0.00}",planned,Sat Sep 12 2026 14:05:28 GMT+0700 (Indochina Time),Sat Sep 12 2026 14:05:29 GMT+0700 (Indochina Time)
36dfbdd5-396d-4538-a3dd-bc122fa7ac75,36dfbdd5-396d-4538-a3dd-bc122fa7ac75,00000000-0000-0000-0000-000000000001,CREATE_NEW_PARTY,"{""reason"": ""no_existing_party"", ""persons_total"": 848, ""r0_census_date"": ""2026-09-12"", ""collision_check"": ""pass"", ""uuid_collisions"": 0, ""deterministic_duplicates"": 0, ""data_quality_missing_dob_pct"": 0.00, ""data_quality_missing_name_pct"": 0.00}",planned,Sat Sep 12 2026 14:05:28 GMT+0700 (Indochina Time),Sat Sep 12 2026 14:05:29 GMT+0700 (Indochina Time)
10dd3a53-4c92-4699-bac4-e22fd5c67d6e,10dd3a53-4c92-4699-bac4-e22fd5c67d6e,00000000-0000-0000-0000-000000000001,CREATE_NEW_PARTY,"{""reason"": ""no_existing_party"", ""persons_total"": 848, ""r0_census_date"": ""2026-09-12"", ""collision_check"": ""pass"", ""uuid_collisions"": 0, ""deterministic_duplicates"": 0, ""data_quality_missing_dob_pct"": 0.00, ""data_quality_missing_name_pct"": 0.00}",planned,Sat Sep 12 2026 14:05:28 GMT+0700 (Indochina Time),Sat Sep 12 2026 14:05:29 GMT+0700 (Indochina Time)
e8263380-4fa0-42ca-8b25-5983dd361c52,e8263380-4fa0-42ca-8b25-5983dd361c52,00000000-0000-0000-0000-000000000001,CREATE_NEW_PARTY,"{""reason"": ""no_existing_party"", ""persons_total"": 848, ""r0_census_date"": ""2026-09-12"", ""collision_check"": ""pass"", ""uuid_collisions"": 0, ""deterministic_duplicates"": 0, ""data_quality_missing_dob_pct"": 0.00, ""data_quality_missing_name_pct"": 0.00}",planned,Sat Sep 12 2026 14:05:28 GMT+0700 (Indochina Time),Sat Sep 12 2026 14:05:29 GMT+0700 (Indochina Time)
effc94f3-896d-48e5-8e93-3bf5156f6883,effc94f3-896d-48e5-8e93-3bf5156f6883,00000000-0000-0000-0000-000000000001,CREATE_NEW_PARTY,"{""reason"": ""no_existing_party"", ""persons_total"": 848, ""r0_census_date"": ""2026-09-12"", ""collision_check"": ""pass"", ""uuid_collisions"": 0, ""deterministic_duplicates"": 0, ""data_quality_missing_dob_pct"": 0.00, ""data_quality_missing_name_pct"": 0.00}",planned,Sat Sep 12 2026 14:05:28 GMT+0700 (Indochina Time),Sat Sep 12 2026 14:05:29 GMT+0700 (Indochina Time)
ac80a621-b3ea-4beb-a8d3-97c6e4b3ecf6,ac80a621-b3ea-4beb-a8d3-97c6e4b3ecf6,00000000-0000-0000-0000-000000000001,CREATE_NEW_PARTY,"{""reason"": ""no_existing_party"", ""persons_total"": 848, ""r0_census_date"": ""2026-09-12"", ""collision_check"": ""pass"", ""uuid_collisions"": 0, ""deterministic_duplicates"": 0, ""data_quality_missing_dob_pct"": 0.00, ""data_quality_missing_name_pct"": 0.00}",planned,Sat Sep 12 2026 14:05:28 GMT+0700 (Indochina Time),Sat Sep 12 2026 14:05:29 GMT+0700 (Indochina Time)
be90394b-2f89-4be3-9bf3-a90dc2c44df4,be90394b-2f89-4be3-9bf3-a90dc2c44df4,00000000-0000-0000-0000-000000000001,CREATE_NEW_PARTY,"{""reason"": ""no_existing_party"", ""persons_total"": 848, ""r0_census_date"": ""2026-09-12"", ""collision_check"": ""pass"", ""uuid_collisions"": 0, ""deterministic_duplicates"": 0, ""data_quality_missing_dob_pct"": 0.00, ""data_quality_missing_name_pct"": 0.00}",planned,Sat Sep 12 2026 14:05:28 GMT+0700 (Indochina Time),Sat Sep 12 2026 14:05:29 GMT+0700 (Indochina Time)
72f5444b-97da-493f-b148-01949ae6759e,72f5444b-97da-493f-b148-01949ae6759e,00000000-0000-0000-0000-000000000001,CREATE_NEW_PARTY,"{""reason"": ""no_existing_party"", ""persons_total"": 848, ""r0_census_date"": ""2026-09-12"", ""collision_check"": ""pass"", ""uuid_collisions"": 0, ""deterministic_duplicates"": 0, ""data_quality_missing_dob_pct"": 0.00, ""data_quality_missing_name_pct"": 0.00}",planned,Sat Sep 12 2026 14:05:28 GMT+0700 (Indochina Time),Sat Sep 12 2026 14:05:29 GMT+0700 (Indochina Time)
48a53120-cd1d-46f4-bf56-78684b2a344e,48a53120-cd1d-46f4-bf56-78684b2a344e,00000000-0000-0000-0000-000000000001,CREATE_NEW_PARTY,"{""reason"": ""no_existing_party"", ""persons_total"": 848, ""r0_census_date"": ""2026-09-12"", ""collision_check"": ""pass"", ""uuid_collisions"": 0, ""deterministic_duplicates"": 0, ""data_quality_missing_dob_pct"": 0.00, ""data_quality_missing_name_pct"": 0.00}",planned,Sat Sep 12 2026 14:05:28 GMT+0700 (Indochina Time),Sat Sep 12 2026 14:05:29 GMT+0700 (Indochina Time)
5e93d12d-d48e-4cf4-8632-7df73eb0c645,5e93d12d-d48e-4cf4-8632-7df73eb0c645,00000000-0000-0000-0000-000000000001,CREATE_NEW_PARTY,"{""reason"": ""no_existing_party"", ""persons_total"": 848, ""r0_census_date"": ""2026-09-12"", ""collision_check"": ""pass"", ""uuid_collisions"": 0, ""deterministic_duplicates"": 0, ""data_quality_missing_dob_pct"": 0.00, ""data_quality_missing_name_pct"": 0.00}",planned,Sat Sep 12 2026 14:05:28 GMT+0700 (Indochina Time),Sat Sep 12 2026 14:05:29 GMT+0700 (Indochina Time)
836cc331-b70a-4326-9b17-1937ef4f9e2a,836cc331-b70a-4326-9b17-1937ef4f9e2a,00000000-0000-0000-0000-000000000002,CREATE_NEW_PARTY,"{""reason"": ""no_existing_party"", ""persons_total"": 848, ""r0_census_date"": ""2026-09-12"", ""collision_check"": ""pass"", ""uuid_collisions"": 0, ""deterministic_duplicates"": 0, ""data_quality_missing_dob_pct"": 0.00, ""data_quality_missing_name_pct"": 0.00}",planned,Sat Sep 12 2026 14:05:28 GMT+0700 (Indochina Time),Sat Sep 12 2026 14:05:29 GMT+0700 (Indochina Time)
00000000-0000-0000-0000-000000000710,00000000-0000-0000-0000-000000000710,00000000-0000-0000-0000-000000000001,CREATE_NEW_PARTY,"{""reason"": ""no_existing_party"", ""persons_total"": 848, ""r0_census_date"": ""2026-09-12"", ""collision_check"": ""pass"", ""uuid_collisions"": 0, ""deterministic_duplicates"": 0, ""data_quality_missing_dob_pct"": 0.00, ""data_quality_missing_name_pct"": 0.00}",planned,Sat Sep 12 2026 14:05:28 GMT+0700 (Indochina Time),Sat Sep 12 2026 14:05:29 GMT+0700 (Indochina Time)
00000000-0000-0000-0000-000000000720,00000000-0000-0000-0000-000000000720,00000000-0000-0000-0000-000000000002,CREATE_NEW_PARTY,"{""reason"": ""no_existing_party"", ""persons_total"": 848, ""r0_census_date"": ""2026-09-12"", ""collision_check"": ""pass"", ""uuid_collisions"": 0, ""deterministic_duplicates"": 0, ""data_quality_missing_dob_pct"": 0.00, ""data_quality_missing_name_pct"": 0.00}",planned,Sat Sep 12 2026 14:05:28 GMT+0700 (Indochina Time),Sat Sep 12 2026 14:05:29 GMT+0700 (Indochina Time)
f72117f9-3db6-4bc1-8685-6cb3de04776c,f72117f9-3db6-4bc1-8685-6cb3de04776c,25844288-3f96-4382-b182-c44fadd22017,CREATE_NEW_PARTY,"{""reason"": ""no_existing_party"", ""persons_total"": 848, ""r0_census_date"": ""2026-09-12"", ""collision_check"": ""pass"", ""uuid_collisions"": 0, ""deterministic_duplicates"": 0, ""data_quality_missing_dob_pct"": 0.00, ""data_quality_missing_name_pct"": 0.00}",planned,Sat Sep 12 2026 14:05:28 GMT+0700 (Indochina Time),Sat Sep 12 2026 14:05:29 GMT+0700 (Indochina Time)
fa27beb0-9ca8-47a7-b9a2-0aea4b595f04,fa27beb0-9ca8-47a7-b9a2-0aea4b595f04,4f0acb01-ea70-4f2e-8db4-f4b265939887,CREATE_NEW_PARTY,"{""reason"": ""no_existing_party"", ""persons_total"": 848, ""r0_census_date"": ""2026-09-12"", ""collision_check"": ""pass"", ""uuid_collisions"": 0, ""deterministic_duplicates"": 0, ""data_quality_missing_dob_pct"": 0.00, ""data_quality_missing_name_pct"": 0.00}",planned,Sat Sep 12 2026 14:05:28 GMT+0700 (Indochina Time),Sat Sep 12 2026 14:05:29 GMT+0700 (Indochina Time)
223af03d-2efa-4772-8746-fb9df3db0522,223af03d-2efa-4772-8746-fb9df3db0522,0e5ba0ae-6401-47c4-bf7f-97f9ca419783,CREATE_NEW_PARTY,"{""reason"": ""no_existing_party"", ""persons_total"": 848, ""r0_census_date"": ""2026-09-12"", ""collision_check"": ""pass"", ""uuid_collisions"": 0, ""deterministic_duplicates"": 0, ""data_quality_missing_dob_pct"": 0.00, ""data_quality_missing_name_pct"": 0.00}",planned,Sat Sep 12 2026 14:05:28 GMT+0700 (Indochina Time),Sat Sep 12 2026 14:05:29 GMT+0700 (Indochina Time)
e2402f8b-f070-444e-909f-52190b3f2d10,e2402f8b-f070-444e-909f-52190b3f2d10,fab59234-8c1e-4059-9bd0-54e225477f39,CREATE_NEW_PARTY,"{""reason"": ""no_existing_party"", ""persons_total"": 848, ""r0_census_date"": ""2026-09-12"", ""collision_check"": ""pass"", ""uuid_collisions"": 0, ""deterministic_duplicates"": 0, ""data_quality_missing_dob_pct"": 0.00, ""data_quality_missing_name_pct"": 0.00}",planned,Sat Sep 12 2026 14:05:28 GMT+0700 (Indochina Time),Sat Sep 12 2026 14:05:29 GMT+0700 (Indochina Time)
eb41abe6-9a29-464c-8e37-1bbf3de97078,eb41abe6-9a29-464c-8e37-1bbf3de97078,4f0acb01-ea70-4f2e-8db4-f4b265939887,CREATE_NEW_PARTY,"{""reason"": ""no_existing_party"", ""persons_total"": 848, ""r0_census_date"": ""2026-09-12"", ""collision_check"": ""pass"", ""uuid_collisions"": 0, ""deterministic_duplicates"": 0, ""data_quality_missing_dob_pct"": 0.00, ""data_quality_missing_name_pct"": 0.00}",planned,Sat Sep 12 2026 14:05:28 GMT+0700 (Indochina Time),Sat Sep 12 2026 14:05:29 GMT+0700 (Indochina Time)
115f9e7c-b4f1-41de-a2a6-76c962a95e4d,115f9e7c-b4f1-41de-a2a6-76c962a95e4d,25844288-3f96-4382-b182-c44fadd22017,CREATE_NEW_PARTY,"{""reason"": ""no_existing_party"", ""persons_total"": 848, ""r0_census_date"": ""2026-09-12"", ""collision_check"": ""pass"", ""uuid_collisions"": 0, ""deterministic_duplicates"": 0, ""data_quality_missing_dob_pct"": 0.00, ""data_quality_missing_name_pct"": 0.00}",planned,Sat Sep 12 2026 14:05:28 GMT+0700 (Indochina Time),Sat Sep 12 2026 14:05:29 GMT+0700 (Indochina Time)
73856794-fff2-4772-933a-279c08eb2044,73856794-fff2-4772-933a-279c08eb2044,bde0729b-5920-427f-9886-75b4bfcf6d33,CREATE_NEW_PARTY,"{""reason"": ""no_existing_party"", ""persons_total"": 848, ""r0_census_date"": ""2026-09-12"", ""collision_check"": ""pass"", ""uuid_collisions"": 0, ""deterministic_duplicates"": 0, ""data_quality_missing_dob_pct"": 0.00, ""data_quality_missing_name_pct"": 0.00}",planned,Sat Sep 12 2026 14:05:28 GMT+0700 (Indochina Time),Sat Sep 12 2026 14:05:29 GMT+0700 (Indochina Time)
e14a727f-96ad-4a9d-947c-5e3ffb833ef0,e14a727f-96ad-4a9d-947c-5e3ffb833ef0,fab59234-8c1e-4059-9bd0-54e225477f39,CREATE_NEW_PARTY,"{""reason"": ""no_existing_party"", ""persons_total"": 848, ""r0_census_date"": ""2026-09-12"", ""collision_check"": ""pass"", ""uuid_collisions"": 0, ""deterministic_duplicates"": 0, ""data_quality_missing_dob_pct"": 0.00, ""data_quality_missing_name_pct"": 0.00}",planned,Sat Sep 12 2026 14:05:28 GMT+0700 (Indochina Time),Sat Sep 12 2026 14:05:29 GMT+0700 (Indochina Time)
5cef314a-8814-4479-b751-c26384c3559e,5cef314a-8814-4479-b751-c26384c3559e,4f0acb01-ea70-4f2e-8db4-f4b265939887,CREATE_NEW_PARTY,"{""reason"": ""no_existing_party"", ""persons_total"": 848, ""r0_census_date"": ""2026-09-12"", ""collision_check"": ""pass"", ""uuid_collisions"": 0, ""deterministic_duplicates"": 0, ""data_quality_missing_dob_pct"": 0.00, ""data_quality_missing_name_pct"": 0.00}",planned,Sat Sep 12 2026 14:05:28 GMT+0700 (Indochina Time),Sat Sep 12 2026 14:05:29 GMT+0700 (Indochina Time)
3f7dabb1-81ef-43b9-b954-3c448eedc9c2,3f7dabb1-81ef-43b9-b954-3c448eedc9c2,fab59234-8c1e-4059-9bd0-54e225477f39,CREATE_NEW_PARTY,"{""reason"": ""no_existing_party"", ""persons_total"": 848, ""r0_census_date"": ""2026-09-12"", ""collision_check"": ""pass"", ""uuid_collisions"": 0, ""deterministic_duplicates"": 0, ""data_quality_missing_dob_pct"": 0.00, ""data_quality_missing_name_pct"": 0.00}",planned,Sat Sep 12 2026 14:05:28 GMT+0700 (Indochina Time),Sat Sep 12 2026 14:05:29 GMT+0700 (Indochina Time)
be1a5363-e49b-45dd-95a9-251874bfeebf,be1a5363-e49b-45dd-95a9-251874bfeebf,bde0729b-5920-427f-9886-75b4bfcf6d33,CREATE_NEW_PARTY,"{""reason"": ""no_existing_party"", ""persons_total"": 848, ""r0_census_date"": ""2026-09-12"", ""collision_check"": ""pass"", ""uuid_collisions"": 0, ""deterministic_duplicates"": 0, ""data_quality_missing_dob_pct"": 0.00, ""data_quality_missing_name_pct"": 0.00}",planned,Sat Sep 12 2026 14:05:28 GMT+0700 (Indochina Time),Sat Sep 12 2026 14:05:29 GMT+0700 (Indochina Time)
cd9c02ae-f095-40f7-a637-15cc5dabc387,cd9c02ae-f095-40f7-a637-15cc5dabc387,16bb903f-0203-4a1a-b2cc-fa1eaf1544fc,CREATE_NEW_PARTY,"{""reason"": ""no_existing_party"", ""persons_total"": 848, ""r0_census_date"": ""2026-09-12"", ""collision_check"": ""pass"", ""uuid_collisions"": 0, ""deterministic_duplicates"": 0, ""data_quality_missing_dob_pct"": 0.00, ""data_quality_missing_name_pct"": 0.00}",planned,Sat Sep 12 2026 14:05:28 GMT+0700 (Indochina Time),Sat Sep 12 2026 14:05:29 GMT+0700 (Indochina Time)
d11e4f49-cdb7-4e84-97d0-27c8ceeba841,d11e4f49-cdb7-4e84-97d0-27c8ceeba841,8658b6a5-469a-4034-9fda-0e65eaf464a1,CREATE_NEW_PARTY,"{""reason"": ""no_existing_party"", ""persons_total"": 848, ""r0_census_date"": ""2026-09-12"", ""collision_check"": ""pass"", ""uuid_collisions"": 0, ""deterministic_duplicates"": 0, ""data_quality_missing_dob_pct"": 0.00, ""data_quality_missing_name_pct"": 0.00}",planned,Sat Sep 12 2026 14:05:28 GMT+0700 (Indochina Time),Sat Sep 12 2026 14:05:29 GMT+0700 (Indochina Time)
ee0ec5ec-5f41-430c-a4fb-05fe158e92db,ee0ec5ec-5f41-430c-a4fb-05fe158e92db,00000000-0000-0000-0000-000000000001,CREATE_NEW_PARTY,"{""reason"": ""no_existing_party"", ""persons_total"": 848, ""r0_census_date"": ""2026-09-12"", ""collision_check"": ""pass"", ""uuid_collisions"": 0, ""deterministic_duplicates"": 0, ""data_quality_missing_dob_pct"": 0.00, ""data_quality_missing_name_pct"": 0.00}",planned,Sat Sep 12 2026 14:05:28 GMT+0700 (Indochina Time),Sat Sep 12 2026 14:05:29 GMT+0700 (Indochina Time)
4e79d1f9-fb3b-4cda-b7ae-dea5ceb7c0c4,4e79d1f9-fb3b-4cda-b7ae-dea5ceb7c0c4,00000000-0000-0000-0000-000000000001,CREATE_NEW_PARTY,"{""reason"": ""no_existing_party"", ""persons_total"": 848, ""r0_census_date"": ""2026-09-12"", ""collision_check"": ""pass"", ""uuid_collisions"": 0, ""deterministic_duplicates"": 0, ""data_quality_missing_dob_pct"": 0.00, ""data_quality_missing_name_pct"": 0.00}",planned,Sat Sep 12 2026 14:05:28 GMT+0700 (Indochina Time),Sat Sep 12 2026 14:05:29 GMT+0700 (Indochina Time)
89db6739-e904-474c-9220-95e7066fa1b9,89db6739-e904-474c-9220-95e7066fa1b9,00000000-0000-0000-0000-000000000001,CREATE_NEW_PARTY,"{""reason"": ""no_existing_party"", ""persons_total"": 848, ""r0_census_date"": ""2026-09-12"", ""collision_check"": ""pass"", ""uuid_collisions"": 0, ""deterministic_duplicates"": 0, ""data_quality_missing_dob_pct"": 0.00, ""data_quality_missing_name_pct"": 0.00}",planned,Sat Sep 12 2026 14:05:28 GMT+0700 (Indochina Time),Sat Sep 12 2026 14:05:29 GMT+0700 (Indochina Time)
280dec1e-1023-4a9e-a942-1b0b2d4f47bc,280dec1e-1023-4a9e-a942-1b0b2d4f47bc,00000000-0000-0000-0000-000000000001,CREATE_NEW_PARTY,"{""reason"": ""no_existing_party"", ""persons_total"": 848, ""r0_census_date"": ""2026-09-12"", ""collision_check"": ""pass"", ""uuid_collisions"": 0, ""deterministic_duplicates"": 0, ""data_quality_missing_dob_pct"": 0.00, ""data_quality_missing_name_pct"": 0.00}",planned,Sat Sep 12 2026 14:05:28 GMT+0700 (Indochina Time),Sat Sep 12 2026 14:05:29 GMT+0700 (Indochina Time)
b031a05c-281f-499f-85dd-c93cf9de075f,b031a05c-281f-499f-85dd-c93cf9de075f,00000000-0000-0000-0000-000000000001,CREATE_NEW_PARTY,"{""reason"": ""no_existing_party"", ""persons_total"": 848, ""r0_census_date"": ""2026-09-12"", ""collision_check"": ""pass"", ""uuid_collisions"": 0, ""deterministic_duplicates"": 0, ""data_quality_missing_dob_pct"": 0.00, ""data_quality_missing_name_pct"": 0.00}",planned,Sat Sep 12 2026 14:05:28 GMT+0700 (Indochina Time),Sat Sep 12 2026 14:05:29 GMT+0700 (Indochina Time)
c1d37748-9461-4076-8530-02d40fbee6a2,c1d37748-9461-4076-8530-02d40fbee6a2,00000000-0000-0000-0000-000000000001,CREATE_NEW_PARTY,"{""reason"": ""no_existing_party"", ""persons_total"": 848, ""r0_census_date"": ""2026-09-12"", ""collision_check"": ""pass"", ""uuid_collisions"": 0, ""deterministic_duplicates"": 0, ""data_quality_missing_dob_pct"": 0.00, ""data_quality_missing_name_pct"": 0.00}",planned,Sat Sep 12 2026 14:05:28 GMT+0700 (Indochina Time),Sat Sep 12 2026 14:05:29 GMT+0700 (Indochina Time)
39ecefed-6994-4270-b592-43807924f8e9,39ecefed-6994-4270-b592-43807924f8e9,00000000-0000-0000-0000-000000000001,CREATE_NEW_PARTY,"{""reason"": ""no_existing_party"", ""persons_total"": 848, ""r0_census_date"": ""2026-09-12"", ""collision_check"": ""pass"", ""uuid_collisions"": 0, ""deterministic_duplicates"": 0, ""data_quality_missing_dob_pct"": 0.00, ""data_quality_missing_name_pct"": 0.00}",planned,Sat Sep 12 2026 14:05:28 GMT+0700 (Indochina Time),Sat Sep 12 2026 14:05:29 GMT+0700 (Indochina Time)
02bb7d4d-71cc-419c-9acd-77d6ea19ceed,02bb7d4d-71cc-419c-9acd-77d6ea19ceed,00000000-0000-0000-0000-000000000001,CREATE_NEW_PARTY,"{""reason"": ""no_existing_party"", ""persons_total"": 848, ""r0_census_date"": ""2026-09-12"", ""collision_check"": ""pass"", ""uuid_collisions"": 0, ""deterministic_duplicates"": 0, ""data_quality_missing_dob_pct"": 0.00, ""data_quality_missing_name_pct"": 0.00}",planned,Sat Sep 12 2026 14:05:28 GMT+0700 (Indochina Time),Sat Sep 12 2026 14:05:29 GMT+0700 (Indochina Time)
af0bd610-2645-47af-9b51-b64097b8f030,af0bd610-2645-47af-9b51-b64097b8f030,00000000-0000-0000-0000-000000000001,CREATE_NEW_PARTY,"{""reason"": ""no_existing_party"", ""persons_total"": 848, ""r0_census_date"": ""2026-09-12"", ""collision_check"": ""pass"", ""uuid_collisions"": 0, ""deterministic_duplicates"": 0, ""data_quality_missing_dob_pct"": 0.00, ""data_quality_missing_name_pct"": 0.00}",planned,Sat Sep 12 2026 14:05:28 GMT+0700 (Indochina Time),Sat Sep 12 2026 14:05:29 GMT+0700 (Indochina Time)
d08aaa83-6091-4b26-80ac-191cadb38bc3,d08aaa83-6091-4b26-80ac-191cadb38bc3,00000000-0000-0000-0000-000000000001,CREATE_NEW_PARTY,"{""reason"": ""no_existing_party"", ""persons_total"": 848, ""r0_census_date"": ""2026-09-12"", ""collision_check"": ""pass"", ""uuid_collisions"": 0, ""deterministic_duplicates"": 0, ""data_quality_missing_dob_pct"": 0.00, ""data_quality_missing_name_pct"": 0.00}",planned,Sat Sep 12 2026 14:05:28 GMT+0700 (Indochina Time),Sat Sep 12 2026 14:05:29 GMT+0700 (Indochina Time)
32025f4e-c6ce-4286-aeb4-4e051ea49efb,32025f4e-c6ce-4286-aeb4-4e051ea49efb,00000000-0000-0000-0000-000000000001,CREATE_NEW_PARTY,"{""reason"": ""no_existing_party"", ""persons_total"": 848, ""r0_census_date"": ""2026-09-12"", ""collision_check"": ""pass"", ""uuid_collisions"": 0, ""deterministic_duplicates"": 0, ""data_quality_missing_dob_pct"": 0.00, ""data_quality_missing_name_pct"": 0.00}",planned,Sat Sep 12 2026 14:05:28 GMT+0700 (Indochina Time),Sat Sep 12 2026 14:05:29 GMT+0700 (Indochina Time)
bbc240bf-5adc-412e-bf87-6128cab87f62,bbc240bf-5adc-412e-bf87-6128cab87f62,00000000-0000-0000-0000-000000000002,CREATE_NEW_PARTY,"{""reason"": ""no_existing_party"", ""persons_total"": 848, ""r0_census_date"": ""2026-09-12"", ""collision_check"": ""pass"", ""uuid_collisions"": 0, ""deterministic_duplicates"": 0, ""data_quality_missing_dob_pct"": 0.00, ""data_quality_missing_name_pct"": 0.00}",planned,Sat Sep 12 2026 14:05:28 GMT+0700 (Indochina Time),Sat Sep 12 2026 14:05:29 GMT+0700 (Indochina Time)
6cbde1b8-b3c7-41b2-8fb5-334c263c7730,6cbde1b8-b3c7-41b2-8fb5-334c263c7730,ae51f090-e603-4a91-ac0b-b1fd7c82a4bc,CREATE_NEW_PARTY,"{""reason"": ""no_existing_party"", ""persons_total"": 848, ""r0_census_date"": ""2026-09-12"", ""collision_check"": ""pass"", ""uuid_collisions"": 0, ""deterministic_duplicates"": 0, ""data_quality_missing_dob_pct"": 0.00, ""data_quality_missing_name_pct"": 0.00}",planned,Sat Sep 12 2026 14:05:28 GMT+0700 (Indochina Time),Sat Sep 12 2026 14:05:29 GMT+0700 (Indochina Time)
25fac133-4ea1-4687-8681-b62a98a5d3f8,25fac133-4ea1-4687-8681-b62a98a5d3f8,76c82205-5324-4b12-aaa2-9337a8e3f9a0,CREATE_NEW_PARTY,"{""reason"": ""no_existing_party"", ""persons_total"": 848, ""r0_census_date"": ""2026-09-12"", ""collision_check"": ""pass"", ""uuid_collisions"": 0, ""deterministic_duplicates"": 0, ""data_quality_missing_dob_pct"": 0.00, ""data_quality_missing_name_pct"": 0.00}",planned,Sat Sep 12 2026 14:05:28 GMT+0700 (Indochina Time),Sat Sep 12 2026 14:05:29 GMT+0700 (Indochina Time)
fc1a5ecb-9067-4ed7-b120-d67894821d7d,fc1a5ecb-9067-4ed7-b120-d67894821d7d,ae51f090-e603-4a91-ac0b-b1fd7c82a4bc,CREATE_NEW_PARTY,"{""reason"": ""no_existing_party"", ""persons_total"": 848, ""r0_census_date"": ""2026-09-12"", ""collision_check"": ""pass"", ""uuid_collisions"": 0, ""deterministic_duplicates"": 0, ""data_quality_missing_dob_pct"": 0.00, ""data_quality_missing_name_pct"": 0.00}",planned,Sat Sep 12 2026 14:05:28 GMT+0700 (Indochina Time),Sat Sep 12 2026 14:05:29 GMT+0700 (Indochina Time)
c2143c2d-8cf6-4235-aeb4-0309565a29f6,c2143c2d-8cf6-4235-aeb4-0309565a29f6,2c8f4a0c-c103-4877-9bf5-4a77e7b272a6,CREATE_NEW_PARTY,"{""reason"": ""no_existing_party"", ""persons_total"": 848, ""r0_census_date"": ""2026-09-12"", ""collision_check"": ""pass"", ""uuid_collisions"": 0, ""deterministic_duplicates"": 0, ""data_quality_missing_dob_pct"": 0.00, ""data_quality_missing_name_pct"": 0.00}",planned,Sat Sep 12 2026 14:05:28 GMT+0700 (Indochina Time),Sat Sep 12 2026 14:05:29 GMT+0700 (Indochina Time)
47b09d14-1530-4e2d-8784-d76c268abc02,47b09d14-1530-4e2d-8784-d76c268abc02,155b23d4-f278-48af-8a68-c251b79ee8e7,CREATE_NEW_PARTY,"{""reason"": ""no_existing_party"", ""persons_total"": 848, ""r0_census_date"": ""2026-09-12"", ""collision_check"": ""pass"", ""uuid_collisions"": 0, ""deterministic_duplicates"": 0, ""data_quality_missing_dob_pct"": 0.00, ""data_quality_missing_name_pct"": 0.00}",planned,Sat Sep 12 2026 14:05:28 GMT+0700 (Indochina Time),Sat Sep 12 2026 14:05:29 GMT+0700 (Indochina Time)
975ec4dc-dbe4-4694-9a9b-e8f84dfdbc33,975ec4dc-dbe4-4694-9a9b-e8f84dfdbc33,4f12247a-cd48-4127-ae49-ba0df3dd4015,CREATE_NEW_PARTY,"{""reason"": ""no_existing_party"", ""persons_total"": 848, ""r0_census_date"": ""2026-09-12"", ""collision_check"": ""pass"", ""uuid_collisions"": 0, ""deterministic_duplicates"": 0, ""data_quality_missing_dob_pct"": 0.00, ""data_quality_missing_name_pct"": 0.00}",planned,Sat Sep 12 2026 14:05:28 GMT+0700 (Indochina Time),Sat Sep 12 2026 14:05:29 GMT+0700 (Indochina Time)
91077d47-113c-4621-be4e-9c92acbd6279,91077d47-113c-4621-be4e-9c92acbd6279,2c8f4a0c-c103-4877-9bf5-4a77e7b272a6,CREATE_NEW_PARTY,"{""reason"": ""no_existing_party"", ""persons_total"": 848, ""r0_census_date"": ""2026-09-12"", ""collision_check"": ""pass"", ""uuid_collisions"": 0, ""deterministic_duplicates"": 0, ""data_quality_missing_dob_pct"": 0.00, ""data_quality_missing_name_pct"": 0.00}",planned,Sat Sep 12 2026 14:05:28 GMT+0700 (Indochina Time),Sat Sep 12 2026 14:05:29 GMT+0700 (Indochina Time)
da971b30-201d-408c-99cc-0bc15b1f4c5c,da971b30-201d-408c-99cc-0bc15b1f4c5c,155b23d4-f278-48af-8a68-c251b79ee8e7,CREATE_NEW_PARTY,"{""reason"": ""no_existing_party"", ""persons_total"": 848, ""r0_census_date"": ""2026-09-12"", ""collision_check"": ""pass"", ""uuid_collisions"": 0, ""deterministic_duplicates"": 0, ""data_quality_missing_dob_pct"": 0.00, ""data_quality_missing_name_pct"": 0.00}",planned,Sat Sep 12 2026 14:05:28 GMT+0700 (Indochina Time),Sat Sep 12 2026 14:05:29 GMT+0700 (Indochina Time)
1cc517fa-a3bd-44ea-b904-367968dca16e,1cc517fa-a3bd-44ea-b904-367968dca16e,4f12247a-cd48-4127-ae49-ba0df3dd4015,CREATE_NEW_PARTY,"{""reason"": ""no_existing_party"", ""persons_total"": 848, ""r0_census_date"": ""2026-09-12"", ""collision_check"": ""pass"", ""uuid_collisions"": 0, ""deterministic_duplicates"": 0, ""data_quality_missing_dob_pct"": 0.00, ""data_quality_missing_name_pct"": 0.00}",planned,Sat Sep 12 2026 14:05:28 GMT+0700 (Indochina Time),Sat Sep 12 2026 14:05:29 GMT+0700 (Indochina Time)
8898f2ee-4526-458e-8458-d8d7fd9ffbac,8898f2ee-4526-458e-8458-d8d7fd9ffbac,2c8f4a0c-c103-4877-9bf5-4a77e7b272a6,CREATE_NEW_PARTY,"{""reason"": ""no_existing_party"", ""persons_total"": 848, ""r0_census_date"": ""2026-09-12"", ""collision_check"": ""pass"", ""uuid_collisions"": 0, ""deterministic_duplicates"": 0, ""data_quality_missing_dob_pct"": 0.00, ""data_quality_missing_name_pct"": 0.00}",planned,Sat Sep 12 2026 14:05:28 GMT+0700 (Indochina Time),Sat Sep 12 2026 14:05:29 GMT+0700 (Indochina Time)
5ebae607-e3e4-4940-858f-3022549bb0c9,5ebae607-e3e4-4940-858f-3022549bb0c9,155b23d4-f278-48af-8a68-c251b79ee8e7,CREATE_NEW_PARTY,"{""reason"": ""no_existing_party"", ""persons_total"": 848, ""r0_census_date"": ""2026-09-12"", ""collision_check"": ""pass"", ""uuid_collisions"": 0, ""deterministic_duplicates"": 0, ""data_quality_missing_dob_pct"": 0.00, ""data_quality_missing_name_pct"": 0.00}",planned,Sat Sep 12 2026 14:05:28 GMT+0700 (Indochina Time),Sat Sep 12 2026 14:05:29 GMT+0700 (Indochina Time)
019583e4-4e8a-41b2-ae00-35d0e9f4df8f,019583e4-4e8a-41b2-ae00-35d0e9f4df8f,00000000-0000-0000-0000-000000000001,CREATE_NEW_PARTY,"{""reason"": ""no_existing_party"", ""persons_total"": 848, ""r0_census_date"": ""2026-09-12"", ""collision_check"": ""pass"", ""uuid_collisions"": 0, ""deterministic_duplicates"": 0, ""data_quality_missing_dob_pct"": 0.00, ""data_quality_missing_name_pct"": 0.00}",planned,Sat Sep 12 2026 14:05:28 GMT+0700 (Indochina Time),Sat Sep 12 2026 14:05:29 GMT+0700 (Indochina Time)
3b4f340b-fbba-405c-8434-f9f74cba8655,3b4f340b-fbba-405c-8434-f9f74cba8655,7e1d62e5-b2a9-4c72-9333-d70dbde3121b,CREATE_NEW_PARTY,"{""reason"": ""no_existing_party"", ""persons_total"": 848, ""r0_census_date"": ""2026-09-12"", ""collision_check"": ""pass"", ""uuid_collisions"": 0, ""deterministic_duplicates"": 0, ""data_quality_missing_dob_pct"": 0.00, ""data_quality_missing_name_pct"": 0.00}",planned,Sat Sep 12 2026 14:05:28 GMT+0700 (Indochina Time),Sat Sep 12 2026 14:05:29 GMT+0700 (Indochina Time)
9e02f2fd-8c82-414b-8933-b8584b391b6b,9e02f2fd-8c82-414b-8933-b8584b391b6b,db7d09a1-6fda-4707-a33e-54389acf0d6e,CREATE_NEW_PARTY,"{""reason"": ""no_existing_party"", ""persons_total"": 848, ""r0_census_date"": ""2026-09-12"", ""collision_check"": ""pass"", ""uuid_collisions"": 0, ""deterministic_duplicates"": 0, ""data_quality_missing_dob_pct"": 0.00, ""data_quality_missing_name_pct"": 0.00}",planned,Sat Sep 12 2026 14:05:28 GMT+0700 (Indochina Time),Sat Sep 12 2026 14:05:29 GMT+0700 (Indochina Time)
3087bdfc-0e0a-4c03-9524-223ab5d97a3e,3087bdfc-0e0a-4c03-9524-223ab5d97a3e,00000000-0000-0000-0000-000000000001,CREATE_NEW_PARTY,"{""reason"": ""no_existing_party"", ""persons_total"": 848, ""r0_census_date"": ""2026-09-12"", ""collision_check"": ""pass"", ""uuid_collisions"": 0, ""deterministic_duplicates"": 0, ""data_quality_missing_dob_pct"": 0.00, ""data_quality_missing_name_pct"": 0.00}",planned,Sat Sep 12 2026 14:05:28 GMT+0700 (Indochina Time),Sat Sep 12 2026 14:05:29 GMT+0700 (Indochina Time)
24e05b77-38a2-47e9-812a-1812c20f4297,24e05b77-38a2-47e9-812a-1812c20f4297,00000000-0000-0000-0000-000000000001,CREATE_NEW_PARTY,"{""reason"": ""no_existing_party"", ""persons_total"": 848, ""r0_census_date"": ""2026-09-12"", ""collision_check"": ""pass"", ""uuid_collisions"": 0, ""deterministic_duplicates"": 0, ""data_quality_missing_dob_pct"": 0.00, ""data_quality_missing_name_pct"": 0.00}",planned,Sat Sep 12 2026 14:05:28 GMT+0700 (Indochina Time),Sat Sep 12 2026 14:05:29 GMT+0700 (Indochina Time)
6060f103-95c7-4d66-be38-96a44804d2e8,6060f103-95c7-4d66-be38-96a44804d2e8,00000000-0000-0000-0000-000000000001,CREATE_NEW_PARTY,"{""reason"": ""no_existing_party"", ""persons_total"": 848, ""r0_census_date"": ""2026-09-12"", ""collision_check"": ""pass"", ""uuid_collisions"": 0, ""deterministic_duplicates"": 0, ""data_quality_missing_dob_pct"": 0.00, ""data_quality_missing_name_pct"": 0.00}",planned,Sat Sep 12 2026 14:05:28 GMT+0700 (Indochina Time),Sat Sep 12 2026 14:05:29 GMT+0700 (Indochina Time)
57d4bfc7-4586-4bfa-ad22-20e0ac23ef35,57d4bfc7-4586-4bfa-ad22-20e0ac23ef35,00000000-0000-0000-0000-000000000001,CREATE_NEW_PARTY,"{""reason"": ""no_existing_party"", ""persons_total"": 848, ""r0_census_date"": ""2026-09-12"", ""collision_check"": ""pass"", ""uuid_collisions"": 0, ""deterministic_duplicates"": 0, ""data_quality_missing_dob_pct"": 0.00, ""data_quality_missing_name_pct"": 0.00}",planned,Sat Sep 12 2026 14:05:28 GMT+0700 (Indochina Time),Sat Sep 12 2026 14:05:29 GMT+0700 (Indochina Time)
f2474071-db5b-49db-91ed-0263b32d8227,f2474071-db5b-49db-91ed-0263b32d8227,00000000-0000-0000-0000-000000000001,CREATE_NEW_PARTY,"{""reason"": ""no_existing_party"", ""persons_total"": 848, ""r0_census_date"": ""2026-09-12"", ""collision_check"": ""pass"", ""uuid_collisions"": 0, ""deterministic_duplicates"": 0, ""data_quality_missing_dob_pct"": 0.00, ""data_quality_missing_name_pct"": 0.00}",planned,Sat Sep 12 2026 14:05:28 GMT+0700 (Indochina Time),Sat Sep 12 2026 14:05:29 GMT+0700 (Indochina Time)
3517596f-a3c9-434c-9684-336601dd26f0,3517596f-a3c9-434c-9684-336601dd26f0,00000000-0000-0000-0000-000000000001,CREATE_NEW_PARTY,"{""reason"": ""no_existing_party"", ""persons_total"": 848, ""r0_census_date"": ""2026-09-12"", ""collision_check"": ""pass"", ""uuid_collisions"": 0, ""deterministic_duplicates"": 0, ""data_quality_missing_dob_pct"": 0.00, ""data_quality_missing_name_pct"": 0.00}",planned,Sat Sep 12 2026 14:05:28 GMT+0700 (Indochina Time),Sat Sep 12 2026 14:05:29 GMT+0700 (Indochina Time)
2b0861e8-0678-4982-a7ae-d4e7cc8ce664,2b0861e8-0678-4982-a7ae-d4e7cc8ce664,00000000-0000-0000-0000-000000000001,CREATE_NEW_PARTY,"{""reason"": ""no_existing_party"", ""persons_total"": 848, ""r0_census_date"": ""2026-09-12"", ""collision_check"": ""pass"", ""uuid_collisions"": 0, ""deterministic_duplicates"": 0, ""data_quality_missing_dob_pct"": 0.00, ""data_quality_missing_name_pct"": 0.00}",planned,Sat Sep 12 2026 14:05:28 GMT+0700 (Indochina Time),Sat Sep 12 2026 14:05:29 GMT+0700 (Indochina Time)
3b571da4-e1d9-4571-9f8c-02c6f414f50e,3b571da4-e1d9-4571-9f8c-02c6f414f50e,00000000-0000-0000-0000-000000000001,CREATE_NEW_PARTY,"{""reason"": ""no_existing_party"", ""persons_total"": 848, ""r0_census_date"": ""2026-09-12"", ""collision_check"": ""pass"", ""uuid_collisions"": 0, ""deterministic_duplicates"": 0, ""data_quality_missing_dob_pct"": 0.00, ""data_quality_missing_name_pct"": 0.00}",planned,Sat Sep 12 2026 14:05:28 GMT+0700 (Indochina Time),Sat Sep 12 2026 14:05:29 GMT+0700 (Indochina Time)
0eed88ea-56f0-4d6b-84c0-abadd3eb886a,0eed88ea-56f0-4d6b-84c0-abadd3eb886a,00000000-0000-0000-0000-000000000001,CREATE_NEW_PARTY,"{""reason"": ""no_existing_party"", ""persons_total"": 848, ""r0_census_date"": ""2026-09-12"", ""collision_check"": ""pass"", ""uuid_collisions"": 0, ""deterministic_duplicates"": 0, ""data_quality_missing_dob_pct"": 0.00, ""data_quality_missing_name_pct"": 0.00}",planned,Sat Sep 12 2026 14:05:28 GMT+0700 (Indochina Time),Sat Sep 12 2026 14:05:29 GMT+0700 (Indochina Time)
de7f48f8-b00c-450d-8add-d2714b755e56,de7f48f8-b00c-450d-8add-d2714b755e56,00000000-0000-0000-0000-000000000001,CREATE_NEW_PARTY,"{""reason"": ""no_existing_party"", ""persons_total"": 848, ""r0_census_date"": ""2026-09-12"", ""collision_check"": ""pass"", ""uuid_collisions"": 0, ""deterministic_duplicates"": 0, ""data_quality_missing_dob_pct"": 0.00, ""data_quality_missing_name_pct"": 0.00}",planned,Sat Sep 12 2026 14:05:28 GMT+0700 (Indochina Time),Sat Sep 12 2026 14:05:29 GMT+0700 (Indochina Time)
6c1dcf30-d93a-4445-b938-fb2246b8efb3,6c1dcf30-d93a-4445-b938-fb2246b8efb3,00000000-0000-0000-0000-000000000001,CREATE_NEW_PARTY,"{""reason"": ""no_existing_party"", ""persons_total"": 848, ""r0_census_date"": ""2026-09-12"", ""collision_check"": ""pass"", ""uuid_collisions"": 0, ""deterministic_duplicates"": 0, ""data_quality_missing_dob_pct"": 0.00, ""data_quality_missing_name_pct"": 0.00}",planned,Sat Sep 12 2026 14:05:28 GMT+0700 (Indochina Time),Sat Sep 12 2026 14:05:29 GMT+0700 (Indochina Time)
3b1489e8-3bb4-443f-9d86-a10f86fdc1c7,3b1489e8-3bb4-443f-9d86-a10f86fdc1c7,00000000-0000-0000-0000-000000000001,CREATE_NEW_PARTY,"{""reason"": ""no_existing_party"", ""persons_total"": 848, ""r0_census_date"": ""2026-09-12"", ""collision_check"": ""pass"", ""uuid_collisions"": 0, ""deterministic_duplicates"": 0, ""data_quality_missing_dob_pct"": 0.00, ""data_quality_missing_name_pct"": 0.00}",planned,Sat Sep 12 2026 14:05:28 GMT+0700 (Indochina Time),Sat Sep 12 2026 14:05:29 GMT+0700 (Indochina Time)
e6218aed-86f3-4a19-92b8-93c14fee352b,e6218aed-86f3-4a19-92b8-93c14fee352b,00000000-0000-0000-0000-000000000001,CREATE_NEW_PARTY,"{""reason"": ""no_existing_party"", ""persons_total"": 848, ""r0_census_date"": ""2026-09-12"", ""collision_check"": ""pass"", ""uuid_collisions"": 0, ""deterministic_duplicates"": 0, ""data_quality_missing_dob_pct"": 0.00, ""data_quality_missing_name_pct"": 0.00}",planned,Sat Sep 12 2026 14:05:28 GMT+0700 (Indochina Time),Sat Sep 12 2026 14:05:29 GMT+0700 (Indochina Time)
1e03fd79-2310-44fe-a78a-8b2b77b717d7,1e03fd79-2310-44fe-a78a-8b2b77b717d7,00000000-0000-0000-0000-000000000001,CREATE_NEW_PARTY,"{""reason"": ""no_existing_party"", ""persons_total"": 848, ""r0_census_date"": ""2026-09-12"", ""collision_check"": ""pass"", ""uuid_collisions"": 0, ""deterministic_duplicates"": 0, ""data_quality_missing_dob_pct"": 0.00, ""data_quality_missing_name_pct"": 0.00}",planned,Sat Sep 12 2026 14:05:28 GMT+0700 (Indochina Time),Sat Sep 12 2026 14:05:29 GMT+0700 (Indochina Time)
64b9898b-daf5-4344-9ce5-c95865e4fccc,64b9898b-daf5-4344-9ce5-c95865e4fccc,00000000-0000-0000-0000-000000000001,CREATE_NEW_PARTY,"{""reason"": ""no_existing_party"", ""persons_total"": 848, ""r0_census_date"": ""2026-09-12"", ""collision_check"": ""pass"", ""uuid_collisions"": 0, ""deterministic_duplicates"": 0, ""data_quality_missing_dob_pct"": 0.00, ""data_quality_missing_name_pct"": 0.00}",planned,Sat Sep 12 2026 14:05:28 GMT+0700 (Indochina Time),Sat Sep 12 2026 14:05:29 GMT+0700 (Indochina Time)
f35e7fe2-ca26-40de-8b5f-ce4696427fff,f35e7fe2-ca26-40de-8b5f-ce4696427fff,00000000-0000-0000-0000-000000000001,CREATE_NEW_PARTY,"{""reason"": ""no_existing_party"", ""persons_total"": 848, ""r0_census_date"": ""2026-09-12"", ""collision_check"": ""pass"", ""uuid_collisions"": 0, ""deterministic_duplicates"": 0, ""data_quality_missing_dob_pct"": 0.00, ""data_quality_missing_name_pct"": 0.00}",planned,Sat Sep 12 2026 14:05:28 GMT+0700 (Indochina Time),Sat Sep 12 2026 14:05:29 GMT+0700 (Indochina Time)
ba53aa09-367f-426e-a3bb-3497e7700fe8,ba53aa09-367f-426e-a3bb-3497e7700fe8,00000000-0000-0000-0000-000000000001,CREATE_NEW_PARTY,"{""reason"": ""no_existing_party"", ""persons_total"": 848, ""r0_census_date"": ""2026-09-12"", ""collision_check"": ""pass"", ""uuid_collisions"": 0, ""deterministic_duplicates"": 0, ""data_quality_missing_dob_pct"": 0.00, ""data_quality_missing_name_pct"": 0.00}",planned,Sat Sep 12 2026 14:05:28 GMT+0700 (Indochina Time),Sat Sep 12 2026 14:05:29 GMT+0700 (Indochina Time)
2a968230-e993-4c52-aad6-4444b0a45708,2a968230-e993-4c52-aad6-4444b0a45708,00000000-0000-0000-0000-000000000001,CREATE_NEW_PARTY,"{""reason"": ""no_existing_party"", ""persons_total"": 848, ""r0_census_date"": ""2026-09-12"", ""collision_check"": ""pass"", ""uuid_collisions"": 0, ""deterministic_duplicates"": 0, ""data_quality_missing_dob_pct"": 0.00, ""data_quality_missing_name_pct"": 0.00}",planned,Sat Sep 12 2026 14:05:28 GMT+0700 (Indochina Time),Sat Sep 12 2026 14:05:29 GMT+0700 (Indochina Time)
a8347c3d-f082-404c-9a5e-ff782a65afcf,a8347c3d-f082-404c-9a5e-ff782a65afcf,00000000-0000-0000-0000-000000000001,CREATE_NEW_PARTY,"{""reason"": ""no_existing_party"", ""persons_total"": 848, ""r0_census_date"": ""2026-09-12"", ""collision_check"": ""pass"", ""uuid_collisions"": 0, ""deterministic_duplicates"": 0, ""data_quality_missing_dob_pct"": 0.00, ""data_quality_missing_name_pct"": 0.00}",planned,Sat Sep 12 2026 14:05:28 GMT+0700 (Indochina Time),Sat Sep 12 2026 14:05:29 GMT+0700 (Indochina Time)
97d5cd45-6a7e-4608-9e58-4c1408d3929e,97d5cd45-6a7e-4608-9e58-4c1408d3929e,00000000-0000-0000-0000-000000000001,CREATE_NEW_PARTY,"{""reason"": ""no_existing_party"", ""persons_total"": 848, ""r0_census_date"": ""2026-09-12"", ""collision_check"": ""pass"", ""uuid_collisions"": 0, ""deterministic_duplicates"": 0, ""data_quality_missing_dob_pct"": 0.00, ""data_quality_missing_name_pct"": 0.00}",planned,Sat Sep 12 2026 14:05:28 GMT+0700 (Indochina Time),Sat Sep 12 2026 14:05:29 GMT+0700 (Indochina Time)
400c8b17-0dbf-4dd2-babd-5852b967f3d2,400c8b17-0dbf-4dd2-babd-5852b967f3d2,00000000-0000-0000-0000-000000000002,CREATE_NEW_PARTY,"{""reason"": ""no_existing_party"", ""persons_total"": 848, ""r0_census_date"": ""2026-09-12"", ""collision_check"": ""pass"", ""uuid_collisions"": 0, ""deterministic_duplicates"": 0, ""data_quality_missing_dob_pct"": 0.00, ""data_quality_missing_name_pct"": 0.00}",planned,Sat Sep 12 2026 14:05:28 GMT+0700 (Indochina Time),Sat Sep 12 2026 14:05:29 GMT+0700 (Indochina Time)
62af4618-2621-433f-b5da-49bd0d56fad7,62af4618-2621-433f-b5da-49bd0d56fad7,0182d847-12ea-413a-a827-4679cd552edd,CREATE_NEW_PARTY,"{""reason"": ""no_existing_party"", ""persons_total"": 848, ""r0_census_date"": ""2026-09-12"", ""collision_check"": ""pass"", ""uuid_collisions"": 0, ""deterministic_duplicates"": 0, ""data_quality_missing_dob_pct"": 0.00, ""data_quality_missing_name_pct"": 0.00}",planned,Sat Sep 12 2026 14:05:28 GMT+0700 (Indochina Time),Sat Sep 12 2026 14:05:29 GMT+0700 (Indochina Time)
6fd00fa2-b921-41b3-90a1-dd17283643fc,6fd00fa2-b921-41b3-90a1-dd17283643fc,6d34f943-4d24-4965-80bf-7e95c004dbf4,CREATE_NEW_PARTY,"{""reason"": ""no_existing_party"", ""persons_total"": 848, ""r0_census_date"": ""2026-09-12"", ""collision_check"": ""pass"", ""uuid_collisions"": 0, ""deterministic_duplicates"": 0, ""data_quality_missing_dob_pct"": 0.00, ""data_quality_missing_name_pct"": 0.00}",planned,Sat Sep 12 2026 14:05:28 GMT+0700 (Indochina Time),Sat Sep 12 2026 14:05:29 GMT+0700 (Indochina Time)
973b8a5f-f506-48e4-9098-39849afdf83c,973b8a5f-f506-48e4-9098-39849afdf83c,6d34f943-4d24-4965-80bf-7e95c004dbf4,CREATE_NEW_PARTY,"{""reason"": ""no_existing_party"", ""persons_total"": 848, ""r0_census_date"": ""2026-09-12"", ""collision_check"": ""pass"", ""uuid_collisions"": 0, ""deterministic_duplicates"": 0, ""data_quality_missing_dob_pct"": 0.00, ""data_quality_missing_name_pct"": 0.00}",planned,Sat Sep 12 2026 14:05:28 GMT+0700 (Indochina Time),Sat Sep 12 2026 14:05:29 GMT+0700 (Indochina Time)
b78aaaa6-b5bc-4556-bdc6-b2c09f5cdcbb,b78aaaa6-b5bc-4556-bdc6-b2c09f5cdcbb,f82c3154-4a4f-420e-b7cc-217111c01776,CREATE_NEW_PARTY,"{""reason"": ""no_existing_party"", ""persons_total"": 848, ""r0_census_date"": ""2026-09-12"", ""collision_check"": ""pass"", ""uuid_collisions"": 0, ""deterministic_duplicates"": 0, ""data_quality_missing_dob_pct"": 0.00, ""data_quality_missing_name_pct"": 0.00}",planned,Sat Sep 12 2026 14:05:28 GMT+0700 (Indochina Time),Sat Sep 12 2026 14:05:29 GMT+0700 (Indochina Time)
98692873-1cd5-4628-b374-277be96aa22c,98692873-1cd5-4628-b374-277be96aa22c,61463bf1-b125-46da-b3ae-8829dbe3deb4,CREATE_NEW_PARTY,"{""reason"": ""no_existing_party"", ""persons_total"": 848, ""r0_census_date"": ""2026-09-12"", ""collision_check"": ""pass"", ""uuid_collisions"": 0, ""deterministic_duplicates"": 0, ""data_quality_missing_dob_pct"": 0.00, ""data_quality_missing_name_pct"": 0.00}",planned,Sat Sep 12 2026 14:05:28 GMT+0700 (Indochina Time),Sat Sep 12 2026 14:05:29 GMT+0700 (Indochina Time)
387f80e9-63b4-4e34-aa2d-dfa164a06fcd,387f80e9-63b4-4e34-aa2d-dfa164a06fcd,6d34f943-4d24-4965-80bf-7e95c004dbf4,CREATE_NEW_PARTY,"{""reason"": ""no_existing_party"", ""persons_total"": 848, ""r0_census_date"": ""2026-09-12"", ""collision_check"": ""pass"", ""uuid_collisions"": 0, ""deterministic_duplicates"": 0, ""data_quality_missing_dob_pct"": 0.00, ""data_quality_missing_name_pct"": 0.00}",planned,Sat Sep 12 2026 14:05:28 GMT+0700 (Indochina Time),Sat Sep 12 2026 14:05:29 GMT+0700 (Indochina Time)
ff31c7fd-50a9-417b-b135-722773d76df0,ff31c7fd-50a9-417b-b135-722773d76df0,f82c3154-4a4f-420e-b7cc-217111c01776,CREATE_NEW_PARTY,"{""reason"": ""no_existing_party"", ""persons_total"": 848, ""r0_census_date"": ""2026-09-12"", ""collision_check"": ""pass"", ""uuid_collisions"": 0, ""deterministic_duplicates"": 0, ""data_quality_missing_dob_pct"": 0.00, ""data_quality_missing_name_pct"": 0.00}",planned,Sat Sep 12 2026 14:05:28 GMT+0700 (Indochina Time),Sat Sep 12 2026 14:05:29 GMT+0700 (Indochina Time)
9f9238b9-9bec-4d64-aa09-89cca7c2a6b7,9f9238b9-9bec-4d64-aa09-89cca7c2a6b7,61463bf1-b125-46da-b3ae-8829dbe3deb4,CREATE_NEW_PARTY,"{""reason"": ""no_existing_party"", ""persons_total"": 848, ""r0_census_date"": ""2026-09-12"", ""collision_check"": ""pass"", ""uuid_collisions"": 0, ""deterministic_duplicates"": 0, ""data_quality_missing_dob_pct"": 0.00, ""data_quality_missing_name_pct"": 0.00}",planned,Sat Sep 12 2026 14:05:28 GMT+0700 (Indochina Time),Sat Sep 12 2026 14:05:29 GMT+0700 (Indochina Time)
9a592535-a06c-4eb7-b5a5-b08b29319424,9a592535-a06c-4eb7-b5a5-b08b29319424,dd3f5448-44b0-425d-adac-2cda8e830373,CREATE_NEW_PARTY,"{""reason"": ""no_existing_party"", ""persons_total"": 848, ""r0_census_date"": ""2026-09-12"", ""collision_check"": ""pass"", ""uuid_collisions"": 0, ""deterministic_duplicates"": 0, ""data_quality_missing_dob_pct"": 0.00, ""data_quality_missing_name_pct"": 0.00}",planned,Sat Sep 12 2026 14:05:28 GMT+0700 (Indochina Time),Sat Sep 12 2026 14:05:29 GMT+0700 (Indochina Time)
d3bd98a4-6b52-42ae-9357-f16774773689,d3bd98a4-6b52-42ae-9357-f16774773689,9e379f6f-6217-4d17-8cef-eb7fef35d8ba,CREATE_NEW_PARTY,"{""reason"": ""no_existing_party"", ""persons_total"": 848, ""r0_census_date"": ""2026-09-12"", ""collision_check"": ""pass"", ""uuid_collisions"": 0, ""deterministic_duplicates"": 0, ""data_quality_missing_dob_pct"": 0.00, ""data_quality_missing_name_pct"": 0.00}",planned,Sat Sep 12 2026 14:05:28 GMT+0700 (Indochina Time),Sat Sep 12 2026 14:05:29 GMT+0700 (Indochina Time)
6fcc8220-8972-4ef8-b878-012a442a80de,6fcc8220-8972-4ef8-b878-012a442a80de,9e379f6f-6217-4d17-8cef-eb7fef35d8ba,CREATE_NEW_PARTY,"{""reason"": ""no_existing_party"", ""persons_total"": 848, ""r0_census_date"": ""2026-09-12"", ""collision_check"": ""pass"", ""uuid_collisions"": 0, ""deterministic_duplicates"": 0, ""data_quality_missing_dob_pct"": 0.00, ""data_quality_missing_name_pct"": 0.00}",planned,Sat Sep 12 2026 14:05:28 GMT+0700 (Indochina Time),Sat Sep 12 2026 14:05:29 GMT+0700 (Indochina Time)
c95510fd-e575-494e-b40d-c9f4a45c5f16,c95510fd-e575-494e-b40d-c9f4a45c5f16,9e379f6f-6217-4d17-8cef-eb7fef35d8ba,CREATE_NEW_PARTY,"{""reason"": ""no_existing_party"", ""persons_total"": 848, ""r0_census_date"": ""2026-09-12"", ""collision_check"": ""pass"", ""uuid_collisions"": 0, ""deterministic_duplicates"": 0, ""data_quality_missing_dob_pct"": 0.00, ""data_quality_missing_name_pct"": 0.00}",planned,Sat Sep 12 2026 14:05:28 GMT+0700 (Indochina Time),Sat Sep 12 2026 14:05:29 GMT+0700 (Indochina Time)
48049312-d6d9-416d-bc41-9af73f9b6312,48049312-d6d9-416d-bc41-9af73f9b6312,00000000-0000-0000-0000-000000000001,CREATE_NEW_PARTY,"{""reason"": ""no_existing_party"", ""persons_total"": 848, ""r0_census_date"": ""2026-09-12"", ""collision_check"": ""pass"", ""uuid_collisions"": 0, ""deterministic_duplicates"": 0, ""data_quality_missing_dob_pct"": 0.00, ""data_quality_missing_name_pct"": 0.00}",planned,Sat Sep 12 2026 14:05:28 GMT+0700 (Indochina Time),Sat Sep 12 2026 14:05:29 GMT+0700 (Indochina Time)
b444c08d-a36e-4205-a83a-504a11018955,b444c08d-a36e-4205-a83a-504a11018955,544aa56e-65a2-4ce5-8618-ec97f60ccc4a,CREATE_NEW_PARTY,"{""reason"": ""no_existing_party"", ""persons_total"": 848, ""r0_census_date"": ""2026-09-12"", ""collision_check"": ""pass"", ""uuid_collisions"": 0, ""deterministic_duplicates"": 0, ""data_quality_missing_dob_pct"": 0.00, ""data_quality_missing_name_pct"": 0.00}",planned,Sat Sep 12 2026 14:05:28 GMT+0700 (Indochina Time),Sat Sep 12 2026 14:05:29 GMT+0700 (Indochina Time)
908beb43-dcfc-4be8-967e-20fec231e17f,908beb43-dcfc-4be8-967e-20fec231e17f,00000000-0000-0000-0000-000000000001,CREATE_NEW_PARTY,"{""reason"": ""no_existing_party"", ""persons_total"": 848, ""r0_census_date"": ""2026-09-12"", ""collision_check"": ""pass"", ""uuid_collisions"": 0, ""deterministic_duplicates"": 0, ""data_quality_missing_dob_pct"": 0.00, ""data_quality_missing_name_pct"": 0.00}",planned,Sat Sep 12 2026 14:05:28 GMT+0700 (Indochina Time),Sat Sep 12 2026 14:05:29 GMT+0700 (Indochina Time)
89d54416-fe4d-4e8a-bac9-879154afd9ec,89d54416-fe4d-4e8a-bac9-879154afd9ec,00000000-0000-0000-0000-000000000001,CREATE_NEW_PARTY,"{""reason"": ""no_existing_party"", ""persons_total"": 848, ""r0_census_date"": ""2026-09-12"", ""collision_check"": ""pass"", ""uuid_collisions"": 0, ""deterministic_duplicates"": 0, ""data_quality_missing_dob_pct"": 0.00, ""data_quality_missing_name_pct"": 0.00}",planned,Sat Sep 12 2026 14:05:28 GMT+0700 (Indochina Time),Sat Sep 12 2026 14:05:29 GMT+0700 (Indochina Time)
42c9d29d-4493-4a0c-b9fb-ff862ef9379f,42c9d29d-4493-4a0c-b9fb-ff862ef9379f,00000000-0000-0000-0000-000000000001,CREATE_NEW_PARTY,"{""reason"": ""no_existing_party"", ""persons_total"": 848, ""r0_census_date"": ""2026-09-12"", ""collision_check"": ""pass"", ""uuid_collisions"": 0, ""deterministic_duplicates"": 0, ""data_quality_missing_dob_pct"": 0.00, ""data_quality_missing_name_pct"": 0.00}",planned,Sat Sep 12 2026 14:05:28 GMT+0700 (Indochina Time),Sat Sep 12 2026 14:05:29 GMT+0700 (Indochina Time)
46156207-6df7-4dc6-905e-eee6f2b481ea,46156207-6df7-4dc6-905e-eee6f2b481ea,00000000-0000-0000-0000-000000000001,CREATE_NEW_PARTY,"{""reason"": ""no_existing_party"", ""persons_total"": 848, ""r0_census_date"": ""2026-09-12"", ""collision_check"": ""pass"", ""uuid_collisions"": 0, ""deterministic_duplicates"": 0, ""data_quality_missing_dob_pct"": 0.00, ""data_quality_missing_name_pct"": 0.00}",planned,Sat Sep 12 2026 14:05:28 GMT+0700 (Indochina Time),Sat Sep 12 2026 14:05:29 GMT+0700 (Indochina Time)
1b7018f0-890a-4cf8-b911-753e28b11705,1b7018f0-890a-4cf8-b911-753e28b11705,00000000-0000-0000-0000-000000000001,CREATE_NEW_PARTY,"{""reason"": ""no_existing_party"", ""persons_total"": 848, ""r0_census_date"": ""2026-09-12"", ""collision_check"": ""pass"", ""uuid_collisions"": 0, ""deterministic_duplicates"": 0, ""data_quality_missing_dob_pct"": 0.00, ""data_quality_missing_name_pct"": 0.00}",planned,Sat Sep 12 2026 14:05:28 GMT+0700 (Indochina Time),Sat Sep 12 2026 14:05:29 GMT+0700 (Indochina Time)
bf2841d7-c07e-477b-a94a-1672352c400b,bf2841d7-c07e-477b-a94a-1672352c400b,00000000-0000-0000-0000-000000000001,CREATE_NEW_PARTY,"{""reason"": ""no_existing_party"", ""persons_total"": 848, ""r0_census_date"": ""2026-09-12"", ""collision_check"": ""pass"", ""uuid_collisions"": 0, ""deterministic_duplicates"": 0, ""data_quality_missing_dob_pct"": 0.00, ""data_quality_missing_name_pct"": 0.00}",planned,Sat Sep 12 2026 14:05:28 GMT+0700 (Indochina Time),Sat Sep 12 2026 14:05:29 GMT+0700 (Indochina Time)
e9191a2d-038a-4ec7-940f-17bc15e5770c,e9191a2d-038a-4ec7-940f-17bc15e5770c,00000000-0000-0000-0000-000000000001,CREATE_NEW_PARTY,"{""reason"": ""no_existing_party"", ""persons_total"": 848, ""r0_census_date"": ""2026-09-12"", ""collision_check"": ""pass"", ""uuid_collisions"": 0, ""deterministic_duplicates"": 0, ""data_quality_missing_dob_pct"": 0.00, ""data_quality_missing_name_pct"": 0.00}",planned,Sat Sep 12 2026 14:05:28 GMT+0700 (Indochina Time),Sat Sep 12 2026 14:05:29 GMT+0700 (Indochina Time)
e3c73991-8427-41af-99a4-1fe05af32531,e3c73991-8427-41af-99a4-1fe05af32531,00000000-0000-0000-0000-000000000001,CREATE_NEW_PARTY,"{""reason"": ""no_existing_party"", ""persons_total"": 848, ""r0_census_date"": ""2026-09-12"", ""collision_check"": ""pass"", ""uuid_collisions"": 0, ""deterministic_duplicates"": 0, ""data_quality_missing_dob_pct"": 0.00, ""data_quality_missing_name_pct"": 0.00}",planned,Sat Sep 12 2026 14:05:28 GMT+0700 (Indochina Time),Sat Sep 12 2026 14:05:29 GMT+0700 (Indochina Time)
3d9f218a-2518-4ae6-aaa4-ecc82ad532ef,3d9f218a-2518-4ae6-aaa4-ecc82ad532ef,00000000-0000-0000-0000-000000000001,CREATE_NEW_PARTY,"{""reason"": ""no_existing_party"", ""persons_total"": 848, ""r0_census_date"": ""2026-09-12"", ""collision_check"": ""pass"", ""uuid_collisions"": 0, ""deterministic_duplicates"": 0, ""data_quality_missing_dob_pct"": 0.00, ""data_quality_missing_name_pct"": 0.00}",planned,Sat Sep 12 2026 14:05:28 GMT+0700 (Indochina Time),Sat Sep 12 2026 14:05:29 GMT+0700 (Indochina Time)
e447e6bd-1905-46c9-b4ed-1bc07bbbb26a,e447e6bd-1905-46c9-b4ed-1bc07bbbb26a,00000000-0000-0000-0000-000000000001,CREATE_NEW_PARTY,"{""reason"": ""no_existing_party"", ""persons_total"": 848, ""r0_census_date"": ""2026-09-12"", ""collision_check"": ""pass"", ""uuid_collisions"": 0, ""deterministic_duplicates"": 0, ""data_quality_missing_dob_pct"": 0.00, ""data_quality_missing_name_pct"": 0.00}",planned,Sat Sep 12 2026 14:05:28 GMT+0700 (Indochina Time),Sat Sep 12 2026 14:05:29 GMT+0700 (Indochina Time)
f09531c2-4ae9-4b47-a9ed-0e42ec49a920,f09531c2-4ae9-4b47-a9ed-0e42ec49a920,00000000-0000-0000-0000-000000000002,CREATE_NEW_PARTY,"{""reason"": ""no_existing_party"", ""persons_total"": 848, ""r0_census_date"": ""2026-09-12"", ""collision_check"": ""pass"", ""uuid_collisions"": 0, ""deterministic_duplicates"": 0, ""data_quality_missing_dob_pct"": 0.00, ""data_quality_missing_name_pct"": 0.00}",planned,Sat Sep 12 2026 14:05:28 GMT+0700 (Indochina Time),Sat Sep 12 2026 14:05:29 GMT+0700 (Indochina Time)
e3ef8f4b-a33a-46e6-a99f-15f6e14dbde2,e3ef8f4b-a33a-46e6-a99f-15f6e14dbde2,8390191a-3b4d-4f5e-b7d2-3ca4fae64f48,CREATE_NEW_PARTY,"{""reason"": ""no_existing_party"", ""persons_total"": 848, ""r0_census_date"": ""2026-09-12"", ""collision_check"": ""pass"", ""uuid_collisions"": 0, ""deterministic_duplicates"": 0, ""data_quality_missing_dob_pct"": 0.00, ""data_quality_missing_name_pct"": 0.00}",planned,Sat Sep 12 2026 14:05:28 GMT+0700 (Indochina Time),Sat Sep 12 2026 14:05:29 GMT+0700 (Indochina Time)
a471968c-bf9d-415f-aad7-bfdd60bcfc15,a471968c-bf9d-415f-aad7-bfdd60bcfc15,ad4c5d1c-23ef-45a3-b1fc-2e863155187f,CREATE_NEW_PARTY,"{""reason"": ""no_existing_party"", ""persons_total"": 848, ""r0_census_date"": ""2026-09-12"", ""collision_check"": ""pass"", ""uuid_collisions"": 0, ""deterministic_duplicates"": 0, ""data_quality_missing_dob_pct"": 0.00, ""data_quality_missing_name_pct"": 0.00}",planned,Sat Sep 12 2026 14:05:28 GMT+0700 (Indochina Time),Sat Sep 12 2026 14:05:29 GMT+0700 (Indochina Time)
cb39ac75-c9da-4db9-9298-e4e1b1f5bd18,cb39ac75-c9da-4db9-9298-e4e1b1f5bd18,728cb2fe-b9c8-4894-a511-7d8555bf3b6c,CREATE_NEW_PARTY,"{""reason"": ""no_existing_party"", ""persons_total"": 848, ""r0_census_date"": ""2026-09-12"", ""collision_check"": ""pass"", ""uuid_collisions"": 0, ""deterministic_duplicates"": 0, ""data_quality_missing_dob_pct"": 0.00, ""data_quality_missing_name_pct"": 0.00}",planned,Sat Sep 12 2026 14:05:28 GMT+0700 (Indochina Time),Sat Sep 12 2026 14:05:29 GMT+0700 (Indochina Time)
93859fb7-d18e-4f3e-bd1d-3ff9d793d1f6,93859fb7-d18e-4f3e-bd1d-3ff9d793d1f6,8390191a-3b4d-4f5e-b7d2-3ca4fae64f48,CREATE_NEW_PARTY,"{""reason"": ""no_existing_party"", ""persons_total"": 848, ""r0_census_date"": ""2026-09-12"", ""collision_check"": ""pass"", ""uuid_collisions"": 0, ""deterministic_duplicates"": 0, ""data_quality_missing_dob_pct"": 0.00, ""data_quality_missing_name_pct"": 0.00}",planned,Sat Sep 12 2026 14:05:28 GMT+0700 (Indochina Time),Sat Sep 12 2026 14:05:29 GMT+0700 (Indochina Time)
16e6a622-5f0d-44e4-a026-4a584ad11472,16e6a622-5f0d-44e4-a026-4a584ad11472,ad4c5d1c-23ef-45a3-b1fc-2e863155187f,CREATE_NEW_PARTY,"{""reason"": ""no_existing_party"", ""persons_total"": 848, ""r0_census_date"": ""2026-09-12"", ""collision_check"": ""pass"", ""uuid_collisions"": 0, ""deterministic_duplicates"": 0, ""data_quality_missing_dob_pct"": 0.00, ""data_quality_missing_name_pct"": 0.00}",planned,Sat Sep 12 2026 14:05:28 GMT+0700 (Indochina Time),Sat Sep 12 2026 14:05:29 GMT+0700 (Indochina Time)
4078c68e-b623-47d3-85b8-48fedb21718d,4078c68e-b623-47d3-85b8-48fedb21718d,011bf13c-7ab6-46a3-945f-47a337093ee9,CREATE_NEW_PARTY,"{""reason"": ""no_existing_party"", ""persons_total"": 848, ""r0_census_date"": ""2026-09-12"", ""collision_check"": ""pass"", ""uuid_collisions"": 0, ""deterministic_duplicates"": 0, ""data_quality_missing_dob_pct"": 0.00, ""data_quality_missing_name_pct"": 0.00}",planned,Sat Sep 12 2026 14:05:28 GMT+0700 (Indochina Time),Sat Sep 12 2026 14:05:29 GMT+0700 (Indochina Time)
bac119ac-9b82-458d-8a67-937ca6fc9187,bac119ac-9b82-458d-8a67-937ca6fc9187,728cb2fe-b9c8-4894-a511-7d8555bf3b6c,CREATE_NEW_PARTY,"{""reason"": ""no_existing_party"", ""persons_total"": 848, ""r0_census_date"": ""2026-09-12"", ""collision_check"": ""pass"", ""uuid_collisions"": 0, ""deterministic_duplicates"": 0, ""data_quality_missing_dob_pct"": 0.00, ""data_quality_missing_name_pct"": 0.00}",planned,Sat Sep 12 2026 14:05:28 GMT+0700 (Indochina Time),Sat Sep 12 2026 14:05:29 GMT+0700 (Indochina Time)
b25fa2d9-f1a1-4a8f-b206-f5ee09eaea0b,b25fa2d9-f1a1-4a8f-b206-f5ee09eaea0b,009e2cea-5eae-4123-9537-27ae5b776a8a,CREATE_NEW_PARTY,"{""reason"": ""no_existing_party"", ""persons_total"": 848, ""r0_census_date"": ""2026-09-12"", ""collision_check"": ""pass"", ""uuid_collisions"": 0, ""deterministic_duplicates"": 0, ""data_quality_missing_dob_pct"": 0.00, ""data_quality_missing_name_pct"": 0.00}",planned,Sat Sep 12 2026 14:05:28 GMT+0700 (Indochina Time),Sat Sep 12 2026 14:05:29 GMT+0700 (Indochina Time)
d82f60e0-9b38-43d1-ae81-23360c828d78,d82f60e0-9b38-43d1-ae81-23360c828d78,ad4c5d1c-23ef-45a3-b1fc-2e863155187f,CREATE_NEW_PARTY,"{""reason"": ""no_existing_party"", ""persons_total"": 848, ""r0_census_date"": ""2026-09-12"", ""collision_check"": ""pass"", ""uuid_collisions"": 0, ""deterministic_duplicates"": 0, ""data_quality_missing_dob_pct"": 0.00, ""data_quality_missing_name_pct"": 0.00}",planned,Sat Sep 12 2026 14:05:28 GMT+0700 (Indochina Time),Sat Sep 12 2026 14:05:29 GMT+0700 (Indochina Time)
15d75564-eadf-4570-8faf-085845158231,15d75564-eadf-4570-8faf-085845158231,009e2cea-5eae-4123-9537-27ae5b776a8a,CREATE_NEW_PARTY,"{""reason"": ""no_existing_party"", ""persons_total"": 848, ""r0_census_date"": ""2026-09-12"", ""collision_check"": ""pass"", ""uuid_collisions"": 0, ""deterministic_duplicates"": 0, ""data_quality_missing_dob_pct"": 0.00, ""data_quality_missing_name_pct"": 0.00}",planned,Sat Sep 12 2026 14:05:28 GMT+0700 (Indochina Time),Sat Sep 12 2026 14:05:29 GMT+0700 (Indochina Time)
1eef89fc-936f-450b-a0de-193d7e1a12a2,1eef89fc-936f-450b-a0de-193d7e1a12a2,9b5615f9-56b2-4087-81d8-8b7f579a5749,CREATE_NEW_PARTY,"{""reason"": ""no_existing_party"", ""persons_total"": 848, ""r0_census_date"": ""2026-09-12"", ""collision_check"": ""pass"", ""uuid_collisions"": 0, ""deterministic_duplicates"": 0, ""data_quality_missing_dob_pct"": 0.00, ""data_quality_missing_name_pct"": 0.00}",planned,Sat Sep 12 2026 14:05:28 GMT+0700 (Indochina Time),Sat Sep 12 2026 14:05:29 GMT+0700 (Indochina Time)
ed962c79-3f7d-4577-8a65-4e46c11d7ed4,ed962c79-3f7d-4577-8a65-4e46c11d7ed4,009e2cea-5eae-4123-9537-27ae5b776a8a,CREATE_NEW_PARTY,"{""reason"": ""no_existing_party"", ""persons_total"": 848, ""r0_census_date"": ""2026-09-12"", ""collision_check"": ""pass"", ""uuid_collisions"": 0, ""deterministic_duplicates"": 0, ""data_quality_missing_dob_pct"": 0.00, ""data_quality_missing_name_pct"": 0.00}",planned,Sat Sep 12 2026 14:05:28 GMT+0700 (Indochina Time),Sat Sep 12 2026 14:05:29 GMT+0700 (Indochina Time)
6a78760b-d663-4ffe-aaaa-79369cddf769,6a78760b-d663-4ffe-aaaa-79369cddf769,0f2773d7-bf72-46ad-9408-2ddaf5ba540e,CREATE_NEW_PARTY,"{""reason"": ""no_existing_party"", ""persons_total"": 848, ""r0_census_date"": ""2026-09-12"", ""collision_check"": ""pass"", ""uuid_collisions"": 0, ""deterministic_duplicates"": 0, ""data_quality_missing_dob_pct"": 0.00, ""data_quality_missing_name_pct"": 0.00}",planned,Sat Sep 12 2026 14:05:28 GMT+0700 (Indochina Time),Sat Sep 12 2026 14:05:29 GMT+0700 (Indochina Time)
32eac842-8c6f-4099-bc66-5a2f27f98ff2,32eac842-8c6f-4099-bc66-5a2f27f98ff2,00000000-0000-0000-0000-000000000001,CREATE_NEW_PARTY,"{""reason"": ""no_existing_party"", ""persons_total"": 848, ""r0_census_date"": ""2026-09-12"", ""collision_check"": ""pass"", ""uuid_collisions"": 0, ""deterministic_duplicates"": 0, ""data_quality_missing_dob_pct"": 0.00, ""data_quality_missing_name_pct"": 0.00}",planned,Sat Sep 12 2026 14:05:28 GMT+0700 (Indochina Time),Sat Sep 12 2026 14:05:29 GMT+0700 (Indochina Time)
44886c92-335a-4062-b855-648351289794,44886c92-335a-4062-b855-648351289794,00000000-0000-0000-0000-000000000001,CREATE_NEW_PARTY,"{""reason"": ""no_existing_party"", ""persons_total"": 848, ""r0_census_date"": ""2026-09-12"", ""collision_check"": ""pass"", ""uuid_collisions"": 0, ""deterministic_duplicates"": 0, ""data_quality_missing_dob_pct"": 0.00, ""data_quality_missing_name_pct"": 0.00}",planned,Sat Sep 12 2026 14:05:28 GMT+0700 (Indochina Time),Sat Sep 12 2026 14:05:29 GMT+0700 (Indochina Time)
40feb96f-e859-4164-a954-9656e895d4f2,40feb96f-e859-4164-a954-9656e895d4f2,00000000-0000-0000-0000-000000000001,CREATE_NEW_PARTY,"{""reason"": ""no_existing_party"", ""persons_total"": 848, ""r0_census_date"": ""2026-09-12"", ""collision_check"": ""pass"", ""uuid_collisions"": 0, ""deterministic_duplicates"": 0, ""data_quality_missing_dob_pct"": 0.00, ""data_quality_missing_name_pct"": 0.00}",planned,Sat Sep 12 2026 14:05:28 GMT+0700 (Indochina Time),Sat Sep 12 2026 14:05:29 GMT+0700 (Indochina Time)
bebcf4c4-0442-4b41-9432-8e5fa0c2d7c2,bebcf4c4-0442-4b41-9432-8e5fa0c2d7c2,00000000-0000-0000-0000-000000000001,CREATE_NEW_PARTY,"{""reason"": ""no_existing_party"", ""persons_total"": 848, ""r0_census_date"": ""2026-09-12"", ""collision_check"": ""pass"", ""uuid_collisions"": 0, ""deterministic_duplicates"": 0, ""data_quality_missing_dob_pct"": 0.00, ""data_quality_missing_name_pct"": 0.00}",planned,Sat Sep 12 2026 14:05:28 GMT+0700 (Indochina Time),Sat Sep 12 2026 14:05:29 GMT+0700 (Indochina Time)
8d26cd4d-2e5c-455b-92bb-ec9fd90e4a9b,8d26cd4d-2e5c-455b-92bb-ec9fd90e4a9b,00000000-0000-0000-0000-000000000001,CREATE_NEW_PARTY,"{""reason"": ""no_existing_party"", ""persons_total"": 848, ""r0_census_date"": ""2026-09-12"", ""collision_check"": ""pass"", ""uuid_collisions"": 0, ""deterministic_duplicates"": 0, ""data_quality_missing_dob_pct"": 0.00, ""data_quality_missing_name_pct"": 0.00}",planned,Sat Sep 12 2026 14:05:28 GMT+0700 (Indochina Time),Sat Sep 12 2026 14:05:29 GMT+0700 (Indochina Time)
3a54ded3-2145-4f85-98b8-95e1c3a0c877,3a54ded3-2145-4f85-98b8-95e1c3a0c877,00000000-0000-0000-0000-000000000001,CREATE_NEW_PARTY,"{""reason"": ""no_existing_party"", ""persons_total"": 848, ""r0_census_date"": ""2026-09-12"", ""collision_check"": ""pass"", ""uuid_collisions"": 0, ""deterministic_duplicates"": 0, ""data_quality_missing_dob_pct"": 0.00, ""data_quality_missing_name_pct"": 0.00}",planned,Sat Sep 12 2026 14:05:28 GMT+0700 (Indochina Time),Sat Sep 12 2026 14:05:29 GMT+0700 (Indochina Time)
7b612f4f-167f-42c7-af5a-20196712ae4f,7b612f4f-167f-42c7-af5a-20196712ae4f,00000000-0000-0000-0000-000000000001,CREATE_NEW_PARTY,"{""reason"": ""no_existing_party"", ""persons_total"": 848, ""r0_census_date"": ""2026-09-12"", ""collision_check"": ""pass"", ""uuid_collisions"": 0, ""deterministic_duplicates"": 0, ""data_quality_missing_dob_pct"": 0.00, ""data_quality_missing_name_pct"": 0.00}",planned,Sat Sep 12 2026 14:05:28 GMT+0700 (Indochina Time),Sat Sep 12 2026 14:05:29 GMT+0700 (Indochina Time)
63f4e58d-6ffa-49c4-97b1-dc0efee9938d,63f4e58d-6ffa-49c4-97b1-dc0efee9938d,00000000-0000-0000-0000-000000000001,CREATE_NEW_PARTY,"{""reason"": ""no_existing_party"", ""persons_total"": 848, ""r0_census_date"": ""2026-09-12"", ""collision_check"": ""pass"", ""uuid_collisions"": 0, ""deterministic_duplicates"": 0, ""data_quality_missing_dob_pct"": 0.00, ""data_quality_missing_name_pct"": 0.00}",planned,Sat Sep 12 2026 14:05:28 GMT+0700 (Indochina Time),Sat Sep 12 2026 14:05:29 GMT+0700 (Indochina Time)
2ce01015-de6b-4798-94f1-12e792262606,2ce01015-de6b-4798-94f1-12e792262606,00000000-0000-0000-0000-000000000001,CREATE_NEW_PARTY,"{""reason"": ""no_existing_party"", ""persons_total"": 848, ""r0_census_date"": ""2026-09-12"", ""collision_check"": ""pass"", ""uuid_collisions"": 0, ""deterministic_duplicates"": 0, ""data_quality_missing_dob_pct"": 0.00, ""data_quality_missing_name_pct"": 0.00}",planned,Sat Sep 12 2026 14:05:28 GMT+0700 (Indochina Time),Sat Sep 12 2026 14:05:29 GMT+0700 (Indochina Time)
da1af85d-511f-4443-9bab-69c0ab71faa0,da1af85d-511f-4443-9bab-69c0ab71faa0,00000000-0000-0000-0000-000000000001,CREATE_NEW_PARTY,"{""reason"": ""no_existing_party"", ""persons_total"": 848, ""r0_census_date"": ""2026-09-12"", ""collision_check"": ""pass"", ""uuid_collisions"": 0, ""deterministic_duplicates"": 0, ""data_quality_missing_dob_pct"": 0.00, ""data_quality_missing_name_pct"": 0.00}",planned,Sat Sep 12 2026 14:05:28 GMT+0700 (Indochina Time),Sat Sep 12 2026 14:05:29 GMT+0700 (Indochina Time)
2b470967-7ee0-4c43-b7bd-34f75a208b7e,2b470967-7ee0-4c43-b7bd-34f75a208b7e,00000000-0000-0000-0000-000000000001,CREATE_NEW_PARTY,"{""reason"": ""no_existing_party"", ""persons_total"": 848, ""r0_census_date"": ""2026-09-12"", ""collision_check"": ""pass"", ""uuid_collisions"": 0, ""deterministic_duplicates"": 0, ""data_quality_missing_dob_pct"": 0.00, ""data_quality_missing_name_pct"": 0.00}",planned,Sat Sep 12 2026 14:05:28 GMT+0700 (Indochina Time),Sat Sep 12 2026 14:05:29 GMT+0700 (Indochina Time)
b4402633-5039-4535-8de7-2d3aeacdbaa0,b4402633-5039-4535-8de7-2d3aeacdbaa0,00000000-0000-0000-0000-000000000001,CREATE_NEW_PARTY,"{""reason"": ""no_existing_party"", ""persons_total"": 848, ""r0_census_date"": ""2026-09-12"", ""collision_check"": ""pass"", ""uuid_collisions"": 0, ""deterministic_duplicates"": 0, ""data_quality_missing_dob_pct"": 0.00, ""data_quality_missing_name_pct"": 0.00}",planned,Sat Sep 12 2026 14:05:28 GMT+0700 (Indochina Time),Sat Sep 12 2026 14:05:29 GMT+0700 (Indochina Time)
fe6de993-2842-4085-afc5-2f0a512bef73,fe6de993-2842-4085-afc5-2f0a512bef73,00000000-0000-0000-0000-000000000001,CREATE_NEW_PARTY,"{""reason"": ""no_existing_party"", ""persons_total"": 848, ""r0_census_date"": ""2026-09-12"", ""collision_check"": ""pass"", ""uuid_collisions"": 0, ""deterministic_duplicates"": 0, ""data_quality_missing_dob_pct"": 0.00, ""data_quality_missing_name_pct"": 0.00}",planned,Sat Sep 12 2026 14:05:28 GMT+0700 (Indochina Time),Sat Sep 12 2026 14:05:29 GMT+0700 (Indochina Time)
9b0b101d-fe14-471b-b7f7-cb50cb86fed4,9b0b101d-fe14-471b-b7f7-cb50cb86fed4,00000000-0000-0000-0000-000000000001,CREATE_NEW_PARTY,"{""reason"": ""no_existing_party"", ""persons_total"": 848, ""r0_census_date"": ""2026-09-12"", ""collision_check"": ""pass"", ""uuid_collisions"": 0, ""deterministic_duplicates"": 0, ""data_quality_missing_dob_pct"": 0.00, ""data_quality_missing_name_pct"": 0.00}",planned,Sat Sep 12 2026 14:05:28 GMT+0700 (Indochina Time),Sat Sep 12 2026 14:05:29 GMT+0700 (Indochina Time)
d0767152-9db0-4f07-8594-a60a690a1588,d0767152-9db0-4f07-8594-a60a690a1588,00000000-0000-0000-0000-000000000001,CREATE_NEW_PARTY,"{""reason"": ""no_existing_party"", ""persons_total"": 848, ""r0_census_date"": ""2026-09-12"", ""collision_check"": ""pass"", ""uuid_collisions"": 0, ""deterministic_duplicates"": 0, ""data_quality_missing_dob_pct"": 0.00, ""data_quality_missing_name_pct"": 0.00}",planned,Sat Sep 12 2026 14:05:28 GMT+0700 (Indochina Time),Sat Sep 12 2026 14:05:29 GMT+0700 (Indochina Time)
e32ff77c-8c3b-4aeb-8bc4-b118dc0550c8,e32ff77c-8c3b-4aeb-8bc4-b118dc0550c8,00000000-0000-0000-0000-000000000001,CREATE_NEW_PARTY,"{""reason"": ""no_existing_party"", ""persons_total"": 848, ""r0_census_date"": ""2026-09-12"", ""collision_check"": ""pass"", ""uuid_collisions"": 0, ""deterministic_duplicates"": 0, ""data_quality_missing_dob_pct"": 0.00, ""data_quality_missing_name_pct"": 0.00}",planned,Sat Sep 12 2026 14:05:28 GMT+0700 (Indochina Time),Sat Sep 12 2026 14:05:29 GMT+0700 (Indochina Time)
733fc705-2c35-410e-93ab-0a56bbb4d341,733fc705-2c35-410e-93ab-0a56bbb4d341,00000000-0000-0000-0000-000000000001,CREATE_NEW_PARTY,"{""reason"": ""no_existing_party"", ""persons_total"": 848, ""r0_census_date"": ""2026-09-12"", ""collision_check"": ""pass"", ""uuid_collisions"": 0, ""deterministic_duplicates"": 0, ""data_quality_missing_dob_pct"": 0.00, ""data_quality_missing_name_pct"": 0.00}",planned,Sat Sep 12 2026 14:05:28 GMT+0700 (Indochina Time),Sat Sep 12 2026 14:05:29 GMT+0700 (Indochina Time)
8017da0f-084c-4145-b4cf-2adcaf5beef0,8017da0f-084c-4145-b4cf-2adcaf5beef0,00000000-0000-0000-0000-000000000001,CREATE_NEW_PARTY,"{""reason"": ""no_existing_party"", ""persons_total"": 848, ""r0_census_date"": ""2026-09-12"", ""collision_check"": ""pass"", ""uuid_collisions"": 0, ""deterministic_duplicates"": 0, ""data_quality_missing_dob_pct"": 0.00, ""data_quality_missing_name_pct"": 0.00}",planned,Sat Sep 12 2026 14:05:28 GMT+0700 (Indochina Time),Sat Sep 12 2026 14:05:29 GMT+0700 (Indochina Time)
cb8cf61e-4623-401a-8785-d986e3f852bf,cb8cf61e-4623-401a-8785-d986e3f852bf,00000000-0000-0000-0000-000000000001,CREATE_NEW_PARTY,"{""reason"": ""no_existing_party"", ""persons_total"": 848, ""r0_census_date"": ""2026-09-12"", ""collision_check"": ""pass"", ""uuid_collisions"": 0, ""deterministic_duplicates"": 0, ""data_quality_missing_dob_pct"": 0.00, ""data_quality_missing_name_pct"": 0.00}",planned,Sat Sep 12 2026 14:05:28 GMT+0700 (Indochina Time),Sat Sep 12 2026 14:05:29 GMT+0700 (Indochina Time)
f1398510-71c8-4569-b487-c394833613d6,f1398510-71c8-4569-b487-c394833613d6,00000000-0000-0000-0000-000000000002,CREATE_NEW_PARTY,"{""reason"": ""no_existing_party"", ""persons_total"": 848, ""r0_census_date"": ""2026-09-12"", ""collision_check"": ""pass"", ""uuid_collisions"": 0, ""deterministic_duplicates"": 0, ""data_quality_missing_dob_pct"": 0.00, ""data_quality_missing_name_pct"": 0.00}",planned,Sat Sep 12 2026 14:05:28 GMT+0700 (Indochina Time),Sat Sep 12 2026 14:05:29 GMT+0700 (Indochina Time)
026ca2db-6a5d-4f3b-988e-aa021c14b2d8,026ca2db-6a5d-4f3b-988e-aa021c14b2d8,00000000-0000-0000-0000-000000000001,CREATE_NEW_PARTY,"{""reason"": ""no_existing_party"", ""persons_total"": 848, ""r0_census_date"": ""2026-09-12"", ""collision_check"": ""pass"", ""uuid_collisions"": 0, ""deterministic_duplicates"": 0, ""data_quality_missing_dob_pct"": 0.00, ""data_quality_missing_name_pct"": 0.00}",planned,Sat Sep 12 2026 14:05:28 GMT+0700 (Indochina Time),Sat Sep 12 2026 14:05:29 GMT+0700 (Indochina Time)
3c7d71f2-06dc-4113-87b0-c1b70b4a0519,3c7d71f2-06dc-4113-87b0-c1b70b4a0519,00000000-0000-0000-0000-000000000001,CREATE_NEW_PARTY,"{""reason"": ""no_existing_party"", ""persons_total"": 848, ""r0_census_date"": ""2026-09-12"", ""collision_check"": ""pass"", ""uuid_collisions"": 0, ""deterministic_duplicates"": 0, ""data_quality_missing_dob_pct"": 0.00, ""data_quality_missing_name_pct"": 0.00}",planned,Sat Sep 12 2026 14:05:28 GMT+0700 (Indochina Time),Sat Sep 12 2026 14:05:29 GMT+0700 (Indochina Time)
7e06defe-b0b0-42aa-8843-10e969ae8f67,7e06defe-b0b0-42aa-8843-10e969ae8f67,00000000-0000-0000-0000-000000000001,CREATE_NEW_PARTY,"{""reason"": ""no_existing_party"", ""persons_total"": 848, ""r0_census_date"": ""2026-09-12"", ""collision_check"": ""pass"", ""uuid_collisions"": 0, ""deterministic_duplicates"": 0, ""data_quality_missing_dob_pct"": 0.00, ""data_quality_missing_name_pct"": 0.00}",planned,Sat Sep 12 2026 14:05:28 GMT+0700 (Indochina Time),Sat Sep 12 2026 14:05:29 GMT+0700 (Indochina Time)
abac9a04-ccb2-479f-981e-486403e05777,abac9a04-ccb2-479f-981e-486403e05777,00000000-0000-0000-0000-000000000002,CREATE_NEW_PARTY,"{""reason"": ""no_existing_party"", ""persons_total"": 848, ""r0_census_date"": ""2026-09-12"", ""collision_check"": ""pass"", ""uuid_collisions"": 0, ""deterministic_duplicates"": 0, ""data_quality_missing_dob_pct"": 0.00, ""data_quality_missing_name_pct"": 0.00}",planned,Sat Sep 12 2026 14:05:28 GMT+0700 (Indochina Time),Sat Sep 12 2026 14:05:29 GMT+0700 (Indochina Time)
00000000-0000-0000-0000-000000000081,00000000-0000-0000-0000-000000000081,00000000-0000-0000-0000-000000000001,CREATE_NEW_PARTY,"{""reason"": ""no_existing_party"", ""persons_total"": 848, ""r0_census_date"": ""2026-09-12"", ""collision_check"": ""pass"", ""uuid_collisions"": 0, ""deterministic_duplicates"": 0, ""data_quality_missing_dob_pct"": 0.00, ""data_quality_missing_name_pct"": 0.00}",planned,Sat Sep 12 2026 14:05:28 GMT+0700 (Indochina Time),Sat Sep 12 2026 14:05:29 GMT+0700 (Indochina Time)
00000000-0000-0000-0000-000000000082,00000000-0000-0000-0000-000000000082,00000000-0000-0000-0000-000000000001,CREATE_NEW_PARTY,"{""reason"": ""no_existing_party"", ""persons_total"": 848, ""r0_census_date"": ""2026-09-12"", ""collision_check"": ""pass"", ""uuid_collisions"": 0, ""deterministic_duplicates"": 0, ""data_quality_missing_dob_pct"": 0.00, ""data_quality_missing_name_pct"": 0.00}",planned,Sat Sep 12 2026 14:05:28 GMT+0700 (Indochina Time),Sat Sep 12 2026 14:05:29 GMT+0700 (Indochina Time)
00000000-0000-0000-0000-000000000083,00000000-0000-0000-0000-000000000083,00000000-0000-0000-0000-000000000001,CREATE_NEW_PARTY,"{""reason"": ""no_existing_party"", ""persons_total"": 848, ""r0_census_date"": ""2026-09-12"", ""collision_check"": ""pass"", ""uuid_collisions"": 0, ""deterministic_duplicates"": 0, ""data_quality_missing_dob_pct"": 0.00, ""data_quality_missing_name_pct"": 0.00}",planned,Sat Sep 12 2026 14:05:28 GMT+0700 (Indochina Time),Sat Sep 12 2026 14:05:29 GMT+0700 (Indochina Time)
470b76da-5ec0-4c12-8d78-989679a192b2,470b76da-5ec0-4c12-8d78-989679a192b2,511c25ce-ed21-4bd3-aabd-943a29d053e9,CREATE_NEW_PARTY,"{""reason"": ""no_existing_party"", ""persons_total"": 848, ""r0_census_date"": ""2026-09-12"", ""collision_check"": ""pass"", ""uuid_collisions"": 0, ""deterministic_duplicates"": 0, ""data_quality_missing_dob_pct"": 0.00, ""data_quality_missing_name_pct"": 0.00}",planned,Sat Sep 12 2026 14:05:28 GMT+0700 (Indochina Time),Sat Sep 12 2026 14:05:29 GMT+0700 (Indochina Time)
757db55d-c533-4146-b995-443dc45c86d0,757db55d-c533-4146-b995-443dc45c86d0,5927a1b6-c06b-4a3e-b82a-0fe6f755dbc3,CREATE_NEW_PARTY,"{""reason"": ""no_existing_party"", ""persons_total"": 848, ""r0_census_date"": ""2026-09-12"", ""collision_check"": ""pass"", ""uuid_collisions"": 0, ""deterministic_duplicates"": 0, ""data_quality_missing_dob_pct"": 0.00, ""data_quality_missing_name_pct"": 0.00}",planned,Sat Sep 12 2026 14:05:28 GMT+0700 (Indochina Time),Sat Sep 12 2026 14:05:29 GMT+0700 (Indochina Time)
5ee309f5-0476-4686-b67d-67fd2ca623d8,5ee309f5-0476-4686-b67d-67fd2ca623d8,77229699-ecfe-4c0b-bf82-fd0701e32731,CREATE_NEW_PARTY,"{""reason"": ""no_existing_party"", ""persons_total"": 848, ""r0_census_date"": ""2026-09-12"", ""collision_check"": ""pass"", ""uuid_collisions"": 0, ""deterministic_duplicates"": 0, ""data_quality_missing_dob_pct"": 0.00, ""data_quality_missing_name_pct"": 0.00}",planned,Sat Sep 12 2026 14:05:28 GMT+0700 (Indochina Time),Sat Sep 12 2026 14:05:29 GMT+0700 (Indochina Time)
61c3df42-0ccd-4fda-8a32-598f90178f2b,61c3df42-0ccd-4fda-8a32-598f90178f2b,057db97f-837d-4f06-9e57-77e5933473ca,CREATE_NEW_PARTY,"{""reason"": ""no_existing_party"", ""persons_total"": 848, ""r0_census_date"": ""2026-09-12"", ""collision_check"": ""pass"", ""uuid_collisions"": 0, ""deterministic_duplicates"": 0, ""data_quality_missing_dob_pct"": 0.00, ""data_quality_missing_name_pct"": 0.00}",planned,Sat Sep 12 2026 14:05:28 GMT+0700 (Indochina Time),Sat Sep 12 2026 14:05:29 GMT+0700 (Indochina Time)
9fe2dfee-a3f1-487d-98fe-146115c4c433,9fe2dfee-a3f1-487d-98fe-146115c4c433,77229699-ecfe-4c0b-bf82-fd0701e32731,CREATE_NEW_PARTY,"{""reason"": ""no_existing_party"", ""persons_total"": 848, ""r0_census_date"": ""2026-09-12"", ""collision_check"": ""pass"", ""uuid_collisions"": 0, ""deterministic_duplicates"": 0, ""data_quality_missing_dob_pct"": 0.00, ""data_quality_missing_name_pct"": 0.00}",planned,Sat Sep 12 2026 14:05:28 GMT+0700 (Indochina Time),Sat Sep 12 2026 14:05:29 GMT+0700 (Indochina Time)
717702dc-a2a2-42c9-9793-d9853e01aac3,717702dc-a2a2-42c9-9793-d9853e01aac3,39e50e9f-3140-4367-ad5d-4e1e8f7768ca,CREATE_NEW_PARTY,"{""reason"": ""no_existing_party"", ""persons_total"": 848, ""r0_census_date"": ""2026-09-12"", ""collision_check"": ""pass"", ""uuid_collisions"": 0, ""deterministic_duplicates"": 0, ""data_quality_missing_dob_pct"": 0.00, ""data_quality_missing_name_pct"": 0.00}",planned,Sat Sep 12 2026 14:05:28 GMT+0700 (Indochina Time),Sat Sep 12 2026 14:05:29 GMT+0700 (Indochina Time)
a67976af-b8c9-4210-b782-73f345490c66,a67976af-b8c9-4210-b782-73f345490c66,511c25ce-ed21-4bd3-aabd-943a29d053e9,CREATE_NEW_PARTY,"{""reason"": ""no_existing_party"", ""persons_total"": 848, ""r0_census_date"": ""2026-09-12"", ""collision_check"": ""pass"", ""uuid_collisions"": 0, ""deterministic_duplicates"": 0, ""data_quality_missing_dob_pct"": 0.00, ""data_quality_missing_name_pct"": 0.00}",planned,Sat Sep 12 2026 14:05:28 GMT+0700 (Indochina Time),Sat Sep 12 2026 14:05:29 GMT+0700 (Indochina Time)
9adbaae1-ffde-48af-898b-1388c0e369f8,9adbaae1-ffde-48af-898b-1388c0e369f8,5927a1b6-c06b-4a3e-b82a-0fe6f755dbc3,CREATE_NEW_PARTY,"{""reason"": ""no_existing_party"", ""persons_total"": 848, ""r0_census_date"": ""2026-09-12"", ""collision_check"": ""pass"", ""uuid_collisions"": 0, ""deterministic_duplicates"": 0, ""data_quality_missing_dob_pct"": 0.00, ""data_quality_missing_name_pct"": 0.00}",planned,Sat Sep 12 2026 14:05:28 GMT+0700 (Indochina Time),Sat Sep 12 2026 14:05:29 GMT+0700 (Indochina Time)
bda28688-c775-4893-bb4b-3102eb96be66,bda28688-c775-4893-bb4b-3102eb96be66,77229699-ecfe-4c0b-bf82-fd0701e32731,CREATE_NEW_PARTY,"{""reason"": ""no_existing_party"", ""persons_total"": 848, ""r0_census_date"": ""2026-09-12"", ""collision_check"": ""pass"", ""uuid_collisions"": 0, ""deterministic_duplicates"": 0, ""data_quality_missing_dob_pct"": 0.00, ""data_quality_missing_name_pct"": 0.00}",planned,Sat Sep 12 2026 14:05:28 GMT+0700 (Indochina Time),Sat Sep 12 2026 14:05:29 GMT+0700 (Indochina Time)
f8fcd0c3-c060-4342-8654-d32385344410,f8fcd0c3-c060-4342-8654-d32385344410,281aba15-205f-455d-90e2-7952e09a04ce,CREATE_NEW_PARTY,"{""reason"": ""no_existing_party"", ""persons_total"": 848, ""r0_census_date"": ""2026-09-12"", ""collision_check"": ""pass"", ""uuid_collisions"": 0, ""deterministic_duplicates"": 0, ""data_quality_missing_dob_pct"": 0.00, ""data_quality_missing_name_pct"": 0.00}",planned,Sat Sep 12 2026 14:05:28 GMT+0700 (Indochina Time),Sat Sep 12 2026 14:05:29 GMT+0700 (Indochina Time)
569c05b4-50b6-46ce-a3c1-e15c9ad46ca9,569c05b4-50b6-46ce-a3c1-e15c9ad46ca9,057db97f-837d-4f06-9e57-77e5933473ca,CREATE_NEW_PARTY,"{""reason"": ""no_existing_party"", ""persons_total"": 848, ""r0_census_date"": ""2026-09-12"", ""collision_check"": ""pass"", ""uuid_collisions"": 0, ""deterministic_duplicates"": 0, ""data_quality_missing_dob_pct"": 0.00, ""data_quality_missing_name_pct"": 0.00}",planned,Sat Sep 12 2026 14:05:28 GMT+0700 (Indochina Time),Sat Sep 12 2026 14:05:29 GMT+0700 (Indochina Time)
fb5d5aac-548b-4164-b562-cab270869aa3,fb5d5aac-548b-4164-b562-cab270869aa3,511c25ce-ed21-4bd3-aabd-943a29d053e9,CREATE_NEW_PARTY,"{""reason"": ""no_existing_party"", ""persons_total"": 848, ""r0_census_date"": ""2026-09-12"", ""collision_check"": ""pass"", ""uuid_collisions"": 0, ""deterministic_duplicates"": 0, ""data_quality_missing_dob_pct"": 0.00, ""data_quality_missing_name_pct"": 0.00}",planned,Sat Sep 12 2026 14:05:28 GMT+0700 (Indochina Time),Sat Sep 12 2026 14:05:29 GMT+0700 (Indochina Time)
848ab64e-8f23-498d-b3ce-4bb604e4fdd0,848ab64e-8f23-498d-b3ce-4bb604e4fdd0,5927a1b6-c06b-4a3e-b82a-0fe6f755dbc3,CREATE_NEW_PARTY,"{""reason"": ""no_existing_party"", ""persons_total"": 848, ""r0_census_date"": ""2026-09-12"", ""collision_check"": ""pass"", ""uuid_collisions"": 0, ""deterministic_duplicates"": 0, ""data_quality_missing_dob_pct"": 0.00, ""data_quality_missing_name_pct"": 0.00}",planned,Sat Sep 12 2026 14:05:28 GMT+0700 (Indochina Time),Sat Sep 12 2026 14:05:29 GMT+0700 (Indochina Time)
2ee5686a-846d-4471-85ac-e1caf0ba480f,2ee5686a-846d-4471-85ac-e1caf0ba480f,9c55daba-3697-4d4c-88d8-fb5df88d5f8c,CREATE_NEW_PARTY,"{""reason"": ""no_existing_party"", ""persons_total"": 848, ""r0_census_date"": ""2026-09-12"", ""collision_check"": ""pass"", ""uuid_collisions"": 0, ""deterministic_duplicates"": 0, ""data_quality_missing_dob_pct"": 0.00, ""data_quality_missing_name_pct"": 0.00}",planned,Sat Sep 12 2026 14:05:28 GMT+0700 (Indochina Time),Sat Sep 12 2026 14:05:29 GMT+0700 (Indochina Time)
579e1185-9da0-481d-b153-485b2f28c58a,579e1185-9da0-481d-b153-485b2f28c58a,39e50e9f-3140-4367-ad5d-4e1e8f7768ca,CREATE_NEW_PARTY,"{""reason"": ""no_existing_party"", ""persons_total"": 848, ""r0_census_date"": ""2026-09-12"", ""collision_check"": ""pass"", ""uuid_collisions"": 0, ""deterministic_duplicates"": 0, ""data_quality_missing_dob_pct"": 0.00, ""data_quality_missing_name_pct"": 0.00}",planned,Sat Sep 12 2026 14:05:28 GMT+0700 (Indochina Time),Sat Sep 12 2026 14:05:29 GMT+0700 (Indochina Time)
3b3f4b0c-d5b5-473b-9f9b-b9ee252d2c64,3b3f4b0c-d5b5-473b-9f9b-b9ee252d2c64,261d3c69-be32-4e4d-afdf-2c48b56141a9,CREATE_NEW_PARTY,"{""reason"": ""no_existing_party"", ""persons_total"": 848, ""r0_census_date"": ""2026-09-12"", ""collision_check"": ""pass"", ""uuid_collisions"": 0, ""deterministic_duplicates"": 0, ""data_quality_missing_dob_pct"": 0.00, ""data_quality_missing_name_pct"": 0.00}",planned,Sat Sep 12 2026 14:05:28 GMT+0700 (Indochina Time),Sat Sep 12 2026 14:05:29 GMT+0700 (Indochina Time)
a849be59-73a2-47cb-a1bf-75d6fa2fe2b4,a849be59-73a2-47cb-a1bf-75d6fa2fe2b4,281aba15-205f-455d-90e2-7952e09a04ce,CREATE_NEW_PARTY,"{""reason"": ""no_existing_party"", ""persons_total"": 848, ""r0_census_date"": ""2026-09-12"", ""collision_check"": ""pass"", ""uuid_collisions"": 0, ""deterministic_duplicates"": 0, ""data_quality_missing_dob_pct"": 0.00, ""data_quality_missing_name_pct"": 0.00}",planned,Sat Sep 12 2026 14:05:28 GMT+0700 (Indochina Time),Sat Sep 12 2026 14:05:29 GMT+0700 (Indochina Time)
97f69bef-2898-4a75-988c-4cc76ea5a256,97f69bef-2898-4a75-988c-4cc76ea5a256,00000000-0000-0000-0000-000000000001,CREATE_NEW_PARTY,"{""reason"": ""no_existing_party"", ""persons_total"": 848, ""r0_census_date"": ""2026-09-12"", ""collision_check"": ""pass"", ""uuid_collisions"": 0, ""deterministic_duplicates"": 0, ""data_quality_missing_dob_pct"": 0.00, ""data_quality_missing_name_pct"": 0.00}",planned,Sat Sep 12 2026 14:05:28 GMT+0700 (Indochina Time),Sat Sep 12 2026 14:05:29 GMT+0700 (Indochina Time)
2d40628f-c976-4362-8112-6990f09acd4f,2d40628f-c976-4362-8112-6990f09acd4f,00000000-0000-0000-0000-000000000001,CREATE_NEW_PARTY,"{""reason"": ""no_existing_party"", ""persons_total"": 848, ""r0_census_date"": ""2026-09-12"", ""collision_check"": ""pass"", ""uuid_collisions"": 0, ""deterministic_duplicates"": 0, ""data_quality_missing_dob_pct"": 0.00, ""data_quality_missing_name_pct"": 0.00}",planned,Sat Sep 12 2026 14:05:28 GMT+0700 (Indochina Time),Sat Sep 12 2026 14:05:29 GMT+0700 (Indochina Time)
29a816b4-f65a-4310-ba45-26ccaae99210,29a816b4-f65a-4310-ba45-26ccaae99210,00000000-0000-0000-0000-000000000001,CREATE_NEW_PARTY,"{""reason"": ""no_existing_party"", ""persons_total"": 848, ""r0_census_date"": ""2026-09-12"", ""collision_check"": ""pass"", ""uuid_collisions"": 0, ""deterministic_duplicates"": 0, ""data_quality_missing_dob_pct"": 0.00, ""data_quality_missing_name_pct"": 0.00}",planned,Sat Sep 12 2026 14:05:28 GMT+0700 (Indochina Time),Sat Sep 12 2026 14:05:29 GMT+0700 (Indochina Time)
9d19e5df-757c-4499-bd8d-21655183f6a8,9d19e5df-757c-4499-bd8d-21655183f6a8,00000000-0000-0000-0000-000000000001,CREATE_NEW_PARTY,"{""reason"": ""no_existing_party"", ""persons_total"": 848, ""r0_census_date"": ""2026-09-12"", ""collision_check"": ""pass"", ""uuid_collisions"": 0, ""deterministic_duplicates"": 0, ""data_quality_missing_dob_pct"": 0.00, ""data_quality_missing_name_pct"": 0.00}",planned,Sat Sep 12 2026 14:05:28 GMT+0700 (Indochina Time),Sat Sep 12 2026 14:05:29 GMT+0700 (Indochina Time)
909ee071-cdc6-429f-9173-383acbd3fcf2,909ee071-cdc6-429f-9173-383acbd3fcf2,045360ea-94d7-46ff-957d-87a69d01b406,CREATE_NEW_PARTY,"{""reason"": ""no_existing_party"", ""persons_total"": 848, ""r0_census_date"": ""2026-09-12"", ""collision_check"": ""pass"", ""uuid_collisions"": 0, ""deterministic_duplicates"": 0, ""data_quality_missing_dob_pct"": 0.00, ""data_quality_missing_name_pct"": 0.00}",planned,Sat Sep 12 2026 14:05:28 GMT+0700 (Indochina Time),Sat Sep 12 2026 14:05:29 GMT+0700 (Indochina Time)
29104e30-463d-4768-af5b-301dfefb79ed,29104e30-463d-4768-af5b-301dfefb79ed,2eb9065f-fb79-4d08-b3d6-bd28d075d298,CREATE_NEW_PARTY,"{""reason"": ""no_existing_party"", ""persons_total"": 848, ""r0_census_date"": ""2026-09-12"", ""collision_check"": ""pass"", ""uuid_collisions"": 0, ""deterministic_duplicates"": 0, ""data_quality_missing_dob_pct"": 0.00, ""data_quality_missing_name_pct"": 0.00}",planned,Sat Sep 12 2026 14:05:28 GMT+0700 (Indochina Time),Sat Sep 12 2026 14:05:29 GMT+0700 (Indochina Time)
d8702063-b51b-4fe4-b2bc-3d57fa31a443,d8702063-b51b-4fe4-b2bc-3d57fa31a443,045360ea-94d7-46ff-957d-87a69d01b406,CREATE_NEW_PARTY,"{""reason"": ""no_existing_party"", ""persons_total"": 848, ""r0_census_date"": ""2026-09-12"", ""collision_check"": ""pass"", ""uuid_collisions"": 0, ""deterministic_duplicates"": 0, ""data_quality_missing_dob_pct"": 0.00, ""data_quality_missing_name_pct"": 0.00}",planned,Sat Sep 12 2026 14:05:28 GMT+0700 (Indochina Time),Sat Sep 12 2026 14:05:29 GMT+0700 (Indochina Time)
4eb4b0da-ffeb-4dc1-8128-09156f4ee3e6,4eb4b0da-ffeb-4dc1-8128-09156f4ee3e6,00000000-0000-0000-0000-000000000001,CREATE_NEW_PARTY,"{""reason"": ""no_existing_party"", ""persons_total"": 848, ""r0_census_date"": ""2026-09-12"", ""collision_check"": ""pass"", ""uuid_collisions"": 0, ""deterministic_duplicates"": 0, ""data_quality_missing_dob_pct"": 0.00, ""data_quality_missing_name_pct"": 0.00}",planned,Sat Sep 12 2026 14:05:28 GMT+0700 (Indochina Time),Sat Sep 12 2026 14:05:29 GMT+0700 (Indochina Time)
007b0da2-17c5-4087-9a16-ad8f2e5dfa96,007b0da2-17c5-4087-9a16-ad8f2e5dfa96,00000000-0000-0000-0000-000000000001,CREATE_NEW_PARTY,"{""reason"": ""no_existing_party"", ""persons_total"": 848, ""r0_census_date"": ""2026-09-12"", ""collision_check"": ""pass"", ""uuid_collisions"": 0, ""deterministic_duplicates"": 0, ""data_quality_missing_dob_pct"": 0.00, ""data_quality_missing_name_pct"": 0.00}",planned,Sat Sep 12 2026 14:05:28 GMT+0700 (Indochina Time),Sat Sep 12 2026 14:05:29 GMT+0700 (Indochina Time)
2a568643-92ac-46bd-9348-9947f266bd64,2a568643-92ac-46bd-9348-9947f266bd64,79b78f12-6003-4427-be1c-6eecdeb089a5,CREATE_NEW_PARTY,"{""reason"": ""no_existing_party"", ""persons_total"": 848, ""r0_census_date"": ""2026-09-12"", ""collision_check"": ""pass"", ""uuid_collisions"": 0, ""deterministic_duplicates"": 0, ""data_quality_missing_dob_pct"": 0.00, ""data_quality_missing_name_pct"": 0.00}",planned,Sat Sep 12 2026 14:05:28 GMT+0700 (Indochina Time),Sat Sep 12 2026 14:05:29 GMT+0700 (Indochina Time)
9ab66132-a000-4b00-a845-75a065ea5f1c,9ab66132-a000-4b00-a845-75a065ea5f1c,b6a1f130-a0ca-45a5-a178-1c5f13613e5f,CREATE_NEW_PARTY,"{""reason"": ""no_existing_party"", ""persons_total"": 848, ""r0_census_date"": ""2026-09-12"", ""collision_check"": ""pass"", ""uuid_collisions"": 0, ""deterministic_duplicates"": 0, ""data_quality_missing_dob_pct"": 0.00, ""data_quality_missing_name_pct"": 0.00}",planned,Sat Sep 12 2026 14:05:28 GMT+0700 (Indochina Time),Sat Sep 12 2026 14:05:29 GMT+0700 (Indochina Time)
e04dab97-d5dc-4bc5-8a5f-5e635b413f69,e04dab97-d5dc-4bc5-8a5f-5e635b413f69,7c35aa02-98c0-4c9b-891d-86c084636897,CREATE_NEW_PARTY,"{""reason"": ""no_existing_party"", ""persons_total"": 848, ""r0_census_date"": ""2026-09-12"", ""collision_check"": ""pass"", ""uuid_collisions"": 0, ""deterministic_duplicates"": 0, ""data_quality_missing_dob_pct"": 0.00, ""data_quality_missing_name_pct"": 0.00}",planned,Sat Sep 12 2026 14:05:28 GMT+0700 (Indochina Time),Sat Sep 12 2026 14:05:29 GMT+0700 (Indochina Time)
b58dbf1d-c8f2-4a6e-aeea-ffc1871110dd,b58dbf1d-c8f2-4a6e-aeea-ffc1871110dd,79b78f12-6003-4427-be1c-6eecdeb089a5,CREATE_NEW_PARTY,"{""reason"": ""no_existing_party"", ""persons_total"": 848, ""r0_census_date"": ""2026-09-12"", ""collision_check"": ""pass"", ""uuid_collisions"": 0, ""deterministic_duplicates"": 0, ""data_quality_missing_dob_pct"": 0.00, ""data_quality_missing_name_pct"": 0.00}",planned,Sat Sep 12 2026 14:05:28 GMT+0700 (Indochina Time),Sat Sep 12 2026 14:05:29 GMT+0700 (Indochina Time)
bef96165-6e5d-41fb-8324-b26c2c79f764,bef96165-6e5d-41fb-8324-b26c2c79f764,b6a1f130-a0ca-45a5-a178-1c5f13613e5f,CREATE_NEW_PARTY,"{""reason"": ""no_existing_party"", ""persons_total"": 848, ""r0_census_date"": ""2026-09-12"", ""collision_check"": ""pass"", ""uuid_collisions"": 0, ""deterministic_duplicates"": 0, ""data_quality_missing_dob_pct"": 0.00, ""data_quality_missing_name_pct"": 0.00}",planned,Sat Sep 12 2026 14:05:28 GMT+0700 (Indochina Time),Sat Sep 12 2026 14:05:29 GMT+0700 (Indochina Time)
20ac4617-bdd6-4c51-a5d7-fe6e78f76e1b,20ac4617-bdd6-4c51-a5d7-fe6e78f76e1b,7c35aa02-98c0-4c9b-891d-86c084636897,CREATE_NEW_PARTY,"{""reason"": ""no_existing_party"", ""persons_total"": 848, ""r0_census_date"": ""2026-09-12"", ""collision_check"": ""pass"", ""uuid_collisions"": 0, ""deterministic_duplicates"": 0, ""data_quality_missing_dob_pct"": 0.00, ""data_quality_missing_name_pct"": 0.00}",planned,Sat Sep 12 2026 14:05:28 GMT+0700 (Indochina Time),Sat Sep 12 2026 14:05:29 GMT+0700 (Indochina Time)
347336f0-2dff-4015-9c95-b9260eeee778,347336f0-2dff-4015-9c95-b9260eeee778,79b78f12-6003-4427-be1c-6eecdeb089a5,CREATE_NEW_PARTY,"{""reason"": ""no_existing_party"", ""persons_total"": 848, ""r0_census_date"": ""2026-09-12"", ""collision_check"": ""pass"", ""uuid_collisions"": 0, ""deterministic_duplicates"": 0, ""data_quality_missing_dob_pct"": 0.00, ""data_quality_missing_name_pct"": 0.00}",planned,Sat Sep 12 2026 14:05:28 GMT+0700 (Indochina Time),Sat Sep 12 2026 14:05:29 GMT+0700 (Indochina Time)
5b41a8ca-b3f9-4f69-8531-743aec96a386,5b41a8ca-b3f9-4f69-8531-743aec96a386,357bbc9c-2793-463f-a7fd-6d4a5114b283,CREATE_NEW_PARTY,"{""reason"": ""no_existing_party"", ""persons_total"": 848, ""r0_census_date"": ""2026-09-12"", ""collision_check"": ""pass"", ""uuid_collisions"": 0, ""deterministic_duplicates"": 0, ""data_quality_missing_dob_pct"": 0.00, ""data_quality_missing_name_pct"": 0.00}",planned,Sat Sep 12 2026 14:05:28 GMT+0700 (Indochina Time),Sat Sep 12 2026 14:05:29 GMT+0700 (Indochina Time)
ee1ae6e0-88ad-404a-94d5-c063b5cc99bd,ee1ae6e0-88ad-404a-94d5-c063b5cc99bd,b6a1f130-a0ca-45a5-a178-1c5f13613e5f,CREATE_NEW_PARTY,"{""reason"": ""no_existing_party"", ""persons_total"": 848, ""r0_census_date"": ""2026-09-12"", ""collision_check"": ""pass"", ""uuid_collisions"": 0, ""deterministic_duplicates"": 0, ""data_quality_missing_dob_pct"": 0.00, ""data_quality_missing_name_pct"": 0.00}",planned,Sat Sep 12 2026 14:05:28 GMT+0700 (Indochina Time),Sat Sep 12 2026 14:05:29 GMT+0700 (Indochina Time)
36bfb2dd-2fad-4e62-9ff4-48f54ef34788,36bfb2dd-2fad-4e62-9ff4-48f54ef34788,6f203f01-5422-41b0-875d-4297788cd05b,CREATE_NEW_PARTY,"{""reason"": ""no_existing_party"", ""persons_total"": 848, ""r0_census_date"": ""2026-09-12"", ""collision_check"": ""pass"", ""uuid_collisions"": 0, ""deterministic_duplicates"": 0, ""data_quality_missing_dob_pct"": 0.00, ""data_quality_missing_name_pct"": 0.00}",planned,Sat Sep 12 2026 14:05:28 GMT+0700 (Indochina Time),Sat Sep 12 2026 14:05:29 GMT+0700 (Indochina Time)
fd1318fe-54aa-4b49-b65c-a86464396c7e,fd1318fe-54aa-4b49-b65c-a86464396c7e,038695c9-6585-4184-903b-e4406bfad910,CREATE_NEW_PARTY,"{""reason"": ""no_existing_party"", ""persons_total"": 848, ""r0_census_date"": ""2026-09-12"", ""collision_check"": ""pass"", ""uuid_collisions"": 0, ""deterministic_duplicates"": 0, ""data_quality_missing_dob_pct"": 0.00, ""data_quality_missing_name_pct"": 0.00}",planned,Sat Sep 12 2026 14:05:28 GMT+0700 (Indochina Time),Sat Sep 12 2026 14:05:29 GMT+0700 (Indochina Time)
e7a91fcc-3dfb-4a53-b9e9-1cfbdc39b64e,e7a91fcc-3dfb-4a53-b9e9-1cfbdc39b64e,357bbc9c-2793-463f-a7fd-6d4a5114b283,CREATE_NEW_PARTY,"{""reason"": ""no_existing_party"", ""persons_total"": 848, ""r0_census_date"": ""2026-09-12"", ""collision_check"": ""pass"", ""uuid_collisions"": 0, ""deterministic_duplicates"": 0, ""data_quality_missing_dob_pct"": 0.00, ""data_quality_missing_name_pct"": 0.00}",planned,Sat Sep 12 2026 14:05:28 GMT+0700 (Indochina Time),Sat Sep 12 2026 14:05:29 GMT+0700 (Indochina Time)
0a10085d-972d-4e4f-a62d-da3ee9a87bfa,0a10085d-972d-4e4f-a62d-da3ee9a87bfa,00000000-0000-0000-0000-000000000001,CREATE_NEW_PARTY,"{""reason"": ""no_existing_party"", ""persons_total"": 848, ""r0_census_date"": ""2026-09-12"", ""collision_check"": ""pass"", ""uuid_collisions"": 0, ""deterministic_duplicates"": 0, ""data_quality_missing_dob_pct"": 0.00, ""data_quality_missing_name_pct"": 0.00}",planned,Sat Sep 12 2026 14:05:28 GMT+0700 (Indochina Time),Sat Sep 12 2026 14:05:29 GMT+0700 (Indochina Time)
26886c1c-832f-4494-aace-a4c8c31c17c6,26886c1c-832f-4494-aace-a4c8c31c17c6,00000000-0000-0000-0000-000000000001,CREATE_NEW_PARTY,"{""reason"": ""no_existing_party"", ""persons_total"": 848, ""r0_census_date"": ""2026-09-12"", ""collision_check"": ""pass"", ""uuid_collisions"": 0, ""deterministic_duplicates"": 0, ""data_quality_missing_dob_pct"": 0.00, ""data_quality_missing_name_pct"": 0.00}",planned,Sat Sep 12 2026 14:05:28 GMT+0700 (Indochina Time),Sat Sep 12 2026 14:05:29 GMT+0700 (Indochina Time)
cddfe9c6-8571-4f53-a00a-197c9d9cf331,cddfe9c6-8571-4f53-a00a-197c9d9cf331,00000000-0000-0000-0000-000000000001,CREATE_NEW_PARTY,"{""reason"": ""no_existing_party"", ""persons_total"": 848, ""r0_census_date"": ""2026-09-12"", ""collision_check"": ""pass"", ""uuid_collisions"": 0, ""deterministic_duplicates"": 0, ""data_quality_missing_dob_pct"": 0.00, ""data_quality_missing_name_pct"": 0.00}",planned,Sat Sep 12 2026 14:05:28 GMT+0700 (Indochina Time),Sat Sep 12 2026 14:05:29 GMT+0700 (Indochina Time)
9ed78de8-9033-4fa8-9da8-4157438a622a,9ed78de8-9033-4fa8-9da8-4157438a622a,00000000-0000-0000-0000-000000000001,CREATE_NEW_PARTY,"{""reason"": ""no_existing_party"", ""persons_total"": 848, ""r0_census_date"": ""2026-09-12"", ""collision_check"": ""pass"", ""uuid_collisions"": 0, ""deterministic_duplicates"": 0, ""data_quality_missing_dob_pct"": 0.00, ""data_quality_missing_name_pct"": 0.00}",planned,Sat Sep 12 2026 14:05:28 GMT+0700 (Indochina Time),Sat Sep 12 2026 14:05:29 GMT+0700 (Indochina Time)
2f6fb253-08a8-4bd8-ac56-3fe3d602f381,2f6fb253-08a8-4bd8-ac56-3fe3d602f381,00000000-0000-0000-0000-000000000001,CREATE_NEW_PARTY,"{""reason"": ""no_existing_party"", ""persons_total"": 848, ""r0_census_date"": ""2026-09-12"", ""collision_check"": ""pass"", ""uuid_collisions"": 0, ""deterministic_duplicates"": 0, ""data_quality_missing_dob_pct"": 0.00, ""data_quality_missing_name_pct"": 0.00}",planned,Sat Sep 12 2026 14:05:28 GMT+0700 (Indochina Time),Sat Sep 12 2026 14:05:29 GMT+0700 (Indochina Time)
26b8cf1f-afec-4a64-a42d-43121208d000,26b8cf1f-afec-4a64-a42d-43121208d000,faa67535-1bfe-40fa-8261-c002de7d8cd2,CREATE_NEW_PARTY,"{""reason"": ""no_existing_party"", ""persons_total"": 848, ""r0_census_date"": ""2026-09-12"", ""collision_check"": ""pass"", ""uuid_collisions"": 0, ""deterministic_duplicates"": 0, ""data_quality_missing_dob_pct"": 0.00, ""data_quality_missing_name_pct"": 0.00}",planned,Sat Sep 12 2026 14:05:28 GMT+0700 (Indochina Time),Sat Sep 12 2026 14:05:29 GMT+0700 (Indochina Time)
cd76a1ad-1871-4d25-9787-815f70470a1f,cd76a1ad-1871-4d25-9787-815f70470a1f,fd71e625-5d33-4f1b-a7fd-2dd0ea1f8d60,CREATE_NEW_PARTY,"{""reason"": ""no_existing_party"", ""persons_total"": 848, ""r0_census_date"": ""2026-09-12"", ""collision_check"": ""pass"", ""uuid_collisions"": 0, ""deterministic_duplicates"": 0, ""data_quality_missing_dob_pct"": 0.00, ""data_quality_missing_name_pct"": 0.00}",planned,Sat Sep 12 2026 14:05:28 GMT+0700 (Indochina Time),Sat Sep 12 2026 14:05:29 GMT+0700 (Indochina Time)
dda48c54-4926-4827-8395-20ff1be550b4,dda48c54-4926-4827-8395-20ff1be550b4,fd71e625-5d33-4f1b-a7fd-2dd0ea1f8d60,CREATE_NEW_PARTY,"{""reason"": ""no_existing_party"", ""persons_total"": 848, ""r0_census_date"": ""2026-09-12"", ""collision_check"": ""pass"", ""uuid_collisions"": 0, ""deterministic_duplicates"": 0, ""data_quality_missing_dob_pct"": 0.00, ""data_quality_missing_name_pct"": 0.00}",planned,Sat Sep 12 2026 14:05:28 GMT+0700 (Indochina Time),Sat Sep 12 2026 14:05:29 GMT+0700 (Indochina Time)
a9d1de53-17e8-49d4-9f8d-4657a078813b,a9d1de53-17e8-49d4-9f8d-4657a078813b,00000000-0000-0000-0000-000000000001,CREATE_NEW_PARTY,"{""reason"": ""no_existing_party"", ""persons_total"": 848, ""r0_census_date"": ""2026-09-12"", ""collision_check"": ""pass"", ""uuid_collisions"": 0, ""deterministic_duplicates"": 0, ""data_quality_missing_dob_pct"": 0.00, ""data_quality_missing_name_pct"": 0.00}",planned,Sat Sep 12 2026 14:05:28 GMT+0700 (Indochina Time),Sat Sep 12 2026 14:05:29 GMT+0700 (Indochina Time)
dc5267d9-51dc-4350-9538-c9ac58924c3f,dc5267d9-51dc-4350-9538-c9ac58924c3f,00000000-0000-0000-0000-000000000001,CREATE_NEW_PARTY,"{""reason"": ""no_existing_party"", ""persons_total"": 848, ""r0_census_date"": ""2026-09-12"", ""collision_check"": ""pass"", ""uuid_collisions"": 0, ""deterministic_duplicates"": 0, ""data_quality_missing_dob_pct"": 0.00, ""data_quality_missing_name_pct"": 0.00}",planned,Sat Sep 12 2026 14:05:28 GMT+0700 (Indochina Time),Sat Sep 12 2026 14:05:29 GMT+0700 (Indochina Time)
d98e3c99-4cae-48bd-9744-80f5231a1225,d98e3c99-4cae-48bd-9744-80f5231a1225,00000000-0000-0000-0000-000000000001,CREATE_NEW_PARTY,"{""reason"": ""no_existing_party"", ""persons_total"": 848, ""r0_census_date"": ""2026-09-12"", ""collision_check"": ""pass"", ""uuid_collisions"": 0, ""deterministic_duplicates"": 0, ""data_quality_missing_dob_pct"": 0.00, ""data_quality_missing_name_pct"": 0.00}",planned,Sat Sep 12 2026 14:05:28 GMT+0700 (Indochina Time),Sat Sep 12 2026 14:05:29 GMT+0700 (Indochina Time)
a8a506fc-939a-4815-a4a2-407dad509cc8,a8a506fc-939a-4815-a4a2-407dad509cc8,00000000-0000-0000-0000-000000000001,CREATE_NEW_PARTY,"{""reason"": ""no_existing_party"", ""persons_total"": 848, ""r0_census_date"": ""2026-09-12"", ""collision_check"": ""pass"", ""uuid_collisions"": 0, ""deterministic_duplicates"": 0, ""data_quality_missing_dob_pct"": 0.00, ""data_quality_missing_name_pct"": 0.00}",planned,Sat Sep 12 2026 14:05:28 GMT+0700 (Indochina Time),Sat Sep 12 2026 14:05:29 GMT+0700 (Indochina Time)
12d9d50b-ec7e-4f99-9898-1297cb1e39f7,12d9d50b-ec7e-4f99-9898-1297cb1e39f7,00000000-0000-0000-0000-000000000001,CREATE_NEW_PARTY,"{""reason"": ""no_existing_party"", ""persons_total"": 848, ""r0_census_date"": ""2026-09-12"", ""collision_check"": ""pass"", ""uuid_collisions"": 0, ""deterministic_duplicates"": 0, ""data_quality_missing_dob_pct"": 0.00, ""data_quality_missing_name_pct"": 0.00}",planned,Sat Sep 12 2026 14:05:28 GMT+0700 (Indochina Time),Sat Sep 12 2026 14:05:29 GMT+0700 (Indochina Time)
88280d7f-0e13-4ccd-bafb-a78f7bfdf896,88280d7f-0e13-4ccd-bafb-a78f7bfdf896,00000000-0000-0000-0000-000000000001,CREATE_NEW_PARTY,"{""reason"": ""no_existing_party"", ""persons_total"": 848, ""r0_census_date"": ""2026-09-12"", ""collision_check"": ""pass"", ""uuid_collisions"": 0, ""deterministic_duplicates"": 0, ""data_quality_missing_dob_pct"": 0.00, ""data_quality_missing_name_pct"": 0.00}",planned,Sat Sep 12 2026 14:05:28 GMT+0700 (Indochina Time),Sat Sep 12 2026 14:05:29 GMT+0700 (Indochina Time)
f40b9ad0-094c-406a-9336-fa7ce2c9dc87,f40b9ad0-094c-406a-9336-fa7ce2c9dc87,00000000-0000-0000-0000-000000000001,CREATE_NEW_PARTY,"{""reason"": ""no_existing_party"", ""persons_total"": 848, ""r0_census_date"": ""2026-09-12"", ""collision_check"": ""pass"", ""uuid_collisions"": 0, ""deterministic_duplicates"": 0, ""data_quality_missing_dob_pct"": 0.00, ""data_quality_missing_name_pct"": 0.00}",planned,Sat Sep 12 2026 14:05:28 GMT+0700 (Indochina Time),Sat Sep 12 2026 14:05:29 GMT+0700 (Indochina Time)
50c8b914-6787-41c1-8ef9-c14c0eed2be5,50c8b914-6787-41c1-8ef9-c14c0eed2be5,00000000-0000-0000-0000-000000000002,CREATE_NEW_PARTY,"{""reason"": ""no_existing_party"", ""persons_total"": 848, ""r0_census_date"": ""2026-09-12"", ""collision_check"": ""pass"", ""uuid_collisions"": 0, ""deterministic_duplicates"": 0, ""data_quality_missing_dob_pct"": 0.00, ""data_quality_missing_name_pct"": 0.00}",planned,Sat Sep 12 2026 14:05:28 GMT+0700 (Indochina Time),Sat Sep 12 2026 14:05:29 GMT+0700 (Indochina Time)
da345ac6-dd13-44eb-834d-f1687a76c6bb,da345ac6-dd13-44eb-834d-f1687a76c6bb,00000000-0000-0000-0000-000000000001,CREATE_NEW_PARTY,"{""reason"": ""no_existing_party"", ""persons_total"": 848, ""r0_census_date"": ""2026-09-12"", ""collision_check"": ""pass"", ""uuid_collisions"": 0, ""deterministic_duplicates"": 0, ""data_quality_missing_dob_pct"": 0.00, ""data_quality_missing_name_pct"": 0.00}",planned,Sat Sep 12 2026 14:05:28 GMT+0700 (Indochina Time),Sat Sep 12 2026 14:05:29 GMT+0700 (Indochina Time)
5da82a07-c4a0-4c88-bd4a-1b3fc76b1a0c,5da82a07-c4a0-4c88-bd4a-1b3fc76b1a0c,00000000-0000-0000-0000-000000000001,CREATE_NEW_PARTY,"{""reason"": ""no_existing_party"", ""persons_total"": 848, ""r0_census_date"": ""2026-09-12"", ""collision_check"": ""pass"", ""uuid_collisions"": 0, ""deterministic_duplicates"": 0, ""data_quality_missing_dob_pct"": 0.00, ""data_quality_missing_name_pct"": 0.00}",planned,Sat Sep 12 2026 14:05:28 GMT+0700 (Indochina Time),Sat Sep 12 2026 14:05:29 GMT+0700 (Indochina Time)
2ff60256-b541-49e4-8ae8-23ba41bc2acc,2ff60256-b541-49e4-8ae8-23ba41bc2acc,00000000-0000-0000-0000-000000000001,CREATE_NEW_PARTY,"{""reason"": ""no_existing_party"", ""persons_total"": 848, ""r0_census_date"": ""2026-09-12"", ""collision_check"": ""pass"", ""uuid_collisions"": 0, ""deterministic_duplicates"": 0, ""data_quality_missing_dob_pct"": 0.00, ""data_quality_missing_name_pct"": 0.00}",planned,Sat Sep 12 2026 14:05:28 GMT+0700 (Indochina Time),Sat Sep 12 2026 14:05:29 GMT+0700 (Indochina Time)
87aecbde-9f1d-4e59-9eef-83158336d5dd,87aecbde-9f1d-4e59-9eef-83158336d5dd,00000000-0000-0000-0000-000000000001,CREATE_NEW_PARTY,"{""reason"": ""no_existing_party"", ""persons_total"": 848, ""r0_census_date"": ""2026-09-12"", ""collision_check"": ""pass"", ""uuid_collisions"": 0, ""deterministic_duplicates"": 0, ""data_quality_missing_dob_pct"": 0.00, ""data_quality_missing_name_pct"": 0.00}",planned,Sat Sep 12 2026 14:05:28 GMT+0700 (Indochina Time),Sat Sep 12 2026 14:05:29 GMT+0700 (Indochina Time)
37633683-def5-43bd-9ff2-0e7558771c1a,37633683-def5-43bd-9ff2-0e7558771c1a,00000000-0000-0000-0000-000000000001,CREATE_NEW_PARTY,"{""reason"": ""no_existing_party"", ""persons_total"": 848, ""r0_census_date"": ""2026-09-12"", ""collision_check"": ""pass"", ""uuid_collisions"": 0, ""deterministic_duplicates"": 0, ""data_quality_missing_dob_pct"": 0.00, ""data_quality_missing_name_pct"": 0.00}",planned,Sat Sep 12 2026 14:05:28 GMT+0700 (Indochina Time),Sat Sep 12 2026 14:05:29 GMT+0700 (Indochina Time)
ef872047-efaa-4d17-831b-68672c9648d8,ef872047-efaa-4d17-831b-68672c9648d8,00000000-0000-0000-0000-000000000001,CREATE_NEW_PARTY,"{""reason"": ""no_existing_party"", ""persons_total"": 848, ""r0_census_date"": ""2026-09-12"", ""collision_check"": ""pass"", ""uuid_collisions"": 0, ""deterministic_duplicates"": 0, ""data_quality_missing_dob_pct"": 0.00, ""data_quality_missing_name_pct"": 0.00}",planned,Sat Sep 12 2026 14:05:28 GMT+0700 (Indochina Time),Sat Sep 12 2026 14:05:29 GMT+0700 (Indochina Time)
d3a1519b-b07c-491f-89e0-708346e595c8,d3a1519b-b07c-491f-89e0-708346e595c8,00000000-0000-0000-0000-000000000001,CREATE_NEW_PARTY,"{""reason"": ""no_existing_party"", ""persons_total"": 848, ""r0_census_date"": ""2026-09-12"", ""collision_check"": ""pass"", ""uuid_collisions"": 0, ""deterministic_duplicates"": 0, ""data_quality_missing_dob_pct"": 0.00, ""data_quality_missing_name_pct"": 0.00}",planned,Sat Sep 12 2026 14:05:28 GMT+0700 (Indochina Time),Sat Sep 12 2026 14:05:29 GMT+0700 (Indochina Time)
ce5d4bab-e73c-484a-9bf5-a68c24c2370b,ce5d4bab-e73c-484a-9bf5-a68c24c2370b,00000000-0000-0000-0000-000000000001,CREATE_NEW_PARTY,"{""reason"": ""no_existing_party"", ""persons_total"": 848, ""r0_census_date"": ""2026-09-12"", ""collision_check"": ""pass"", ""uuid_collisions"": 0, ""deterministic_duplicates"": 0, ""data_quality_missing_dob_pct"": 0.00, ""data_quality_missing_name_pct"": 0.00}",planned,Sat Sep 12 2026 14:05:28 GMT+0700 (Indochina Time),Sat Sep 12 2026 14:05:29 GMT+0700 (Indochina Time)
3cc59938-c326-439f-8506-ac8d32a3ba87,3cc59938-c326-439f-8506-ac8d32a3ba87,00000000-0000-0000-0000-000000000002,CREATE_NEW_PARTY,"{""reason"": ""no_existing_party"", ""persons_total"": 848, ""r0_census_date"": ""2026-09-12"", ""collision_check"": ""pass"", ""uuid_collisions"": 0, ""deterministic_duplicates"": 0, ""data_quality_missing_dob_pct"": 0.00, ""data_quality_missing_name_pct"": 0.00}",planned,Sat Sep 12 2026 14:05:28 GMT+0700 (Indochina Time),Sat Sep 12 2026 14:05:29 GMT+0700 (Indochina Time)
0ea69c46-3071-412d-9559-2d6782c41672,0ea69c46-3071-412d-9559-2d6782c41672,00000000-0000-0000-0000-000000000001,CREATE_NEW_PARTY,"{""reason"": ""no_existing_party"", ""persons_total"": 848, ""r0_census_date"": ""2026-09-12"", ""collision_check"": ""pass"", ""uuid_collisions"": 0, ""deterministic_duplicates"": 0, ""data_quality_missing_dob_pct"": 0.00, ""data_quality_missing_name_pct"": 0.00}",planned,Sat Sep 12 2026 14:05:28 GMT+0700 (Indochina Time),Sat Sep 12 2026 14:05:29 GMT+0700 (Indochina Time)
c26b2e7d-6f39-464a-84c7-58877a51cc55,c26b2e7d-6f39-464a-84c7-58877a51cc55,00000000-0000-0000-0000-000000000001,CREATE_NEW_PARTY,"{""reason"": ""no_existing_party"", ""persons_total"": 848, ""r0_census_date"": ""2026-09-12"", ""collision_check"": ""pass"", ""uuid_collisions"": 0, ""deterministic_duplicates"": 0, ""data_quality_missing_dob_pct"": 0.00, ""data_quality_missing_name_pct"": 0.00}",planned,Sat Sep 12 2026 14:05:28 GMT+0700 (Indochina Time),Sat Sep 12 2026 14:05:29 GMT+0700 (Indochina Time)
c7961606-0856-4094-ac55-15c0161dc78d,c7961606-0856-4094-ac55-15c0161dc78d,00000000-0000-0000-0000-000000000001,CREATE_NEW_PARTY,"{""reason"": ""no_existing_party"", ""persons_total"": 848, ""r0_census_date"": ""2026-09-12"", ""collision_check"": ""pass"", ""uuid_collisions"": 0, ""deterministic_duplicates"": 0, ""data_quality_missing_dob_pct"": 0.00, ""data_quality_missing_name_pct"": 0.00}",planned,Sat Sep 12 2026 14:05:28 GMT+0700 (Indochina Time),Sat Sep 12 2026 14:05:29 GMT+0700 (Indochina Time)
2c411d7a-e99c-42d5-816e-30e6f474ef4a,2c411d7a-e99c-42d5-816e-30e6f474ef4a,00000000-0000-0000-0000-000000000001,CREATE_NEW_PARTY,"{""reason"": ""no_existing_party"", ""persons_total"": 848, ""r0_census_date"": ""2026-09-12"", ""collision_check"": ""pass"", ""uuid_collisions"": 0, ""deterministic_duplicates"": 0, ""data_quality_missing_dob_pct"": 0.00, ""data_quality_missing_name_pct"": 0.00}",planned,Sat Sep 12 2026 14:05:28 GMT+0700 (Indochina Time),Sat Sep 12 2026 14:05:29 GMT+0700 (Indochina Time)
89bd1a09-0ab4-4849-bf27-a11cf5d8432d,89bd1a09-0ab4-4849-bf27-a11cf5d8432d,00000000-0000-0000-0000-000000000001,CREATE_NEW_PARTY,"{""reason"": ""no_existing_party"", ""persons_total"": 848, ""r0_census_date"": ""2026-09-12"", ""collision_check"": ""pass"", ""uuid_collisions"": 0, ""deterministic_duplicates"": 0, ""data_quality_missing_dob_pct"": 0.00, ""data_quality_missing_name_pct"": 0.00}",planned,Sat Sep 12 2026 14:05:28 GMT+0700 (Indochina Time),Sat Sep 12 2026 14:05:29 GMT+0700 (Indochina Time)
d51a1133-da86-48ed-a89a-f88b1808740a,d51a1133-da86-48ed-a89a-f88b1808740a,00000000-0000-0000-0000-000000000001,CREATE_NEW_PARTY,"{""reason"": ""no_existing_party"", ""persons_total"": 848, ""r0_census_date"": ""2026-09-12"", ""collision_check"": ""pass"", ""uuid_collisions"": 0, ""deterministic_duplicates"": 0, ""data_quality_missing_dob_pct"": 0.00, ""data_quality_missing_name_pct"": 0.00}",planned,Sat Sep 12 2026 14:05:28 GMT+0700 (Indochina Time),Sat Sep 12 2026 14:05:29 GMT+0700 (Indochina Time)
95f2eab7-9631-441b-84fb-0cb97f844f2a,95f2eab7-9631-441b-84fb-0cb97f844f2a,00000000-0000-0000-0000-000000000002,CREATE_NEW_PARTY,"{""reason"": ""no_existing_party"", ""persons_total"": 848, ""r0_census_date"": ""2026-09-12"", ""collision_check"": ""pass"", ""uuid_collisions"": 0, ""deterministic_duplicates"": 0, ""data_quality_missing_dob_pct"": 0.00, ""data_quality_missing_name_pct"": 0.00}",planned,Sat Sep 12 2026 14:05:28 GMT+0700 (Indochina Time),Sat Sep 12 2026 14:05:29 GMT+0700 (Indochina Time)
caaddaa7-affd-4336-9151-f06879de3b92,caaddaa7-affd-4336-9151-f06879de3b92,cbb911f2-1c25-4238-a0ac-fbef6213f90a,CREATE_NEW_PARTY,"{""reason"": ""no_existing_party"", ""persons_total"": 848, ""r0_census_date"": ""2026-09-12"", ""collision_check"": ""pass"", ""uuid_collisions"": 0, ""deterministic_duplicates"": 0, ""data_quality_missing_dob_pct"": 0.00, ""data_quality_missing_name_pct"": 0.00}",planned,Sat Sep 12 2026 14:05:28 GMT+0700 (Indochina Time),Sat Sep 12 2026 14:05:29 GMT+0700 (Indochina Time)
714377a1-6da1-4d98-9fe9-dd18f1c94fb5,714377a1-6da1-4d98-9fe9-dd18f1c94fb5,cbb911f2-1c25-4238-a0ac-fbef6213f90a,CREATE_NEW_PARTY,"{""reason"": ""no_existing_party"", ""persons_total"": 848, ""r0_census_date"": ""2026-09-12"", ""collision_check"": ""pass"", ""uuid_collisions"": 0, ""deterministic_duplicates"": 0, ""data_quality_missing_dob_pct"": 0.00, ""data_quality_missing_name_pct"": 0.00}",planned,Sat Sep 12 2026 14:05:28 GMT+0700 (Indochina Time),Sat Sep 12 2026 14:05:29 GMT+0700 (Indochina Time)
e78b9446-df07-47a9-8055-1dbdb5aef21b,e78b9446-df07-47a9-8055-1dbdb5aef21b,d600a11f-9208-4ef8-88bd-7670779c1f4f,CREATE_NEW_PARTY,"{""reason"": ""no_existing_party"", ""persons_total"": 848, ""r0_census_date"": ""2026-09-12"", ""collision_check"": ""pass"", ""uuid_collisions"": 0, ""deterministic_duplicates"": 0, ""data_quality_missing_dob_pct"": 0.00, ""data_quality_missing_name_pct"": 0.00}",planned,Sat Sep 12 2026 14:05:28 GMT+0700 (Indochina Time),Sat Sep 12 2026 14:05:29 GMT+0700 (Indochina Time)
97cb0e40-cabe-4b33-af1c-accfb9daced8,97cb0e40-cabe-4b33-af1c-accfb9daced8,777c1068-0c0b-4ec5-bb07-df9ba631dd94,CREATE_NEW_PARTY,"{""reason"": ""no_existing_party"", ""persons_total"": 848, ""r0_census_date"": ""2026-09-12"", ""collision_check"": ""pass"", ""uuid_collisions"": 0, ""deterministic_duplicates"": 0, ""data_quality_missing_dob_pct"": 0.00, ""data_quality_missing_name_pct"": 0.00}",planned,Sat Sep 12 2026 14:05:28 GMT+0700 (Indochina Time),Sat Sep 12 2026 14:05:29 GMT+0700 (Indochina Time)
7e86fb55-de35-4de8-a395-f1c585516f8a,7e86fb55-de35-4de8-a395-f1c585516f8a,777c1068-0c0b-4ec5-bb07-df9ba631dd94,CREATE_NEW_PARTY,"{""reason"": ""no_existing_party"", ""persons_total"": 848, ""r0_census_date"": ""2026-09-12"", ""collision_check"": ""pass"", ""uuid_collisions"": 0, ""deterministic_duplicates"": 0, ""data_quality_missing_dob_pct"": 0.00, ""data_quality_missing_name_pct"": 0.00}",planned,Sat Sep 12 2026 14:05:28 GMT+0700 (Indochina Time),Sat Sep 12 2026 14:05:29 GMT+0700 (Indochina Time)
dfb7328c-c9af-4aa0-9682-7592c85191e3,dfb7328c-c9af-4aa0-9682-7592c85191e3,777c1068-0c0b-4ec5-bb07-df9ba631dd94,CREATE_NEW_PARTY,"{""reason"": ""no_existing_party"", ""persons_total"": 848, ""r0_census_date"": ""2026-09-12"", ""collision_check"": ""pass"", ""uuid_collisions"": 0, ""deterministic_duplicates"": 0, ""data_quality_missing_dob_pct"": 0.00, ""data_quality_missing_name_pct"": 0.00}",planned,Sat Sep 12 2026 14:05:28 GMT+0700 (Indochina Time),Sat Sep 12 2026 14:05:29 GMT+0700 (Indochina Time)
2404d9cf-6aaa-4843-954a-9c11d1f420c3,2404d9cf-6aaa-4843-954a-9c11d1f420c3,57fd68e4-31ce-4a64-b997-7c668eac8cec,CREATE_NEW_PARTY,"{""reason"": ""no_existing_party"", ""persons_total"": 848, ""r0_census_date"": ""2026-09-12"", ""collision_check"": ""pass"", ""uuid_collisions"": 0, ""deterministic_duplicates"": 0, ""data_quality_missing_dob_pct"": 0.00, ""data_quality_missing_name_pct"": 0.00}",planned,Sat Sep 12 2026 14:05:28 GMT+0700 (Indochina Time),Sat Sep 12 2026 14:05:29 GMT+0700 (Indochina Time)
548569aa-6849-4b13-bf18-aa3528e065f9,548569aa-6849-4b13-bf18-aa3528e065f9,c62edb2c-af85-4738-b383-2d96b1a85ff6,CREATE_NEW_PARTY,"{""reason"": ""no_existing_party"", ""persons_total"": 848, ""r0_census_date"": ""2026-09-12"", ""collision_check"": ""pass"", ""uuid_collisions"": 0, ""deterministic_duplicates"": 0, ""data_quality_missing_dob_pct"": 0.00, ""data_quality_missing_name_pct"": 0.00}",planned,Sat Sep 12 2026 14:05:28 GMT+0700 (Indochina Time),Sat Sep 12 2026 14:05:29 GMT+0700 (Indochina Time)
007c9d26-4fb3-4481-b281-6cf9467b8cfa,007c9d26-4fb3-4481-b281-6cf9467b8cfa,c62edb2c-af85-4738-b383-2d96b1a85ff6,CREATE_NEW_PARTY,"{""reason"": ""no_existing_party"", ""persons_total"": 848, ""r0_census_date"": ""2026-09-12"", ""collision_check"": ""pass"", ""uuid_collisions"": 0, ""deterministic_duplicates"": 0, ""data_quality_missing_dob_pct"": 0.00, ""data_quality_missing_name_pct"": 0.00}",planned,Sat Sep 12 2026 14:05:28 GMT+0700 (Indochina Time),Sat Sep 12 2026 14:05:29 GMT+0700 (Indochina Time)
20fb1110-065b-415b-8997-568f1da64f71,20fb1110-065b-415b-8997-568f1da64f71,c62edb2c-af85-4738-b383-2d96b1a85ff6,CREATE_NEW_PARTY,"{""reason"": ""no_existing_party"", ""persons_total"": 848, ""r0_census_date"": ""2026-09-12"", ""collision_check"": ""pass"", ""uuid_collisions"": 0, ""deterministic_duplicates"": 0, ""data_quality_missing_dob_pct"": 0.00, ""data_quality_missing_name_pct"": 0.00}",planned,Sat Sep 12 2026 14:05:28 GMT+0700 (Indochina Time),Sat Sep 12 2026 14:05:29 GMT+0700 (Indochina Time)
37d65f70-3b60-4f83-aeda-3518bc4abc58,37d65f70-3b60-4f83-aeda-3518bc4abc58,2a4d98b9-180d-4822-9d84-20061bddf727,CREATE_NEW_PARTY,"{""reason"": ""no_existing_party"", ""persons_total"": 848, ""r0_census_date"": ""2026-09-12"", ""collision_check"": ""pass"", ""uuid_collisions"": 0, ""deterministic_duplicates"": 0, ""data_quality_missing_dob_pct"": 0.00, ""data_quality_missing_name_pct"": 0.00}",planned,Sat Sep 12 2026 14:05:28 GMT+0700 (Indochina Time),Sat Sep 12 2026 14:05:29 GMT+0700 (Indochina Time)
cfbc4206-506f-4ab9-b1d5-5238c45fe78e,cfbc4206-506f-4ab9-b1d5-5238c45fe78e,3a47a9e1-6cb8-456d-859e-1e1e0e44049a,CREATE_NEW_PARTY,"{""reason"": ""no_existing_party"", ""persons_total"": 848, ""r0_census_date"": ""2026-09-12"", ""collision_check"": ""pass"", ""uuid_collisions"": 0, ""deterministic_duplicates"": 0, ""data_quality_missing_dob_pct"": 0.00, ""data_quality_missing_name_pct"": 0.00}",planned,Sat Sep 12 2026 14:05:28 GMT+0700 (Indochina Time),Sat Sep 12 2026 14:05:29 GMT+0700 (Indochina Time)
cdd218a0-98b5-402e-b5ca-bc9f7c6d461d,cdd218a0-98b5-402e-b5ca-bc9f7c6d461d,3a47a9e1-6cb8-456d-859e-1e1e0e44049a,CREATE_NEW_PARTY,"{""reason"": ""no_existing_party"", ""persons_total"": 848, ""r0_census_date"": ""2026-09-12"", ""collision_check"": ""pass"", ""uuid_collisions"": 0, ""deterministic_duplicates"": 0, ""data_quality_missing_dob_pct"": 0.00, ""data_quality_missing_name_pct"": 0.00}",planned,Sat Sep 12 2026 14:05:28 GMT+0700 (Indochina Time),Sat Sep 12 2026 14:05:29 GMT+0700 (Indochina Time)
1d6f143c-5a63-4bdf-8735-5cb79215d1e1,1d6f143c-5a63-4bdf-8735-5cb79215d1e1,00000000-0000-0000-0000-000000000001,CREATE_NEW_PARTY,"{""reason"": ""no_existing_party"", ""persons_total"": 848, ""r0_census_date"": ""2026-09-12"", ""collision_check"": ""pass"", ""uuid_collisions"": 0, ""deterministic_duplicates"": 0, ""data_quality_missing_dob_pct"": 0.00, ""data_quality_missing_name_pct"": 0.00}",planned,Sat Sep 12 2026 14:05:28 GMT+0700 (Indochina Time),Sat Sep 12 2026 14:05:29 GMT+0700 (Indochina Time)
aca86895-282d-496e-b43b-469f5306f8cd,aca86895-282d-496e-b43b-469f5306f8cd,00000000-0000-0000-0000-000000000001,CREATE_NEW_PARTY,"{""reason"": ""no_existing_party"", ""persons_total"": 848, ""r0_census_date"": ""2026-09-12"", ""collision_check"": ""pass"", ""uuid_collisions"": 0, ""deterministic_duplicates"": 0, ""data_quality_missing_dob_pct"": 0.00, ""data_quality_missing_name_pct"": 0.00}",planned,Sat Sep 12 2026 14:05:28 GMT+0700 (Indochina Time),Sat Sep 12 2026 14:05:29 GMT+0700 (Indochina Time)
73af2ba7-9105-4953-99d4-46e3c4a7aea6,73af2ba7-9105-4953-99d4-46e3c4a7aea6,00000000-0000-0000-0000-000000000001,CREATE_NEW_PARTY,"{""reason"": ""no_existing_party"", ""persons_total"": 848, ""r0_census_date"": ""2026-09-12"", ""collision_check"": ""pass"", ""uuid_collisions"": 0, ""deterministic_duplicates"": 0, ""data_quality_missing_dob_pct"": 0.00, ""data_quality_missing_name_pct"": 0.00}",planned,Sat Sep 12 2026 14:05:28 GMT+0700 (Indochina Time),Sat Sep 12 2026 14:05:29 GMT+0700 (Indochina Time)
f3eb17ed-70e5-4b56-844a-b812b0999771,f3eb17ed-70e5-4b56-844a-b812b0999771,00000000-0000-0000-0000-000000000001,CREATE_NEW_PARTY,"{""reason"": ""no_existing_party"", ""persons_total"": 848, ""r0_census_date"": ""2026-09-12"", ""collision_check"": ""pass"", ""uuid_collisions"": 0, ""deterministic_duplicates"": 0, ""data_quality_missing_dob_pct"": 0.00, ""data_quality_missing_name_pct"": 0.00}",planned,Sat Sep 12 2026 14:05:28 GMT+0700 (Indochina Time),Sat Sep 12 2026 14:05:29 GMT+0700 (Indochina Time)
c3f7f2fc-63d7-4d4a-afbd-2c068fa5220e,c3f7f2fc-63d7-4d4a-afbd-2c068fa5220e,00000000-0000-0000-0000-000000000001,CREATE_NEW_PARTY,"{""reason"": ""no_existing_party"", ""persons_total"": 848, ""r0_census_date"": ""2026-09-12"", ""collision_check"": ""pass"", ""uuid_collisions"": 0, ""deterministic_duplicates"": 0, ""data_quality_missing_dob_pct"": 0.00, ""data_quality_missing_name_pct"": 0.00}",planned,Sat Sep 12 2026 14:05:28 GMT+0700 (Indochina Time),Sat Sep 12 2026 14:05:29 GMT+0700 (Indochina Time)
94327f22-b4b8-4972-82dc-2a4dfa3fb592,94327f22-b4b8-4972-82dc-2a4dfa3fb592,00000000-0000-0000-0000-000000000001,CREATE_NEW_PARTY,"{""reason"": ""no_existing_party"", ""persons_total"": 848, ""r0_census_date"": ""2026-09-12"", ""collision_check"": ""pass"", ""uuid_collisions"": 0, ""deterministic_duplicates"": 0, ""data_quality_missing_dob_pct"": 0.00, ""data_quality_missing_name_pct"": 0.00}",planned,Sat Sep 12 2026 14:05:28 GMT+0700 (Indochina Time),Sat Sep 12 2026 14:05:29 GMT+0700 (Indochina Time)
4839200f-891c-413f-9c10-696716df0065,4839200f-891c-413f-9c10-696716df0065,00000000-0000-0000-0000-000000000001,CREATE_NEW_PARTY,"{""reason"": ""no_existing_party"", ""persons_total"": 848, ""r0_census_date"": ""2026-09-12"", ""collision_check"": ""pass"", ""uuid_collisions"": 0, ""deterministic_duplicates"": 0, ""data_quality_missing_dob_pct"": 0.00, ""data_quality_missing_name_pct"": 0.00}",planned,Sat Sep 12 2026 14:05:28 GMT+0700 (Indochina Time),Sat Sep 12 2026 14:05:29 GMT+0700 (Indochina Time)
a572b029-9f14-4ffe-8008-13043531d72c,a572b029-9f14-4ffe-8008-13043531d72c,00000000-0000-0000-0000-000000000001,CREATE_NEW_PARTY,"{""reason"": ""no_existing_party"", ""persons_total"": 848, ""r0_census_date"": ""2026-09-12"", ""collision_check"": ""pass"", ""uuid_collisions"": 0, ""deterministic_duplicates"": 0, ""data_quality_missing_dob_pct"": 0.00, ""data_quality_missing_name_pct"": 0.00}",planned,Sat Sep 12 2026 14:05:28 GMT+0700 (Indochina Time),Sat Sep 12 2026 14:05:29 GMT+0700 (Indochina Time)
2ddc5168-d0e3-4434-a5da-0f576838e85c,2ddc5168-d0e3-4434-a5da-0f576838e85c,00000000-0000-0000-0000-000000000001,CREATE_NEW_PARTY,"{""reason"": ""no_existing_party"", ""persons_total"": 848, ""r0_census_date"": ""2026-09-12"", ""collision_check"": ""pass"", ""uuid_collisions"": 0, ""deterministic_duplicates"": 0, ""data_quality_missing_dob_pct"": 0.00, ""data_quality_missing_name_pct"": 0.00}",planned,Sat Sep 12 2026 14:05:28 GMT+0700 (Indochina Time),Sat Sep 12 2026 14:05:29 GMT+0700 (Indochina Time)
bac3df3a-3f03-42b7-854a-f49dbe8799aa,bac3df3a-3f03-42b7-854a-f49dbe8799aa,00000000-0000-0000-0000-000000000001,CREATE_NEW_PARTY,"{""reason"": ""no_existing_party"", ""persons_total"": 848, ""r0_census_date"": ""2026-09-12"", ""collision_check"": ""pass"", ""uuid_collisions"": 0, ""deterministic_duplicates"": 0, ""data_quality_missing_dob_pct"": 0.00, ""data_quality_missing_name_pct"": 0.00}",planned,Sat Sep 12 2026 14:05:28 GMT+0700 (Indochina Time),Sat Sep 12 2026 14:05:29 GMT+0700 (Indochina Time)
9cedf77b-c063-4018-b259-160db9fd3ba3,9cedf77b-c063-4018-b259-160db9fd3ba3,00000000-0000-0000-0000-000000000001,CREATE_NEW_PARTY,"{""reason"": ""no_existing_party"", ""persons_total"": 848, ""r0_census_date"": ""2026-09-12"", ""collision_check"": ""pass"", ""uuid_collisions"": 0, ""deterministic_duplicates"": 0, ""data_quality_missing_dob_pct"": 0.00, ""data_quality_missing_name_pct"": 0.00}",planned,Sat Sep 12 2026 14:05:28 GMT+0700 (Indochina Time),Sat Sep 12 2026 14:05:29 GMT+0700 (Indochina Time)
1769cef7-e6c8-4e04-8879-dec26469d409,1769cef7-e6c8-4e04-8879-dec26469d409,00000000-0000-0000-0000-000000000002,CREATE_NEW_PARTY,"{""reason"": ""no_existing_party"", ""persons_total"": 848, ""r0_census_date"": ""2026-09-12"", ""collision_check"": ""pass"", ""uuid_collisions"": 0, ""deterministic_duplicates"": 0, ""data_quality_missing_dob_pct"": 0.00, ""data_quality_missing_name_pct"": 0.00}",planned,Sat Sep 12 2026 14:05:28 GMT+0700 (Indochina Time),Sat Sep 12 2026 14:05:29 GMT+0700 (Indochina Time)
2aff033a-c07a-466c-b34e-87276a44f64d,2aff033a-c07a-466c-b34e-87276a44f64d,00000000-0000-0000-0000-000000000001,CREATE_NEW_PARTY,"{""reason"": ""no_existing_party"", ""persons_total"": 848, ""r0_census_date"": ""2026-09-12"", ""collision_check"": ""pass"", ""uuid_collisions"": 0, ""deterministic_duplicates"": 0, ""data_quality_missing_dob_pct"": 0.00, ""data_quality_missing_name_pct"": 0.00}",planned,Sat Sep 12 2026 14:05:28 GMT+0700 (Indochina Time),Sat Sep 12 2026 14:05:29 GMT+0700 (Indochina Time)
ff2a8fc6-c627-43ec-af13-9b5bafea4789,ff2a8fc6-c627-43ec-af13-9b5bafea4789,00000000-0000-0000-0000-000000000001,CREATE_NEW_PARTY,"{""reason"": ""no_existing_party"", ""persons_total"": 848, ""r0_census_date"": ""2026-09-12"", ""collision_check"": ""pass"", ""uuid_collisions"": 0, ""deterministic_duplicates"": 0, ""data_quality_missing_dob_pct"": 0.00, ""data_quality_missing_name_pct"": 0.00}",planned,Sat Sep 12 2026 14:05:28 GMT+0700 (Indochina Time),Sat Sep 12 2026 14:05:29 GMT+0700 (Indochina Time)
57cbf7d0-c1c2-4902-868d-f8925286c327,57cbf7d0-c1c2-4902-868d-f8925286c327,00000000-0000-0000-0000-000000000001,CREATE_NEW_PARTY,"{""reason"": ""no_existing_party"", ""persons_total"": 848, ""r0_census_date"": ""2026-09-12"", ""collision_check"": ""pass"", ""uuid_collisions"": 0, ""deterministic_duplicates"": 0, ""data_quality_missing_dob_pct"": 0.00, ""data_quality_missing_name_pct"": 0.00}",planned,Sat Sep 12 2026 14:05:28 GMT+0700 (Indochina Time),Sat Sep 12 2026 14:05:29 GMT+0700 (Indochina Time)
0e58b726-175e-4065-ab4f-6bdd7a38c9b5,0e58b726-175e-4065-ab4f-6bdd7a38c9b5,00000000-0000-0000-0000-000000000001,CREATE_NEW_PARTY,"{""reason"": ""no_existing_party"", ""persons_total"": 848, ""r0_census_date"": ""2026-09-12"", ""collision_check"": ""pass"", ""uuid_collisions"": 0, ""deterministic_duplicates"": 0, ""data_quality_missing_dob_pct"": 0.00, ""data_quality_missing_name_pct"": 0.00}",planned,Sat Sep 12 2026 14:05:28 GMT+0700 (Indochina Time),Sat Sep 12 2026 14:05:29 GMT+0700 (Indochina Time)
04e09d95-690f-494c-a36a-a5f41faad6f6,04e09d95-690f-494c-a36a-a5f41faad6f6,00000000-0000-0000-0000-000000000001,CREATE_NEW_PARTY,"{""reason"": ""no_existing_party"", ""persons_total"": 848, ""r0_census_date"": ""2026-09-12"", ""collision_check"": ""pass"", ""uuid_collisions"": 0, ""deterministic_duplicates"": 0, ""data_quality_missing_dob_pct"": 0.00, ""data_quality_missing_name_pct"": 0.00}",planned,Sat Sep 12 2026 14:05:28 GMT+0700 (Indochina Time),Sat Sep 12 2026 14:05:29 GMT+0700 (Indochina Time)
5349c81d-271e-4d17-96c4-4fd1524c096a,5349c81d-271e-4d17-96c4-4fd1524c096a,00000000-0000-0000-0000-000000000001,CREATE_NEW_PARTY,"{""reason"": ""no_existing_party"", ""persons_total"": 848, ""r0_census_date"": ""2026-09-12"", ""collision_check"": ""pass"", ""uuid_collisions"": 0, ""deterministic_duplicates"": 0, ""data_quality_missing_dob_pct"": 0.00, ""data_quality_missing_name_pct"": 0.00}",planned,Sat Sep 12 2026 14:05:28 GMT+0700 (Indochina Time),Sat Sep 12 2026 14:05:29 GMT+0700 (Indochina Time)
629fcded-337e-4a3f-9e79-a9f6ac8255bf,629fcded-337e-4a3f-9e79-a9f6ac8255bf,00000000-0000-0000-0000-000000000001,CREATE_NEW_PARTY,"{""reason"": ""no_existing_party"", ""persons_total"": 848, ""r0_census_date"": ""2026-09-12"", ""collision_check"": ""pass"", ""uuid_collisions"": 0, ""deterministic_duplicates"": 0, ""data_quality_missing_dob_pct"": 0.00, ""data_quality_missing_name_pct"": 0.00}",planned,Sat Sep 12 2026 14:05:28 GMT+0700 (Indochina Time),Sat Sep 12 2026 14:05:29 GMT+0700 (Indochina Time)
e87ce1f7-bdff-46eb-a714-399853715bb4,e87ce1f7-bdff-46eb-a714-399853715bb4,00000000-0000-0000-0000-000000000001,CREATE_NEW_PARTY,"{""reason"": ""no_existing_party"", ""persons_total"": 848, ""r0_census_date"": ""2026-09-12"", ""collision_check"": ""pass"", ""uuid_collisions"": 0, ""deterministic_duplicates"": 0, ""data_quality_missing_dob_pct"": 0.00, ""data_quality_missing_name_pct"": 0.00}",planned,Sat Sep 12 2026 14:05:28 GMT+0700 (Indochina Time),Sat Sep 12 2026 14:05:29 GMT+0700 (Indochina Time)
feb74ea0-4642-4c05-87d5-f03cb030d4ed,feb74ea0-4642-4c05-87d5-f03cb030d4ed,00000000-0000-0000-0000-000000000001,CREATE_NEW_PARTY,"{""reason"": ""no_existing_party"", ""persons_total"": 848, ""r0_census_date"": ""2026-09-12"", ""collision_check"": ""pass"", ""uuid_collisions"": 0, ""deterministic_duplicates"": 0, ""data_quality_missing_dob_pct"": 0.00, ""data_quality_missing_name_pct"": 0.00}",planned,Sat Sep 12 2026 14:05:28 GMT+0700 (Indochina Time),Sat Sep 12 2026 14:05:29 GMT+0700 (Indochina Time)
5f34436e-76c6-4844-b141-7a90ecd1c48f,5f34436e-76c6-4844-b141-7a90ecd1c48f,00000000-0000-0000-0000-000000000001,CREATE_NEW_PARTY,"{""reason"": ""no_existing_party"", ""persons_total"": 848, ""r0_census_date"": ""2026-09-12"", ""collision_check"": ""pass"", ""uuid_collisions"": 0, ""deterministic_duplicates"": 0, ""data_quality_missing_dob_pct"": 0.00, ""data_quality_missing_name_pct"": 0.00}",planned,Sat Sep 12 2026 14:05:28 GMT+0700 (Indochina Time),Sat Sep 12 2026 14:05:29 GMT+0700 (Indochina Time)
396c5498-b832-4e54-8cb3-83b371aa0c96,396c5498-b832-4e54-8cb3-83b371aa0c96,00000000-0000-0000-0000-000000000001,CREATE_NEW_PARTY,"{""reason"": ""no_existing_party"", ""persons_total"": 848, ""r0_census_date"": ""2026-09-12"", ""collision_check"": ""pass"", ""uuid_collisions"": 0, ""deterministic_duplicates"": 0, ""data_quality_missing_dob_pct"": 0.00, ""data_quality_missing_name_pct"": 0.00}",planned,Sat Sep 12 2026 14:05:28 GMT+0700 (Indochina Time),Sat Sep 12 2026 14:05:29 GMT+0700 (Indochina Time)
51864f3e-1b7e-4b51-8c98-1e38991996e7,51864f3e-1b7e-4b51-8c98-1e38991996e7,00000000-0000-0000-0000-000000000002,CREATE_NEW_PARTY,"{""reason"": ""no_existing_party"", ""persons_total"": 848, ""r0_census_date"": ""2026-09-12"", ""collision_check"": ""pass"", ""uuid_collisions"": 0, ""deterministic_duplicates"": 0, ""data_quality_missing_dob_pct"": 0.00, ""data_quality_missing_name_pct"": 0.00}",planned,Sat Sep 12 2026 14:05:28 GMT+0700 (Indochina Time),Sat Sep 12 2026 14:05:29 GMT+0700 (Indochina Time)
c63039c1-3e97-4bc0-9acb-784f0a452736,c63039c1-3e97-4bc0-9acb-784f0a452736,00000000-0000-0000-0000-000000000001,CREATE_NEW_PARTY,"{""reason"": ""no_existing_party"", ""persons_total"": 848, ""r0_census_date"": ""2026-09-12"", ""collision_check"": ""pass"", ""uuid_collisions"": 0, ""deterministic_duplicates"": 0, ""data_quality_missing_dob_pct"": 0.00, ""data_quality_missing_name_pct"": 0.00}",planned,Sat Sep 12 2026 14:05:28 GMT+0700 (Indochina Time),Sat Sep 12 2026 14:05:29 GMT+0700 (Indochina Time)
eaa88fba-1b43-4796-82e3-5ca58dc8615a,eaa88fba-1b43-4796-82e3-5ca58dc8615a,00000000-0000-0000-0000-000000000001,CREATE_NEW_PARTY,"{""reason"": ""no_existing_party"", ""persons_total"": 848, ""r0_census_date"": ""2026-09-12"", ""collision_check"": ""pass"", ""uuid_collisions"": 0, ""deterministic_duplicates"": 0, ""data_quality_missing_dob_pct"": 0.00, ""data_quality_missing_name_pct"": 0.00}",planned,Sat Sep 12 2026 14:05:28 GMT+0700 (Indochina Time),Sat Sep 12 2026 14:05:29 GMT+0700 (Indochina Time)
97961f98-cee4-45e7-8232-5b039d3179cc,97961f98-cee4-45e7-8232-5b039d3179cc,00000000-0000-0000-0000-000000000001,CREATE_NEW_PARTY,"{""reason"": ""no_existing_party"", ""persons_total"": 848, ""r0_census_date"": ""2026-09-12"", ""collision_check"": ""pass"", ""uuid_collisions"": 0, ""deterministic_duplicates"": 0, ""data_quality_missing_dob_pct"": 0.00, ""data_quality_missing_name_pct"": 0.00}",planned,Sat Sep 12 2026 14:05:28 GMT+0700 (Indochina Time),Sat Sep 12 2026 14:05:29 GMT+0700 (Indochina Time)
b86de3e4-2011-4d33-810f-f158813cd5c9,b86de3e4-2011-4d33-810f-f158813cd5c9,00000000-0000-0000-0000-000000000001,CREATE_NEW_PARTY,"{""reason"": ""no_existing_party"", ""persons_total"": 848, ""r0_census_date"": ""2026-09-12"", ""collision_check"": ""pass"", ""uuid_collisions"": 0, ""deterministic_duplicates"": 0, ""data_quality_missing_dob_pct"": 0.00, ""data_quality_missing_name_pct"": 0.00}",planned,Sat Sep 12 2026 14:05:28 GMT+0700 (Indochina Time),Sat Sep 12 2026 14:05:29 GMT+0700 (Indochina Time)
4cdf4929-0ab5-44f0-8fda-ca46c4e758f7,4cdf4929-0ab5-44f0-8fda-ca46c4e758f7,00000000-0000-0000-0000-000000000001,CREATE_NEW_PARTY,"{""reason"": ""no_existing_party"", ""persons_total"": 848, ""r0_census_date"": ""2026-09-12"", ""collision_check"": ""pass"", ""uuid_collisions"": 0, ""deterministic_duplicates"": 0, ""data_quality_missing_dob_pct"": 0.00, ""data_quality_missing_name_pct"": 0.00}",planned,Sat Sep 12 2026 14:05:28 GMT+0700 (Indochina Time),Sat Sep 12 2026 14:05:29 GMT+0700 (Indochina Time)
78336905-7e12-4627-a201-fa11a30e5060,78336905-7e12-4627-a201-fa11a30e5060,00000000-0000-0000-0000-000000000001,CREATE_NEW_PARTY,"{""reason"": ""no_existing_party"", ""persons_total"": 848, ""r0_census_date"": ""2026-09-12"", ""collision_check"": ""pass"", ""uuid_collisions"": 0, ""deterministic_duplicates"": 0, ""data_quality_missing_dob_pct"": 0.00, ""data_quality_missing_name_pct"": 0.00}",planned,Sat Sep 12 2026 14:05:28 GMT+0700 (Indochina Time),Sat Sep 12 2026 14:05:29 GMT+0700 (Indochina Time)
67bafa10-60ab-4cfd-86a1-d30cc2e3cf69,67bafa10-60ab-4cfd-86a1-d30cc2e3cf69,00000000-0000-0000-0000-000000000001,CREATE_NEW_PARTY,"{""reason"": ""no_existing_party"", ""persons_total"": 848, ""r0_census_date"": ""2026-09-12"", ""collision_check"": ""pass"", ""uuid_collisions"": 0, ""deterministic_duplicates"": 0, ""data_quality_missing_dob_pct"": 0.00, ""data_quality_missing_name_pct"": 0.00}",planned,Sat Sep 12 2026 14:05:28 GMT+0700 (Indochina Time),Sat Sep 12 2026 14:05:29 GMT+0700 (Indochina Time)
00000000-0000-0000-0000-000000000071,00000000-0000-0000-0000-000000000071,00000000-0000-0000-0000-000000000001,CREATE_NEW_PARTY,"{""reason"": ""no_existing_party"", ""persons_total"": 848, ""r0_census_date"": ""2026-09-12"", ""collision_check"": ""pass"", ""uuid_collisions"": 0, ""deterministic_duplicates"": 0, ""data_quality_missing_dob_pct"": 0.00, ""data_quality_missing_name_pct"": 0.00}",planned,Sat Sep 12 2026 14:05:28 GMT+0700 (Indochina Time),Sat Sep 12 2026 14:05:29 GMT+0700 (Indochina Time)
5f092d2d-1321-453d-8222-477785f2997d,5f092d2d-1321-453d-8222-477785f2997d,00000000-0000-0000-0000-000000000001,CREATE_NEW_PARTY,"{""reason"": ""no_existing_party"", ""persons_total"": 848, ""r0_census_date"": ""2026-09-12"", ""collision_check"": ""pass"", ""uuid_collisions"": 0, ""deterministic_duplicates"": 0, ""data_quality_missing_dob_pct"": 0.00, ""data_quality_missing_name_pct"": 0.00}",planned,Sat Sep 12 2026 14:05:28 GMT+0700 (Indochina Time),Sat Sep 12 2026 14:05:29 GMT+0700 (Indochina Time)
b85819df-6679-4bbe-9fc4-9028c7faba13,b85819df-6679-4bbe-9fc4-9028c7faba13,00000000-0000-0000-0000-000000000001,CREATE_NEW_PARTY,"{""reason"": ""no_existing_party"", ""persons_total"": 848, ""r0_census_date"": ""2026-09-12"", ""collision_check"": ""pass"", ""uuid_collisions"": 0, ""deterministic_duplicates"": 0, ""data_quality_missing_dob_pct"": 0.00, ""data_quality_missing_name_pct"": 0.00}",planned,Sat Sep 12 2026 14:05:28 GMT+0700 (Indochina Time),Sat Sep 12 2026 14:05:29 GMT+0700 (Indochina Time)
a42a3fb8-701d-4093-b16f-5a7925c0896e,a42a3fb8-701d-4093-b16f-5a7925c0896e,00000000-0000-0000-0000-000000000001,CREATE_NEW_PARTY,"{""reason"": ""no_existing_party"", ""persons_total"": 848, ""r0_census_date"": ""2026-09-12"", ""collision_check"": ""pass"", ""uuid_collisions"": 0, ""deterministic_duplicates"": 0, ""data_quality_missing_dob_pct"": 0.00, ""data_quality_missing_name_pct"": 0.00}",planned,Sat Sep 12 2026 14:05:28 GMT+0700 (Indochina Time),Sat Sep 12 2026 14:05:29 GMT+0700 (Indochina Time)
5061550c-cac7-48d7-9da6-159e3e9b83d8,5061550c-cac7-48d7-9da6-159e3e9b83d8,00000000-0000-0000-0000-000000000001,CREATE_NEW_PARTY,"{""reason"": ""no_existing_party"", ""persons_total"": 848, ""r0_census_date"": ""2026-09-12"", ""collision_check"": ""pass"", ""uuid_collisions"": 0, ""deterministic_duplicates"": 0, ""data_quality_missing_dob_pct"": 0.00, ""data_quality_missing_name_pct"": 0.00}",planned,Sat Sep 12 2026 14:05:28 GMT+0700 (Indochina Time),Sat Sep 12 2026 14:05:29 GMT+0700 (Indochina Time)
82c83912-3a6c-4e0a-85a7-f424edfed5aa,82c83912-3a6c-4e0a-85a7-f424edfed5aa,00000000-0000-0000-0000-000000000002,CREATE_NEW_PARTY,"{""reason"": ""no_existing_party"", ""persons_total"": 848, ""r0_census_date"": ""2026-09-12"", ""collision_check"": ""pass"", ""uuid_collisions"": 0, ""deterministic_duplicates"": 0, ""data_quality_missing_dob_pct"": 0.00, ""data_quality_missing_name_pct"": 0.00}",planned,Sat Sep 12 2026 14:05:28 GMT+0700 (Indochina Time),Sat Sep 12 2026 14:05:29 GMT+0700 (Indochina Time)
b176ce60-2812-4a61-bd67-41d7050c7173,b176ce60-2812-4a61-bd67-41d7050c7173,00000000-0000-0000-0000-000000000001,CREATE_NEW_PARTY,"{""reason"": ""no_existing_party"", ""persons_total"": 848, ""r0_census_date"": ""2026-09-12"", ""collision_check"": ""pass"", ""uuid_collisions"": 0, ""deterministic_duplicates"": 0, ""data_quality_missing_dob_pct"": 0.00, ""data_quality_missing_name_pct"": 0.00}",planned,Sat Sep 12 2026 14:05:28 GMT+0700 (Indochina Time),Sat Sep 12 2026 14:05:29 GMT+0700 (Indochina Time)
32422c00-df56-4afc-9553-6fb76b31106b,32422c00-df56-4afc-9553-6fb76b31106b,00000000-0000-0000-0000-000000000001,CREATE_NEW_PARTY,"{""reason"": ""no_existing_party"", ""persons_total"": 848, ""r0_census_date"": ""2026-09-12"", ""collision_check"": ""pass"", ""uuid_collisions"": 0, ""deterministic_duplicates"": 0, ""data_quality_missing_dob_pct"": 0.00, ""data_quality_missing_name_pct"": 0.00}",planned,Sat Sep 12 2026 14:05:28 GMT+0700 (Indochina Time),Sat Sep 12 2026 14:05:29 GMT+0700 (Indochina Time)
12c826a6-3fb2-4282-a5f4-7df1ed2e2df8,12c826a6-3fb2-4282-a5f4-7df1ed2e2df8,00000000-0000-0000-0000-000000000001,CREATE_NEW_PARTY,"{""reason"": ""no_existing_party"", ""persons_total"": 848, ""r0_census_date"": ""2026-09-12"", ""collision_check"": ""pass"", ""uuid_collisions"": 0, ""deterministic_duplicates"": 0, ""data_quality_missing_dob_pct"": 0.00, ""data_quality_missing_name_pct"": 0.00}",planned,Sat Sep 12 2026 14:05:28 GMT+0700 (Indochina Time),Sat Sep 12 2026 14:05:29 GMT+0700 (Indochina Time)
dd4a1c9b-647a-44e8-933c-2345e39bc42a,dd4a1c9b-647a-44e8-933c-2345e39bc42a,00000000-0000-0000-0000-000000000001,CREATE_NEW_PARTY,"{""reason"": ""no_existing_party"", ""persons_total"": 848, ""r0_census_date"": ""2026-09-12"", ""collision_check"": ""pass"", ""uuid_collisions"": 0, ""deterministic_duplicates"": 0, ""data_quality_missing_dob_pct"": 0.00, ""data_quality_missing_name_pct"": 0.00}",planned,Sat Sep 12 2026 14:05:28 GMT+0700 (Indochina Time),Sat Sep 12 2026 14:05:29 GMT+0700 (Indochina Time)
e4eaa359-52ab-4c59-a0b5-a9b897bacf2f,e4eaa359-52ab-4c59-a0b5-a9b897bacf2f,00000000-0000-0000-0000-000000000001,CREATE_NEW_PARTY,"{""reason"": ""no_existing_party"", ""persons_total"": 848, ""r0_census_date"": ""2026-09-12"", ""collision_check"": ""pass"", ""uuid_collisions"": 0, ""deterministic_duplicates"": 0, ""data_quality_missing_dob_pct"": 0.00, ""data_quality_missing_name_pct"": 0.00}",planned,Sat Sep 12 2026 14:05:28 GMT+0700 (Indochina Time),Sat Sep 12 2026 14:05:29 GMT+0700 (Indochina Time)
2af48aac-7d55-487c-ab18-447453a24265,2af48aac-7d55-487c-ab18-447453a24265,00000000-0000-0000-0000-000000000001,CREATE_NEW_PARTY,"{""reason"": ""no_existing_party"", ""persons_total"": 848, ""r0_census_date"": ""2026-09-12"", ""collision_check"": ""pass"", ""uuid_collisions"": 0, ""deterministic_duplicates"": 0, ""data_quality_missing_dob_pct"": 0.00, ""data_quality_missing_name_pct"": 0.00}",planned,Sat Sep 12 2026 14:05:28 GMT+0700 (Indochina Time),Sat Sep 12 2026 14:05:29 GMT+0700 (Indochina Time)
6ac10000-38c1-4dd7-b1c1-4f353736264a,6ac10000-38c1-4dd7-b1c1-4f353736264a,00000000-0000-0000-0000-000000000001,CREATE_NEW_PARTY,"{""reason"": ""no_existing_party"", ""persons_total"": 848, ""r0_census_date"": ""2026-09-12"", ""collision_check"": ""pass"", ""uuid_collisions"": 0, ""deterministic_duplicates"": 0, ""data_quality_missing_dob_pct"": 0.00, ""data_quality_missing_name_pct"": 0.00}",planned,Sat Sep 12 2026 14:05:28 GMT+0700 (Indochina Time),Sat Sep 12 2026 14:05:29 GMT+0700 (Indochina Time)
b4ae610d-9a27-43fe-9552-9da079753668,b4ae610d-9a27-43fe-9552-9da079753668,00000000-0000-0000-0000-000000000001,CREATE_NEW_PARTY,"{""reason"": ""no_existing_party"", ""persons_total"": 848, ""r0_census_date"": ""2026-09-12"", ""collision_check"": ""pass"", ""uuid_collisions"": 0, ""deterministic_duplicates"": 0, ""data_quality_missing_dob_pct"": 0.00, ""data_quality_missing_name_pct"": 0.00}",planned,Sat Sep 12 2026 14:05:28 GMT+0700 (Indochina Time),Sat Sep 12 2026 14:05:29 GMT+0700 (Indochina Time)
ca8cb590-cf8e-46ec-b806-68c764c478af,ca8cb590-cf8e-46ec-b806-68c764c478af,00000000-0000-0000-0000-000000000001,CREATE_NEW_PARTY,"{""reason"": ""no_existing_party"", ""persons_total"": 848, ""r0_census_date"": ""2026-09-12"", ""collision_check"": ""pass"", ""uuid_collisions"": 0, ""deterministic_duplicates"": 0, ""data_quality_missing_dob_pct"": 0.00, ""data_quality_missing_name_pct"": 0.00}",planned,Sat Sep 12 2026 14:05:28 GMT+0700 (Indochina Time),Sat Sep 12 2026 14:05:29 GMT+0700 (Indochina Time)
59c5e3e2-420d-449a-898c-f91707c82c36,59c5e3e2-420d-449a-898c-f91707c82c36,00000000-0000-0000-0000-000000000001,CREATE_NEW_PARTY,"{""reason"": ""no_existing_party"", ""persons_total"": 848, ""r0_census_date"": ""2026-09-12"", ""collision_check"": ""pass"", ""uuid_collisions"": 0, ""deterministic_duplicates"": 0, ""data_quality_missing_dob_pct"": 0.00, ""data_quality_missing_name_pct"": 0.00}",planned,Sat Sep 12 2026 14:05:28 GMT+0700 (Indochina Time),Sat Sep 12 2026 14:05:29 GMT+0700 (Indochina Time)
bc8e278b-33ba-4e01-a1d3-b4201eab4b26,bc8e278b-33ba-4e01-a1d3-b4201eab4b26,00000000-0000-0000-0000-000000000002,CREATE_NEW_PARTY,"{""reason"": ""no_existing_party"", ""persons_total"": 848, ""r0_census_date"": ""2026-09-12"", ""collision_check"": ""pass"", ""uuid_collisions"": 0, ""deterministic_duplicates"": 0, ""data_quality_missing_dob_pct"": 0.00, ""data_quality_missing_name_pct"": 0.00}",planned,Sat Sep 12 2026 14:05:28 GMT+0700 (Indochina Time),Sat Sep 12 2026 14:05:29 GMT+0700 (Indochina Time)
49cbbdeb-78c7-46b5-ab18-bd553bf3408b,49cbbdeb-78c7-46b5-ab18-bd553bf3408b,5f286423-e94f-401a-8c98-22d820c44ff8,CREATE_NEW_PARTY,"{""reason"": ""no_existing_party"", ""persons_total"": 848, ""r0_census_date"": ""2026-09-12"", ""collision_check"": ""pass"", ""uuid_collisions"": 0, ""deterministic_duplicates"": 0, ""data_quality_missing_dob_pct"": 0.00, ""data_quality_missing_name_pct"": 0.00}",planned,Sat Sep 12 2026 14:05:28 GMT+0700 (Indochina Time),Sat Sep 12 2026 14:05:29 GMT+0700 (Indochina Time)
cb441eb3-9fab-471b-85d7-55e523a4502b,cb441eb3-9fab-471b-85d7-55e523a4502b,5f286423-e94f-401a-8c98-22d820c44ff8,CREATE_NEW_PARTY,"{""reason"": ""no_existing_party"", ""persons_total"": 848, ""r0_census_date"": ""2026-09-12"", ""collision_check"": ""pass"", ""uuid_collisions"": 0, ""deterministic_duplicates"": 0, ""data_quality_missing_dob_pct"": 0.00, ""data_quality_missing_name_pct"": 0.00}",planned,Sat Sep 12 2026 14:05:28 GMT+0700 (Indochina Time),Sat Sep 12 2026 14:05:29 GMT+0700 (Indochina Time)
4436bf5a-f741-406a-a5c9-e65d9139f9ef,4436bf5a-f741-406a-a5c9-e65d9139f9ef,5f286423-e94f-401a-8c98-22d820c44ff8,CREATE_NEW_PARTY,"{""reason"": ""no_existing_party"", ""persons_total"": 848, ""r0_census_date"": ""2026-09-12"", ""collision_check"": ""pass"", ""uuid_collisions"": 0, ""deterministic_duplicates"": 0, ""data_quality_missing_dob_pct"": 0.00, ""data_quality_missing_name_pct"": 0.00}",planned,Sat Sep 12 2026 14:05:28 GMT+0700 (Indochina Time),Sat Sep 12 2026 14:05:29 GMT+0700 (Indochina Time)
d6134af2-f313-48bc-a1b4-8ef6a91eb796,d6134af2-f313-48bc-a1b4-8ef6a91eb796,cf23a9d4-006b-4781-a6f2-3a63a2625800,CREATE_NEW_PARTY,"{""reason"": ""no_existing_party"", ""persons_total"": 848, ""r0_census_date"": ""2026-09-12"", ""collision_check"": ""pass"", ""uuid_collisions"": 0, ""deterministic_duplicates"": 0, ""data_quality_missing_dob_pct"": 0.00, ""data_quality_missing_name_pct"": 0.00}",planned,Sat Sep 12 2026 14:05:28 GMT+0700 (Indochina Time),Sat Sep 12 2026 14:05:29 GMT+0700 (Indochina Time)
00262a28-0e97-4491-b92d-fb97a08185f9,00262a28-0e97-4491-b92d-fb97a08185f9,cf23a9d4-006b-4781-a6f2-3a63a2625800,CREATE_NEW_PARTY,"{""reason"": ""no_existing_party"", ""persons_total"": 848, ""r0_census_date"": ""2026-09-12"", ""collision_check"": ""pass"", ""uuid_collisions"": 0, ""deterministic_duplicates"": 0, ""data_quality_missing_dob_pct"": 0.00, ""data_quality_missing_name_pct"": 0.00}",planned,Sat Sep 12 2026 14:05:28 GMT+0700 (Indochina Time),Sat Sep 12 2026 14:05:29 GMT+0700 (Indochina Time)
7cade786-ddb3-42b9-a5b3-2d13396c9c06,7cade786-ddb3-42b9-a5b3-2d13396c9c06,cf23a9d4-006b-4781-a6f2-3a63a2625800,CREATE_NEW_PARTY,"{""reason"": ""no_existing_party"", ""persons_total"": 848, ""r0_census_date"": ""2026-09-12"", ""collision_check"": ""pass"", ""uuid_collisions"": 0, ""deterministic_duplicates"": 0, ""data_quality_missing_dob_pct"": 0.00, ""data_quality_missing_name_pct"": 0.00}",planned,Sat Sep 12 2026 14:05:28 GMT+0700 (Indochina Time),Sat Sep 12 2026 14:05:29 GMT+0700 (Indochina Time)
b6e3c3d2-dc56-4f3d-bb86-6490e9b5e9d0,b6e3c3d2-dc56-4f3d-bb86-6490e9b5e9d0,239e766d-90e4-4c98-b959-4a5d0119f4e3,CREATE_NEW_PARTY,"{""reason"": ""no_existing_party"", ""persons_total"": 848, ""r0_census_date"": ""2026-09-12"", ""collision_check"": ""pass"", ""uuid_collisions"": 0, ""deterministic_duplicates"": 0, ""data_quality_missing_dob_pct"": 0.00, ""data_quality_missing_name_pct"": 0.00}",planned,Sat Sep 12 2026 14:05:28 GMT+0700 (Indochina Time),Sat Sep 12 2026 14:05:29 GMT+0700 (Indochina Time)
14e04ac8-e506-4bf2-93d9-35cced04598e,14e04ac8-e506-4bf2-93d9-35cced04598e,239e766d-90e4-4c98-b959-4a5d0119f4e3,CREATE_NEW_PARTY,"{""reason"": ""no_existing_party"", ""persons_total"": 848, ""r0_census_date"": ""2026-09-12"", ""collision_check"": ""pass"", ""uuid_collisions"": 0, ""deterministic_duplicates"": 0, ""data_quality_missing_dob_pct"": 0.00, ""data_quality_missing_name_pct"": 0.00}",planned,Sat Sep 12 2026 14:05:28 GMT+0700 (Indochina Time),Sat Sep 12 2026 14:05:29 GMT+0700 (Indochina Time)
1724eec0-cd90-46a7-be32-a459749f67db,1724eec0-cd90-46a7-be32-a459749f67db,239e766d-90e4-4c98-b959-4a5d0119f4e3,CREATE_NEW_PARTY,"{""reason"": ""no_existing_party"", ""persons_total"": 848, ""r0_census_date"": ""2026-09-12"", ""collision_check"": ""pass"", ""uuid_collisions"": 0, ""deterministic_duplicates"": 0, ""data_quality_missing_dob_pct"": 0.00, ""data_quality_missing_name_pct"": 0.00}",planned,Sat Sep 12 2026 14:05:28 GMT+0700 (Indochina Time),Sat Sep 12 2026 14:05:29 GMT+0700 (Indochina Time)
1162e5ae-f3f6-4e4f-b0f4-e0ac2594b1a9,1162e5ae-f3f6-4e4f-b0f4-e0ac2594b1a9,fc81b2eb-92ac-40b3-9ef0-5a434ae71ba3,CREATE_NEW_PARTY,"{""reason"": ""no_existing_party"", ""persons_total"": 848, ""r0_census_date"": ""2026-09-12"", ""collision_check"": ""pass"", ""uuid_collisions"": 0, ""deterministic_duplicates"": 0, ""data_quality_missing_dob_pct"": 0.00, ""data_quality_missing_name_pct"": 0.00}",planned,Sat Sep 12 2026 14:05:28 GMT+0700 (Indochina Time),Sat Sep 12 2026 14:05:29 GMT+0700 (Indochina Time)
ed1c9e34-8238-4ba5-b3a5-34bda069e300,ed1c9e34-8238-4ba5-b3a5-34bda069e300,fc81b2eb-92ac-40b3-9ef0-5a434ae71ba3,CREATE_NEW_PARTY,"{""reason"": ""no_existing_party"", ""persons_total"": 848, ""r0_census_date"": ""2026-09-12"", ""collision_check"": ""pass"", ""uuid_collisions"": 0, ""deterministic_duplicates"": 0, ""data_quality_missing_dob_pct"": 0.00, ""data_quality_missing_name_pct"": 0.00}",planned,Sat Sep 12 2026 14:05:28 GMT+0700 (Indochina Time),Sat Sep 12 2026 14:05:29 GMT+0700 (Indochina Time)
9dbba1c9-814e-42dd-8a96-bfdde693922b,9dbba1c9-814e-42dd-8a96-bfdde693922b,fc81b2eb-92ac-40b3-9ef0-5a434ae71ba3,CREATE_NEW_PARTY,"{""reason"": ""no_existing_party"", ""persons_total"": 848, ""r0_census_date"": ""2026-09-12"", ""collision_check"": ""pass"", ""uuid_collisions"": 0, ""deterministic_duplicates"": 0, ""data_quality_missing_dob_pct"": 0.00, ""data_quality_missing_name_pct"": 0.00}",planned,Sat Sep 12 2026 14:05:28 GMT+0700 (Indochina Time),Sat Sep 12 2026 14:05:29 GMT+0700 (Indochina Time)
e91370ee-2976-4314-a89e-5a0f9f27936d,e91370ee-2976-4314-a89e-5a0f9f27936d,695c4774-ef43-464e-9ce0-3507c6d64e10,CREATE_NEW_PARTY,"{""reason"": ""no_existing_party"", ""persons_total"": 848, ""r0_census_date"": ""2026-09-12"", ""collision_check"": ""pass"", ""uuid_collisions"": 0, ""deterministic_duplicates"": 0, ""data_quality_missing_dob_pct"": 0.00, ""data_quality_missing_name_pct"": 0.00}",planned,Sat Sep 12 2026 14:05:28 GMT+0700 (Indochina Time),Sat Sep 12 2026 14:05:29 GMT+0700 (Indochina Time)
3ce82cfe-fc39-4947-a44c-1d14164dc5c9,3ce82cfe-fc39-4947-a44c-1d14164dc5c9,695c4774-ef43-464e-9ce0-3507c6d64e10,CREATE_NEW_PARTY,"{""reason"": ""no_existing_party"", ""persons_total"": 848, ""r0_census_date"": ""2026-09-12"", ""collision_check"": ""pass"", ""uuid_collisions"": 0, ""deterministic_duplicates"": 0, ""data_quality_missing_dob_pct"": 0.00, ""data_quality_missing_name_pct"": 0.00}",planned,Sat Sep 12 2026 14:05:28 GMT+0700 (Indochina Time),Sat Sep 12 2026 14:05:29 GMT+0700 (Indochina Time)
ee4cd56b-c48d-4f23-8b5a-347c5cb0dfa2,ee4cd56b-c48d-4f23-8b5a-347c5cb0dfa2,695c4774-ef43-464e-9ce0-3507c6d64e10,CREATE_NEW_PARTY,"{""reason"": ""no_existing_party"", ""persons_total"": 848, ""r0_census_date"": ""2026-09-12"", ""collision_check"": ""pass"", ""uuid_collisions"": 0, ""deterministic_duplicates"": 0, ""data_quality_missing_dob_pct"": 0.00, ""data_quality_missing_name_pct"": 0.00}",planned,Sat Sep 12 2026 14:05:28 GMT+0700 (Indochina Time),Sat Sep 12 2026 14:05:29 GMT+0700 (Indochina Time)
9f3a5061-714b-42fc-b28c-4c47626ff372,9f3a5061-714b-42fc-b28c-4c47626ff372,3358a405-77eb-408e-a85a-89f0701c3510,CREATE_NEW_PARTY,"{""reason"": ""no_existing_party"", ""persons_total"": 848, ""r0_census_date"": ""2026-09-12"", ""collision_check"": ""pass"", ""uuid_collisions"": 0, ""deterministic_duplicates"": 0, ""data_quality_missing_dob_pct"": 0.00, ""data_quality_missing_name_pct"": 0.00}",planned,Sat Sep 12 2026 14:05:28 GMT+0700 (Indochina Time),Sat Sep 12 2026 14:05:29 GMT+0700 (Indochina Time)
269ad797-6df7-456e-9fb1-3665d5f265e9,269ad797-6df7-456e-9fb1-3665d5f265e9,3358a405-77eb-408e-a85a-89f0701c3510,CREATE_NEW_PARTY,"{""reason"": ""no_existing_party"", ""persons_total"": 848, ""r0_census_date"": ""2026-09-12"", ""collision_check"": ""pass"", ""uuid_collisions"": 0, ""deterministic_duplicates"": 0, ""data_quality_missing_dob_pct"": 0.00, ""data_quality_missing_name_pct"": 0.00}",planned,Sat Sep 12 2026 14:05:28 GMT+0700 (Indochina Time),Sat Sep 12 2026 14:05:29 GMT+0700 (Indochina Time)
fb285a68-c0e8-4b4b-acad-f238af9df1c3,fb285a68-c0e8-4b4b-acad-f238af9df1c3,3358a405-77eb-408e-a85a-89f0701c3510,CREATE_NEW_PARTY,"{""reason"": ""no_existing_party"", ""persons_total"": 848, ""r0_census_date"": ""2026-09-12"", ""collision_check"": ""pass"", ""uuid_collisions"": 0, ""deterministic_duplicates"": 0, ""data_quality_missing_dob_pct"": 0.00, ""data_quality_missing_name_pct"": 0.00}",planned,Sat Sep 12 2026 14:05:28 GMT+0700 (Indochina Time),Sat Sep 12 2026 14:05:29 GMT+0700 (Indochina Time)
3da1f1cb-300e-4e73-a18c-80ea01500fbe,3da1f1cb-300e-4e73-a18c-80ea01500fbe,82bd9aea-4b64-44b9-b9f4-2fc5b21b0ad4,CREATE_NEW_PARTY,"{""reason"": ""no_existing_party"", ""persons_total"": 848, ""r0_census_date"": ""2026-09-12"", ""collision_check"": ""pass"", ""uuid_collisions"": 0, ""deterministic_duplicates"": 0, ""data_quality_missing_dob_pct"": 0.00, ""data_quality_missing_name_pct"": 0.00}",planned,Sat Sep 12 2026 14:05:28 GMT+0700 (Indochina Time),Sat Sep 12 2026 14:05:29 GMT+0700 (Indochina Time)
cd212314-5eeb-415d-93fa-299e2f6e2693,cd212314-5eeb-415d-93fa-299e2f6e2693,82bd9aea-4b64-44b9-b9f4-2fc5b21b0ad4,CREATE_NEW_PARTY,"{""reason"": ""no_existing_party"", ""persons_total"": 848, ""r0_census_date"": ""2026-09-12"", ""collision_check"": ""pass"", ""uuid_collisions"": 0, ""deterministic_duplicates"": 0, ""data_quality_missing_dob_pct"": 0.00, ""data_quality_missing_name_pct"": 0.00}",planned,Sat Sep 12 2026 14:05:28 GMT+0700 (Indochina Time),Sat Sep 12 2026 14:05:29 GMT+0700 (Indochina Time)
fd507677-8f38-4b30-ba4e-d1dbb69393e2,fd507677-8f38-4b30-ba4e-d1dbb69393e2,82bd9aea-4b64-44b9-b9f4-2fc5b21b0ad4,CREATE_NEW_PARTY,"{""reason"": ""no_existing_party"", ""persons_total"": 848, ""r0_census_date"": ""2026-09-12"", ""collision_check"": ""pass"", ""uuid_collisions"": 0, ""deterministic_duplicates"": 0, ""data_quality_missing_dob_pct"": 0.00, ""data_quality_missing_name_pct"": 0.00}",planned,Sat Sep 12 2026 14:05:28 GMT+0700 (Indochina Time),Sat Sep 12 2026 14:05:29 GMT+0700 (Indochina Time)
93cc862f-6909-4001-97c7-bd36f1326606,93cc862f-6909-4001-97c7-bd36f1326606,621666cf-d606-4f2a-a003-6aa36f9daa76,CREATE_NEW_PARTY,"{""reason"": ""no_existing_party"", ""persons_total"": 848, ""r0_census_date"": ""2026-09-12"", ""collision_check"": ""pass"", ""uuid_collisions"": 0, ""deterministic_duplicates"": 0, ""data_quality_missing_dob_pct"": 0.00, ""data_quality_missing_name_pct"": 0.00}",planned,Sat Sep 12 2026 14:05:28 GMT+0700 (Indochina Time),Sat Sep 12 2026 14:05:29 GMT+0700 (Indochina Time)
d56e9afc-28f1-4328-be79-01af87a439de,d56e9afc-28f1-4328-be79-01af87a439de,621666cf-d606-4f2a-a003-6aa36f9daa76,CREATE_NEW_PARTY,"{""reason"": ""no_existing_party"", ""persons_total"": 848, ""r0_census_date"": ""2026-09-12"", ""collision_check"": ""pass"", ""uuid_collisions"": 0, ""deterministic_duplicates"": 0, ""data_quality_missing_dob_pct"": 0.00, ""data_quality_missing_name_pct"": 0.00}",planned,Sat Sep 12 2026 14:05:28 GMT+0700 (Indochina Time),Sat Sep 12 2026 14:05:29 GMT+0700 (Indochina Time)
82e7b7f9-42eb-4805-81e3-2684bc8630cb,82e7b7f9-42eb-4805-81e3-2684bc8630cb,621666cf-d606-4f2a-a003-6aa36f9daa76,CREATE_NEW_PARTY,"{""reason"": ""no_existing_party"", ""persons_total"": 848, ""r0_census_date"": ""2026-09-12"", ""collision_check"": ""pass"", ""uuid_collisions"": 0, ""deterministic_duplicates"": 0, ""data_quality_missing_dob_pct"": 0.00, ""data_quality_missing_name_pct"": 0.00}",planned,Sat Sep 12 2026 14:05:28 GMT+0700 (Indochina Time),Sat Sep 12 2026 14:05:29 GMT+0700 (Indochina Time)
0b357138-13ac-4252-853a-cf4109dbd7b8,0b357138-13ac-4252-853a-cf4109dbd7b8,89838b92-beb1-4d16-8879-299d8a7e3325,CREATE_NEW_PARTY,"{""reason"": ""no_existing_party"", ""persons_total"": 848, ""r0_census_date"": ""2026-09-12"", ""collision_check"": ""pass"", ""uuid_collisions"": 0, ""deterministic_duplicates"": 0, ""data_quality_missing_dob_pct"": 0.00, ""data_quality_missing_name_pct"": 0.00}",planned,Sat Sep 12 2026 14:05:28 GMT+0700 (Indochina Time),Sat Sep 12 2026 14:05:29 GMT+0700 (Indochina Time)
e9721108-bd29-49a7-a2b5-9a5f65f893cc,e9721108-bd29-49a7-a2b5-9a5f65f893cc,89838b92-beb1-4d16-8879-299d8a7e3325,CREATE_NEW_PARTY,"{""reason"": ""no_existing_party"", ""persons_total"": 848, ""r0_census_date"": ""2026-09-12"", ""collision_check"": ""pass"", ""uuid_collisions"": 0, ""deterministic_duplicates"": 0, ""data_quality_missing_dob_pct"": 0.00, ""data_quality_missing_name_pct"": 0.00}",planned,Sat Sep 12 2026 14:05:28 GMT+0700 (Indochina Time),Sat Sep 12 2026 14:05:29 GMT+0700 (Indochina Time)
d4879216-db1b-45c7-aece-d2cfdd42f3be,d4879216-db1b-45c7-aece-d2cfdd42f3be,89838b92-beb1-4d16-8879-299d8a7e3325,CREATE_NEW_PARTY,"{""reason"": ""no_existing_party"", ""persons_total"": 848, ""r0_census_date"": ""2026-09-12"", ""collision_check"": ""pass"", ""uuid_collisions"": 0, ""deterministic_duplicates"": 0, ""data_quality_missing_dob_pct"": 0.00, ""data_quality_missing_name_pct"": 0.00}",planned,Sat Sep 12 2026 14:05:28 GMT+0700 (Indochina Time),Sat Sep 12 2026 14:05:29 GMT+0700 (Indochina Time)
9c95ce80-4523-4d3a-8de5-304da6d4eaaa,9c95ce80-4523-4d3a-8de5-304da6d4eaaa,859979ff-91af-4382-9b8f-ec5073a548ea,CREATE_NEW_PARTY,"{""reason"": ""no_existing_party"", ""persons_total"": 848, ""r0_census_date"": ""2026-09-12"", ""collision_check"": ""pass"", ""uuid_collisions"": 0, ""deterministic_duplicates"": 0, ""data_quality_missing_dob_pct"": 0.00, ""data_quality_missing_name_pct"": 0.00}",planned,Sat Sep 12 2026 14:05:28 GMT+0700 (Indochina Time),Sat Sep 12 2026 14:05:29 GMT+0700 (Indochina Time)
edd87d9d-1bd0-4184-9708-8fc9341a94df,edd87d9d-1bd0-4184-9708-8fc9341a94df,859979ff-91af-4382-9b8f-ec5073a548ea,CREATE_NEW_PARTY,"{""reason"": ""no_existing_party"", ""persons_total"": 848, ""r0_census_date"": ""2026-09-12"", ""collision_check"": ""pass"", ""uuid_collisions"": 0, ""deterministic_duplicates"": 0, ""data_quality_missing_dob_pct"": 0.00, ""data_quality_missing_name_pct"": 0.00}",planned,Sat Sep 12 2026 14:05:28 GMT+0700 (Indochina Time),Sat Sep 12 2026 14:05:29 GMT+0700 (Indochina Time)
84205e2f-3410-44de-9799-89b24fc92214,84205e2f-3410-44de-9799-89b24fc92214,859979ff-91af-4382-9b8f-ec5073a548ea,CREATE_NEW_PARTY,"{""reason"": ""no_existing_party"", ""persons_total"": 848, ""r0_census_date"": ""2026-09-12"", ""collision_check"": ""pass"", ""uuid_collisions"": 0, ""deterministic_duplicates"": 0, ""data_quality_missing_dob_pct"": 0.00, ""data_quality_missing_name_pct"": 0.00}",planned,Sat Sep 12 2026 14:05:28 GMT+0700 (Indochina Time),Sat Sep 12 2026 14:05:29 GMT+0700 (Indochina Time)
d1a0fedd-6ab9-4049-9f9e-d96b3bb7a645,d1a0fedd-6ab9-4049-9f9e-d96b3bb7a645,bf8a4226-c834-4c98-9cf6-a3b4d9146d0e,CREATE_NEW_PARTY,"{""reason"": ""no_existing_party"", ""persons_total"": 848, ""r0_census_date"": ""2026-09-12"", ""collision_check"": ""pass"", ""uuid_collisions"": 0, ""deterministic_duplicates"": 0, ""data_quality_missing_dob_pct"": 0.00, ""data_quality_missing_name_pct"": 0.00}",planned,Sat Sep 12 2026 14:05:28 GMT+0700 (Indochina Time),Sat Sep 12 2026 14:05:29 GMT+0700 (Indochina Time)
23d68d8c-2782-4036-bef2-aa41216f2d4f,23d68d8c-2782-4036-bef2-aa41216f2d4f,bf8a4226-c834-4c98-9cf6-a3b4d9146d0e,CREATE_NEW_PARTY,"{""reason"": ""no_existing_party"", ""persons_total"": 848, ""r0_census_date"": ""2026-09-12"", ""collision_check"": ""pass"", ""uuid_collisions"": 0, ""deterministic_duplicates"": 0, ""data_quality_missing_dob_pct"": 0.00, ""data_quality_missing_name_pct"": 0.00}",planned,Sat Sep 12 2026 14:05:28 GMT+0700 (Indochina Time),Sat Sep 12 2026 14:05:29 GMT+0700 (Indochina Time)
ffd91d88-5fb6-43bf-93ea-6f0befa503f2,ffd91d88-5fb6-43bf-93ea-6f0befa503f2,bf8a4226-c834-4c98-9cf6-a3b4d9146d0e,CREATE_NEW_PARTY,"{""reason"": ""no_existing_party"", ""persons_total"": 848, ""r0_census_date"": ""2026-09-12"", ""collision_check"": ""pass"", ""uuid_collisions"": 0, ""deterministic_duplicates"": 0, ""data_quality_missing_dob_pct"": 0.00, ""data_quality_missing_name_pct"": 0.00}",planned,Sat Sep 12 2026 14:05:28 GMT+0700 (Indochina Time),Sat Sep 12 2026 14:05:29 GMT+0700 (Indochina Time)
7851b17f-194c-4bd2-a82b-2deec13f0d00,7851b17f-194c-4bd2-a82b-2deec13f0d00,881eecad-cbf8-42b9-b0da-f6e4f3590fa1,CREATE_NEW_PARTY,"{""reason"": ""no_existing_party"", ""persons_total"": 848, ""r0_census_date"": ""2026-09-12"", ""collision_check"": ""pass"", ""uuid_collisions"": 0, ""deterministic_duplicates"": 0, ""data_quality_missing_dob_pct"": 0.00, ""data_quality_missing_name_pct"": 0.00}",planned,Sat Sep 12 2026 14:05:28 GMT+0700 (Indochina Time),Sat Sep 12 2026 14:05:29 GMT+0700 (Indochina Time)
db7aaa2b-2123-44b5-a793-7fc5cf194013,db7aaa2b-2123-44b5-a793-7fc5cf194013,881eecad-cbf8-42b9-b0da-f6e4f3590fa1,CREATE_NEW_PARTY,"{""reason"": ""no_existing_party"", ""persons_total"": 848, ""r0_census_date"": ""2026-09-12"", ""collision_check"": ""pass"", ""uuid_collisions"": 0, ""deterministic_duplicates"": 0, ""data_quality_missing_dob_pct"": 0.00, ""data_quality_missing_name_pct"": 0.00}",planned,Sat Sep 12 2026 14:05:28 GMT+0700 (Indochina Time),Sat Sep 12 2026 14:05:29 GMT+0700 (Indochina Time)
00c3083b-b98b-4362-ac3d-97ffa439d65e,00c3083b-b98b-4362-ac3d-97ffa439d65e,db9272bc-97a1-496b-8d8f-6ecd917bc4a1,CREATE_NEW_PARTY,"{""reason"": ""no_existing_party"", ""persons_total"": 848, ""r0_census_date"": ""2026-09-12"", ""collision_check"": ""pass"", ""uuid_collisions"": 0, ""deterministic_duplicates"": 0, ""data_quality_missing_dob_pct"": 0.00, ""data_quality_missing_name_pct"": 0.00}",planned,Sat Sep 12 2026 14:05:28 GMT+0700 (Indochina Time),Sat Sep 12 2026 14:05:29 GMT+0700 (Indochina Time)
014ceb19-c7b9-48d5-b17b-d399a3cb3102,014ceb19-c7b9-48d5-b17b-d399a3cb3102,b4e73930-f088-49ad-97e2-abb364b3a22c,CREATE_NEW_PARTY,"{""reason"": ""no_existing_party"", ""persons_total"": 848, ""r0_census_date"": ""2026-09-12"", ""collision_check"": ""pass"", ""uuid_collisions"": 0, ""deterministic_duplicates"": 0, ""data_quality_missing_dob_pct"": 0.00, ""data_quality_missing_name_pct"": 0.00}",planned,Sat Sep 12 2026 14:05:28 GMT+0700 (Indochina Time),Sat Sep 12 2026 14:05:29 GMT+0700 (Indochina Time)
e8cf91b1-8b22-45b1-8eb0-bb903dcc4b81,e8cf91b1-8b22-45b1-8eb0-bb903dcc4b81,b4e73930-f088-49ad-97e2-abb364b3a22c,CREATE_NEW_PARTY,"{""reason"": ""no_existing_party"", ""persons_total"": 848, ""r0_census_date"": ""2026-09-12"", ""collision_check"": ""pass"", ""uuid_collisions"": 0, ""deterministic_duplicates"": 0, ""data_quality_missing_dob_pct"": 0.00, ""data_quality_missing_name_pct"": 0.00}",planned,Sat Sep 12 2026 14:05:28 GMT+0700 (Indochina Time),Sat Sep 12 2026 14:05:29 GMT+0700 (Indochina Time)
fb770643-a9e6-412c-a84b-88b77635dfdb,fb770643-a9e6-412c-a84b-88b77635dfdb,a8136bab-97da-41d3-9415-9a356720450c,CREATE_NEW_PARTY,"{""reason"": ""no_existing_party"", ""persons_total"": 848, ""r0_census_date"": ""2026-09-12"", ""collision_check"": ""pass"", ""uuid_collisions"": 0, ""deterministic_duplicates"": 0, ""data_quality_missing_dob_pct"": 0.00, ""data_quality_missing_name_pct"": 0.00}",planned,Sat Sep 12 2026 14:05:28 GMT+0700 (Indochina Time),Sat Sep 12 2026 14:05:29 GMT+0700 (Indochina Time)
064aba9f-f104-46b0-a3ad-6c1f714dece9,064aba9f-f104-46b0-a3ad-6c1f714dece9,b4e73930-f088-49ad-97e2-abb364b3a22c,CREATE_NEW_PARTY,"{""reason"": ""no_existing_party"", ""persons_total"": 848, ""r0_census_date"": ""2026-09-12"", ""collision_check"": ""pass"", ""uuid_collisions"": 0, ""deterministic_duplicates"": 0, ""data_quality_missing_dob_pct"": 0.00, ""data_quality_missing_name_pct"": 0.00}",planned,Sat Sep 12 2026 14:05:28 GMT+0700 (Indochina Time),Sat Sep 12 2026 14:05:29 GMT+0700 (Indochina Time)
ba59f81e-6d55-4b0c-98f8-bbf0e4486e97,ba59f81e-6d55-4b0c-98f8-bbf0e4486e97,a8136bab-97da-41d3-9415-9a356720450c,CREATE_NEW_PARTY,"{""reason"": ""no_existing_party"", ""persons_total"": 848, ""r0_census_date"": ""2026-09-12"", ""collision_check"": ""pass"", ""uuid_collisions"": 0, ""deterministic_duplicates"": 0, ""data_quality_missing_dob_pct"": 0.00, ""data_quality_missing_name_pct"": 0.00}",planned,Sat Sep 12 2026 14:05:28 GMT+0700 (Indochina Time),Sat Sep 12 2026 14:05:29 GMT+0700 (Indochina Time)
085c84b6-59b4-459d-a206-d0ff1d75cf7a,085c84b6-59b4-459d-a206-d0ff1d75cf7a,04dd13ad-36f4-427b-9d2b-d4d1cb81636b,CREATE_NEW_PARTY,"{""reason"": ""no_existing_party"", ""persons_total"": 848, ""r0_census_date"": ""2026-09-12"", ""collision_check"": ""pass"", ""uuid_collisions"": 0, ""deterministic_duplicates"": 0, ""data_quality_missing_dob_pct"": 0.00, ""data_quality_missing_name_pct"": 0.00}",planned,Sat Sep 12 2026 14:05:28 GMT+0700 (Indochina Time),Sat Sep 12 2026 14:05:29 GMT+0700 (Indochina Time)
88d757b3-da9d-40a4-afd4-9d6fb96f6207,88d757b3-da9d-40a4-afd4-9d6fb96f6207,c4a8b46f-582e-46a9-a444-5d0bdfd705cf,CREATE_NEW_PARTY,"{""reason"": ""no_existing_party"", ""persons_total"": 848, ""r0_census_date"": ""2026-09-12"", ""collision_check"": ""pass"", ""uuid_collisions"": 0, ""deterministic_duplicates"": 0, ""data_quality_missing_dob_pct"": 0.00, ""data_quality_missing_name_pct"": 0.00}",planned,Sat Sep 12 2026 14:05:28 GMT+0700 (Indochina Time),Sat Sep 12 2026 14:05:29 GMT+0700 (Indochina Time)
95c72e50-1f6d-4165-a720-0418baabc627,95c72e50-1f6d-4165-a720-0418baabc627,bf1defe2-a355-4652-b11c-096145d49aa0,CREATE_NEW_PARTY,"{""reason"": ""no_existing_party"", ""persons_total"": 848, ""r0_census_date"": ""2026-09-12"", ""collision_check"": ""pass"", ""uuid_collisions"": 0, ""deterministic_duplicates"": 0, ""data_quality_missing_dob_pct"": 0.00, ""data_quality_missing_name_pct"": 0.00}",planned,Sat Sep 12 2026 14:05:28 GMT+0700 (Indochina Time),Sat Sep 12 2026 14:05:29 GMT+0700 (Indochina Time)
ab3595e6-c4cf-4dbd-b6c8-fa71f1c5f9c1,ab3595e6-c4cf-4dbd-b6c8-fa71f1c5f9c1,c4a8b46f-582e-46a9-a444-5d0bdfd705cf,CREATE_NEW_PARTY,"{""reason"": ""no_existing_party"", ""persons_total"": 848, ""r0_census_date"": ""2026-09-12"", ""collision_check"": ""pass"", ""uuid_collisions"": 0, ""deterministic_duplicates"": 0, ""data_quality_missing_dob_pct"": 0.00, ""data_quality_missing_name_pct"": 0.00}",planned,Sat Sep 12 2026 14:05:28 GMT+0700 (Indochina Time),Sat Sep 12 2026 14:05:29 GMT+0700 (Indochina Time)
9c6f0a09-1677-4187-b581-db62e7db28e5,9c6f0a09-1677-4187-b581-db62e7db28e5,bf1defe2-a355-4652-b11c-096145d49aa0,CREATE_NEW_PARTY,"{""reason"": ""no_existing_party"", ""persons_total"": 848, ""r0_census_date"": ""2026-09-12"", ""collision_check"": ""pass"", ""uuid_collisions"": 0, ""deterministic_duplicates"": 0, ""data_quality_missing_dob_pct"": 0.00, ""data_quality_missing_name_pct"": 0.00}",planned,Sat Sep 12 2026 14:05:28 GMT+0700 (Indochina Time),Sat Sep 12 2026 14:05:29 GMT+0700 (Indochina Time)
bc4f2d4a-17d9-4797-bd25-c99f64e3533f,bc4f2d4a-17d9-4797-bd25-c99f64e3533f,a8136bab-97da-41d3-9415-9a356720450c,CREATE_NEW_PARTY,"{""reason"": ""no_existing_party"", ""persons_total"": 848, ""r0_census_date"": ""2026-09-12"", ""collision_check"": ""pass"", ""uuid_collisions"": 0, ""deterministic_duplicates"": 0, ""data_quality_missing_dob_pct"": 0.00, ""data_quality_missing_name_pct"": 0.00}",planned,Sat Sep 12 2026 14:05:28 GMT+0700 (Indochina Time),Sat Sep 12 2026 14:05:29 GMT+0700 (Indochina Time)
d7664032-b18d-45cc-b88e-07c2ae42f679,d7664032-b18d-45cc-b88e-07c2ae42f679,bf1defe2-a355-4652-b11c-096145d49aa0,CREATE_NEW_PARTY,"{""reason"": ""no_existing_party"", ""persons_total"": 848, ""r0_census_date"": ""2026-09-12"", ""collision_check"": ""pass"", ""uuid_collisions"": 0, ""deterministic_duplicates"": 0, ""data_quality_missing_dob_pct"": 0.00, ""data_quality_missing_name_pct"": 0.00}",planned,Sat Sep 12 2026 14:05:28 GMT+0700 (Indochina Time),Sat Sep 12 2026 14:05:29 GMT+0700 (Indochina Time)
4534d987-b533-43db-a165-a04341c470eb,4534d987-b533-43db-a165-a04341c470eb,d300f1df-e056-4bed-8af0-4ec59af7eb79,CREATE_NEW_PARTY,"{""reason"": ""no_existing_party"", ""persons_total"": 848, ""r0_census_date"": ""2026-09-12"", ""collision_check"": ""pass"", ""uuid_collisions"": 0, ""deterministic_duplicates"": 0, ""data_quality_missing_dob_pct"": 0.00, ""data_quality_missing_name_pct"": 0.00}",planned,Sat Sep 12 2026 14:05:28 GMT+0700 (Indochina Time),Sat Sep 12 2026 14:05:29 GMT+0700 (Indochina Time)
35cfc839-8199-421f-a258-4e46872f701f,35cfc839-8199-421f-a258-4e46872f701f,6bc32a5d-61b8-4c4d-8d08-633f5dd2e9b5,CREATE_NEW_PARTY,"{""reason"": ""no_existing_party"", ""persons_total"": 848, ""r0_census_date"": ""2026-09-12"", ""collision_check"": ""pass"", ""uuid_collisions"": 0, ""deterministic_duplicates"": 0, ""data_quality_missing_dob_pct"": 0.00, ""data_quality_missing_name_pct"": 0.00}",planned,Sat Sep 12 2026 14:05:28 GMT+0700 (Indochina Time),Sat Sep 12 2026 14:05:29 GMT+0700 (Indochina Time)
ccb4dbfa-d439-4fa9-9988-aabe450ceaa4,ccb4dbfa-d439-4fa9-9988-aabe450ceaa4,6bc32a5d-61b8-4c4d-8d08-633f5dd2e9b5,CREATE_NEW_PARTY,"{""reason"": ""no_existing_party"", ""persons_total"": 848, ""r0_census_date"": ""2026-09-12"", ""collision_check"": ""pass"", ""uuid_collisions"": 0, ""deterministic_duplicates"": 0, ""data_quality_missing_dob_pct"": 0.00, ""data_quality_missing_name_pct"": 0.00}",planned,Sat Sep 12 2026 14:05:28 GMT+0700 (Indochina Time),Sat Sep 12 2026 14:05:29 GMT+0700 (Indochina Time)
4b086ed0-0ccc-4be6-be75-bd06223c8274,4b086ed0-0ccc-4be6-be75-bd06223c8274,6bc32a5d-61b8-4c4d-8d08-633f5dd2e9b5,CREATE_NEW_PARTY,"{""reason"": ""no_existing_party"", ""persons_total"": 848, ""r0_census_date"": ""2026-09-12"", ""collision_check"": ""pass"", ""uuid_collisions"": 0, ""deterministic_duplicates"": 0, ""data_quality_missing_dob_pct"": 0.00, ""data_quality_missing_name_pct"": 0.00}",planned,Sat Sep 12 2026 14:05:28 GMT+0700 (Indochina Time),Sat Sep 12 2026 14:05:29 GMT+0700 (Indochina Time)
2b9d4e17-75b6-4302-819d-dd86f7d4fce8,2b9d4e17-75b6-4302-819d-dd86f7d4fce8,5aad51a2-42bc-4680-baa2-3e8d2503aead,CREATE_NEW_PARTY,"{""reason"": ""no_existing_party"", ""persons_total"": 848, ""r0_census_date"": ""2026-09-12"", ""collision_check"": ""pass"", ""uuid_collisions"": 0, ""deterministic_duplicates"": 0, ""data_quality_missing_dob_pct"": 0.00, ""data_quality_missing_name_pct"": 0.00}",planned,Sat Sep 12 2026 14:05:28 GMT+0700 (Indochina Time),Sat Sep 12 2026 14:05:29 GMT+0700 (Indochina Time)
4114bb8c-f588-4c48-bbb8-b85beb2a6329,4114bb8c-f588-4c48-bbb8-b85beb2a6329,5aad51a2-42bc-4680-baa2-3e8d2503aead,CREATE_NEW_PARTY,"{""reason"": ""no_existing_party"", ""persons_total"": 848, ""r0_census_date"": ""2026-09-12"", ""collision_check"": ""pass"", ""uuid_collisions"": 0, ""deterministic_duplicates"": 0, ""data_quality_missing_dob_pct"": 0.00, ""data_quality_missing_name_pct"": 0.00}",planned,Sat Sep 12 2026 14:05:28 GMT+0700 (Indochina Time),Sat Sep 12 2026 14:05:29 GMT+0700 (Indochina Time)
4174ffb7-2986-4e4a-a843-b543074ed5be,4174ffb7-2986-4e4a-a843-b543074ed5be,5aad51a2-42bc-4680-baa2-3e8d2503aead,CREATE_NEW_PARTY,"{""reason"": ""no_existing_party"", ""persons_total"": 848, ""r0_census_date"": ""2026-09-12"", ""collision_check"": ""pass"", ""uuid_collisions"": 0, ""deterministic_duplicates"": 0, ""data_quality_missing_dob_pct"": 0.00, ""data_quality_missing_name_pct"": 0.00}",planned,Sat Sep 12 2026 14:05:28 GMT+0700 (Indochina Time),Sat Sep 12 2026 14:05:29 GMT+0700 (Indochina Time)
e4562315-0590-4aa5-bf64-3e8274b1284a,e4562315-0590-4aa5-bf64-3e8274b1284a,4a272df7-3d76-49bb-8e3f-b9901aac7a95,CREATE_NEW_PARTY,"{""reason"": ""no_existing_party"", ""persons_total"": 848, ""r0_census_date"": ""2026-09-12"", ""collision_check"": ""pass"", ""uuid_collisions"": 0, ""deterministic_duplicates"": 0, ""data_quality_missing_dob_pct"": 0.00, ""data_quality_missing_name_pct"": 0.00}",planned,Sat Sep 12 2026 14:05:28 GMT+0700 (Indochina Time),Sat Sep 12 2026 14:05:29 GMT+0700 (Indochina Time)
9e9b33e3-9a74-45dd-8773-fa1ea5b44949,9e9b33e3-9a74-45dd-8773-fa1ea5b44949,4a272df7-3d76-49bb-8e3f-b9901aac7a95,CREATE_NEW_PARTY,"{""reason"": ""no_existing_party"", ""persons_total"": 848, ""r0_census_date"": ""2026-09-12"", ""collision_check"": ""pass"", ""uuid_collisions"": 0, ""deterministic_duplicates"": 0, ""data_quality_missing_dob_pct"": 0.00, ""data_quality_missing_name_pct"": 0.00}",planned,Sat Sep 12 2026 14:05:28 GMT+0700 (Indochina Time),Sat Sep 12 2026 14:05:29 GMT+0700 (Indochina Time)
106ec372-439b-4309-9c2c-3317532e084f,106ec372-439b-4309-9c2c-3317532e084f,4a272df7-3d76-49bb-8e3f-b9901aac7a95,CREATE_NEW_PARTY,"{""reason"": ""no_existing_party"", ""persons_total"": 848, ""r0_census_date"": ""2026-09-12"", ""collision_check"": ""pass"", ""uuid_collisions"": 0, ""deterministic_duplicates"": 0, ""data_quality_missing_dob_pct"": 0.00, ""data_quality_missing_name_pct"": 0.00}",planned,Sat Sep 12 2026 14:05:28 GMT+0700 (Indochina Time),Sat Sep 12 2026 14:05:29 GMT+0700 (Indochina Time)
d031d916-28cf-43ba-8a74-bc980bf81c16,d031d916-28cf-43ba-8a74-bc980bf81c16,c7937ee6-248d-45f6-a48e-c44b9227e16f,CREATE_NEW_PARTY,"{""reason"": ""no_existing_party"", ""persons_total"": 848, ""r0_census_date"": ""2026-09-12"", ""collision_check"": ""pass"", ""uuid_collisions"": 0, ""deterministic_duplicates"": 0, ""data_quality_missing_dob_pct"": 0.00, ""data_quality_missing_name_pct"": 0.00}",planned,Sat Sep 12 2026 14:05:28 GMT+0700 (Indochina Time),Sat Sep 12 2026 14:05:29 GMT+0700 (Indochina Time)
26479027-78c7-4815-a892-fe1665e0039a,26479027-78c7-4815-a892-fe1665e0039a,fc2e3456-cb67-46bc-bb1f-bf4d0cfc2836,CREATE_NEW_PARTY,"{""reason"": ""no_existing_party"", ""persons_total"": 848, ""r0_census_date"": ""2026-09-12"", ""collision_check"": ""pass"", ""uuid_collisions"": 0, ""deterministic_duplicates"": 0, ""data_quality_missing_dob_pct"": 0.00, ""data_quality_missing_name_pct"": 0.00}",planned,Sat Sep 12 2026 14:05:28 GMT+0700 (Indochina Time),Sat Sep 12 2026 14:05:29 GMT+0700 (Indochina Time)
ff1bd593-eee5-4c27-a66f-74d342c01b62,ff1bd593-eee5-4c27-a66f-74d342c01b62,fc2e3456-cb67-46bc-bb1f-bf4d0cfc2836,CREATE_NEW_PARTY,"{""reason"": ""no_existing_party"", ""persons_total"": 848, ""r0_census_date"": ""2026-09-12"", ""collision_check"": ""pass"", ""uuid_collisions"": 0, ""deterministic_duplicates"": 0, ""data_quality_missing_dob_pct"": 0.00, ""data_quality_missing_name_pct"": 0.00}",planned,Sat Sep 12 2026 14:05:28 GMT+0700 (Indochina Time),Sat Sep 12 2026 14:05:29 GMT+0700 (Indochina Time)
ad14a65e-19e2-481e-9f8e-66d2418be532,ad14a65e-19e2-481e-9f8e-66d2418be532,311c4088-2e6a-4cfa-831b-6bd7a226689d,CREATE_NEW_PARTY,"{""reason"": ""no_existing_party"", ""persons_total"": 848, ""r0_census_date"": ""2026-09-12"", ""collision_check"": ""pass"", ""uuid_collisions"": 0, ""deterministic_duplicates"": 0, ""data_quality_missing_dob_pct"": 0.00, ""data_quality_missing_name_pct"": 0.00}",planned,Sat Sep 12 2026 14:05:28 GMT+0700 (Indochina Time),Sat Sep 12 2026 14:05:29 GMT+0700 (Indochina Time)
a2b86f38-c3f9-488c-b889-82cc45748039,a2b86f38-c3f9-488c-b889-82cc45748039,311c4088-2e6a-4cfa-831b-6bd7a226689d,CREATE_NEW_PARTY,"{""reason"": ""no_existing_party"", ""persons_total"": 848, ""r0_census_date"": ""2026-09-12"", ""collision_check"": ""pass"", ""uuid_collisions"": 0, ""deterministic_duplicates"": 0, ""data_quality_missing_dob_pct"": 0.00, ""data_quality_missing_name_pct"": 0.00}",planned,Sat Sep 12 2026 14:05:28 GMT+0700 (Indochina Time),Sat Sep 12 2026 14:05:29 GMT+0700 (Indochina Time)
3c09ba00-1184-465d-8345-48c4155a1594,3c09ba00-1184-465d-8345-48c4155a1594,311c4088-2e6a-4cfa-831b-6bd7a226689d,CREATE_NEW_PARTY,"{""reason"": ""no_existing_party"", ""persons_total"": 848, ""r0_census_date"": ""2026-09-12"", ""collision_check"": ""pass"", ""uuid_collisions"": 0, ""deterministic_duplicates"": 0, ""data_quality_missing_dob_pct"": 0.00, ""data_quality_missing_name_pct"": 0.00}",planned,Sat Sep 12 2026 14:05:28 GMT+0700 (Indochina Time),Sat Sep 12 2026 14:05:29 GMT+0700 (Indochina Time)
89111525-31eb-4a5c-9bc3-c9695c75a6fe,89111525-31eb-4a5c-9bc3-c9695c75a6fe,7abdefbf-f253-4753-b4a5-daad6a0218e1,CREATE_NEW_PARTY,"{""reason"": ""no_existing_party"", ""persons_total"": 848, ""r0_census_date"": ""2026-09-12"", ""collision_check"": ""pass"", ""uuid_collisions"": 0, ""deterministic_duplicates"": 0, ""data_quality_missing_dob_pct"": 0.00, ""data_quality_missing_name_pct"": 0.00}",planned,Sat Sep 12 2026 14:05:28 GMT+0700 (Indochina Time),Sat Sep 12 2026 14:05:29 GMT+0700 (Indochina Time)
1d676c29-e4c7-4f20-afcf-d13e6ceb7a6e,1d676c29-e4c7-4f20-afcf-d13e6ceb7a6e,7abdefbf-f253-4753-b4a5-daad6a0218e1,CREATE_NEW_PARTY,"{""reason"": ""no_existing_party"", ""persons_total"": 848, ""r0_census_date"": ""2026-09-12"", ""collision_check"": ""pass"", ""uuid_collisions"": 0, ""deterministic_duplicates"": 0, ""data_quality_missing_dob_pct"": 0.00, ""data_quality_missing_name_pct"": 0.00}",planned,Sat Sep 12 2026 14:05:28 GMT+0700 (Indochina Time),Sat Sep 12 2026 14:05:29 GMT+0700 (Indochina Time)
542318f2-1d09-44e7-a735-36e5a53c5159,542318f2-1d09-44e7-a735-36e5a53c5159,7abdefbf-f253-4753-b4a5-daad6a0218e1,CREATE_NEW_PARTY,"{""reason"": ""no_existing_party"", ""persons_total"": 848, ""r0_census_date"": ""2026-09-12"", ""collision_check"": ""pass"", ""uuid_collisions"": 0, ""deterministic_duplicates"": 0, ""data_quality_missing_dob_pct"": 0.00, ""data_quality_missing_name_pct"": 0.00}",planned,Sat Sep 12 2026 14:05:28 GMT+0700 (Indochina Time),Sat Sep 12 2026 14:05:29 GMT+0700 (Indochina Time)
62c99f47-b2b2-4a2c-a1a1-16e2b7c1cbc2,62c99f47-b2b2-4a2c-a1a1-16e2b7c1cbc2,f2ff9b86-941c-4c84-8b0d-43b0d8317c7f,CREATE_NEW_PARTY,"{""reason"": ""no_existing_party"", ""persons_total"": 848, ""r0_census_date"": ""2026-09-12"", ""collision_check"": ""pass"", ""uuid_collisions"": 0, ""deterministic_duplicates"": 0, ""data_quality_missing_dob_pct"": 0.00, ""data_quality_missing_name_pct"": 0.00}",planned,Sat Sep 12 2026 14:05:28 GMT+0700 (Indochina Time),Sat Sep 12 2026 14:05:29 GMT+0700 (Indochina Time)
b549e908-8933-4958-9b3a-4f3c79e7970e,b549e908-8933-4958-9b3a-4f3c79e7970e,f2ff9b86-941c-4c84-8b0d-43b0d8317c7f,CREATE_NEW_PARTY,"{""reason"": ""no_existing_party"", ""persons_total"": 848, ""r0_census_date"": ""2026-09-12"", ""collision_check"": ""pass"", ""uuid_collisions"": 0, ""deterministic_duplicates"": 0, ""data_quality_missing_dob_pct"": 0.00, ""data_quality_missing_name_pct"": 0.00}",planned,Sat Sep 12 2026 14:05:28 GMT+0700 (Indochina Time),Sat Sep 12 2026 14:05:29 GMT+0700 (Indochina Time)
617d8dd4-749a-4327-ba6b-bba9e29b0885,617d8dd4-749a-4327-ba6b-bba9e29b0885,f2ff9b86-941c-4c84-8b0d-43b0d8317c7f,CREATE_NEW_PARTY,"{""reason"": ""no_existing_party"", ""persons_total"": 848, ""r0_census_date"": ""2026-09-12"", ""collision_check"": ""pass"", ""uuid_collisions"": 0, ""deterministic_duplicates"": 0, ""data_quality_missing_dob_pct"": 0.00, ""data_quality_missing_name_pct"": 0.00}",planned,Sat Sep 12 2026 14:05:28 GMT+0700 (Indochina Time),Sat Sep 12 2026 14:05:29 GMT+0700 (Indochina Time)
2ff5d1a6-3e48-4980-afe1-1aed1b21ae2f,2ff5d1a6-3e48-4980-afe1-1aed1b21ae2f,0c3ebe41-bd40-4fc0-8219-5b4222f28e69,CREATE_NEW_PARTY,"{""reason"": ""no_existing_party"", ""persons_total"": 848, ""r0_census_date"": ""2026-09-12"", ""collision_check"": ""pass"", ""uuid_collisions"": 0, ""deterministic_duplicates"": 0, ""data_quality_missing_dob_pct"": 0.00, ""data_quality_missing_name_pct"": 0.00}",planned,Sat Sep 12 2026 14:05:28 GMT+0700 (Indochina Time),Sat Sep 12 2026 14:05:29 GMT+0700 (Indochina Time)
7852a355-96c3-448e-9559-02255e9287d7,7852a355-96c3-448e-9559-02255e9287d7,0c3ebe41-bd40-4fc0-8219-5b4222f28e69,CREATE_NEW_PARTY,"{""reason"": ""no_existing_party"", ""persons_total"": 848, ""r0_census_date"": ""2026-09-12"", ""collision_check"": ""pass"", ""uuid_collisions"": 0, ""deterministic_duplicates"": 0, ""data_quality_missing_dob_pct"": 0.00, ""data_quality_missing_name_pct"": 0.00}",planned,Sat Sep 12 2026 14:05:28 GMT+0700 (Indochina Time),Sat Sep 12 2026 14:05:29 GMT+0700 (Indochina Time)
bd91e7d0-ab72-402b-9d2f-d5e34b97a692,bd91e7d0-ab72-402b-9d2f-d5e34b97a692,0c3ebe41-bd40-4fc0-8219-5b4222f28e69,CREATE_NEW_PARTY,"{""reason"": ""no_existing_party"", ""persons_total"": 848, ""r0_census_date"": ""2026-09-12"", ""collision_check"": ""pass"", ""uuid_collisions"": 0, ""deterministic_duplicates"": 0, ""data_quality_missing_dob_pct"": 0.00, ""data_quality_missing_name_pct"": 0.00}",planned,Sat Sep 12 2026 14:05:28 GMT+0700 (Indochina Time),Sat Sep 12 2026 14:05:29 GMT+0700 (Indochina Time)
5a65ec22-91ca-4fb3-b435-e7e3ac295ab1,5a65ec22-91ca-4fb3-b435-e7e3ac295ab1,b047182a-217c-48e5-929b-ba94e799c765,CREATE_NEW_PARTY,"{""reason"": ""no_existing_party"", ""persons_total"": 848, ""r0_census_date"": ""2026-09-12"", ""collision_check"": ""pass"", ""uuid_collisions"": 0, ""deterministic_duplicates"": 0, ""data_quality_missing_dob_pct"": 0.00, ""data_quality_missing_name_pct"": 0.00}",planned,Sat Sep 12 2026 14:05:28 GMT+0700 (Indochina Time),Sat Sep 12 2026 14:05:29 GMT+0700 (Indochina Time)
76a35ccc-bdb2-483b-9342-8a6e4ac52efe,76a35ccc-bdb2-483b-9342-8a6e4ac52efe,b047182a-217c-48e5-929b-ba94e799c765,CREATE_NEW_PARTY,"{""reason"": ""no_existing_party"", ""persons_total"": 848, ""r0_census_date"": ""2026-09-12"", ""collision_check"": ""pass"", ""uuid_collisions"": 0, ""deterministic_duplicates"": 0, ""data_quality_missing_dob_pct"": 0.00, ""data_quality_missing_name_pct"": 0.00}",planned,Sat Sep 12 2026 14:05:28 GMT+0700 (Indochina Time),Sat Sep 12 2026 14:05:29 GMT+0700 (Indochina Time)
3963c9e9-33a0-437a-995a-7b33bea346b7,3963c9e9-33a0-437a-995a-7b33bea346b7,b047182a-217c-48e5-929b-ba94e799c765,CREATE_NEW_PARTY,"{""reason"": ""no_existing_party"", ""persons_total"": 848, ""r0_census_date"": ""2026-09-12"", ""collision_check"": ""pass"", ""uuid_collisions"": 0, ""deterministic_duplicates"": 0, ""data_quality_missing_dob_pct"": 0.00, ""data_quality_missing_name_pct"": 0.00}",planned,Sat Sep 12 2026 14:05:28 GMT+0700 (Indochina Time),Sat Sep 12 2026 14:05:29 GMT+0700 (Indochina Time)
de8c670a-f5df-4fb0-abf2-4f3dd1ff9aa2,de8c670a-f5df-4fb0-abf2-4f3dd1ff9aa2,41165b25-e10d-4bf7-aff6-693f65336ccf,CREATE_NEW_PARTY,"{""reason"": ""no_existing_party"", ""persons_total"": 848, ""r0_census_date"": ""2026-09-12"", ""collision_check"": ""pass"", ""uuid_collisions"": 0, ""deterministic_duplicates"": 0, ""data_quality_missing_dob_pct"": 0.00, ""data_quality_missing_name_pct"": 0.00}",planned,Sat Sep 12 2026 14:05:28 GMT+0700 (Indochina Time),Sat Sep 12 2026 14:05:29 GMT+0700 (Indochina Time)
0d3adc99-2101-41fd-a8b8-84b18ae2e617,0d3adc99-2101-41fd-a8b8-84b18ae2e617,41165b25-e10d-4bf7-aff6-693f65336ccf,CREATE_NEW_PARTY,"{""reason"": ""no_existing_party"", ""persons_total"": 848, ""r0_census_date"": ""2026-09-12"", ""collision_check"": ""pass"", ""uuid_collisions"": 0, ""deterministic_duplicates"": 0, ""data_quality_missing_dob_pct"": 0.00, ""data_quality_missing_name_pct"": 0.00}",planned,Sat Sep 12 2026 14:05:28 GMT+0700 (Indochina Time),Sat Sep 12 2026 14:05:29 GMT+0700 (Indochina Time)
e3a16911-94e5-4ed1-a954-cc07da335b41,e3a16911-94e5-4ed1-a954-cc07da335b41,41165b25-e10d-4bf7-aff6-693f65336ccf,CREATE_NEW_PARTY,"{""reason"": ""no_existing_party"", ""persons_total"": 848, ""r0_census_date"": ""2026-09-12"", ""collision_check"": ""pass"", ""uuid_collisions"": 0, ""deterministic_duplicates"": 0, ""data_quality_missing_dob_pct"": 0.00, ""data_quality_missing_name_pct"": 0.00}",planned,Sat Sep 12 2026 14:05:28 GMT+0700 (Indochina Time),Sat Sep 12 2026 14:05:29 GMT+0700 (Indochina Time)
92bb3cb3-3628-4ee2-9b77-c7343598fc0e,92bb3cb3-3628-4ee2-9b77-c7343598fc0e,1e1893df-58f1-4f45-8881-dcbd2dd28193,CREATE_NEW_PARTY,"{""reason"": ""no_existing_party"", ""persons_total"": 848, ""r0_census_date"": ""2026-09-12"", ""collision_check"": ""pass"", ""uuid_collisions"": 0, ""deterministic_duplicates"": 0, ""data_quality_missing_dob_pct"": 0.00, ""data_quality_missing_name_pct"": 0.00}",planned,Sat Sep 12 2026 14:05:28 GMT+0700 (Indochina Time),Sat Sep 12 2026 14:05:29 GMT+0700 (Indochina Time)
de41fad7-33dd-422f-8f56-85dadff00f9e,de41fad7-33dd-422f-8f56-85dadff00f9e,1e1893df-58f1-4f45-8881-dcbd2dd28193,CREATE_NEW_PARTY,"{""reason"": ""no_existing_party"", ""persons_total"": 848, ""r0_census_date"": ""2026-09-12"", ""collision_check"": ""pass"", ""uuid_collisions"": 0, ""deterministic_duplicates"": 0, ""data_quality_missing_dob_pct"": 0.00, ""data_quality_missing_name_pct"": 0.00}",planned,Sat Sep 12 2026 14:05:28 GMT+0700 (Indochina Time),Sat Sep 12 2026 14:05:29 GMT+0700 (Indochina Time)
299ed850-ad8e-4f0d-a922-9c008eba186a,299ed850-ad8e-4f0d-a922-9c008eba186a,1e1893df-58f1-4f45-8881-dcbd2dd28193,CREATE_NEW_PARTY,"{""reason"": ""no_existing_party"", ""persons_total"": 848, ""r0_census_date"": ""2026-09-12"", ""collision_check"": ""pass"", ""uuid_collisions"": 0, ""deterministic_duplicates"": 0, ""data_quality_missing_dob_pct"": 0.00, ""data_quality_missing_name_pct"": 0.00}",planned,Sat Sep 12 2026 14:05:28 GMT+0700 (Indochina Time),Sat Sep 12 2026 14:05:29 GMT+0700 (Indochina Time)
086db2bd-8b6a-4b93-8e41-203137fa77e8,086db2bd-8b6a-4b93-8e41-203137fa77e8,bf9338a1-248d-4e3f-a4a8-cc7f253a02b1,CREATE_NEW_PARTY,"{""reason"": ""no_existing_party"", ""persons_total"": 848, ""r0_census_date"": ""2026-09-12"", ""collision_check"": ""pass"", ""uuid_collisions"": 0, ""deterministic_duplicates"": 0, ""data_quality_missing_dob_pct"": 0.00, ""data_quality_missing_name_pct"": 0.00}",planned,Sat Sep 12 2026 14:05:28 GMT+0700 (Indochina Time),Sat Sep 12 2026 14:05:29 GMT+0700 (Indochina Time)
a70fa6b1-1c07-48f8-9a8a-62c95e831c88,a70fa6b1-1c07-48f8-9a8a-62c95e831c88,bf9338a1-248d-4e3f-a4a8-cc7f253a02b1,CREATE_NEW_PARTY,"{""reason"": ""no_existing_party"", ""persons_total"": 848, ""r0_census_date"": ""2026-09-12"", ""collision_check"": ""pass"", ""uuid_collisions"": 0, ""deterministic_duplicates"": 0, ""data_quality_missing_dob_pct"": 0.00, ""data_quality_missing_name_pct"": 0.00}",planned,Sat Sep 12 2026 14:05:28 GMT+0700 (Indochina Time),Sat Sep 12 2026 14:05:29 GMT+0700 (Indochina Time)
1ec87785-3a98-4df2-a48e-ce3bb8434828,1ec87785-3a98-4df2-a48e-ce3bb8434828,79009040-9f3a-4d6c-b563-42e1c9dce79c,CREATE_NEW_PARTY,"{""reason"": ""no_existing_party"", ""persons_total"": 848, ""r0_census_date"": ""2026-09-12"", ""collision_check"": ""pass"", ""uuid_collisions"": 0, ""deterministic_duplicates"": 0, ""data_quality_missing_dob_pct"": 0.00, ""data_quality_missing_name_pct"": 0.00}",planned,Sat Sep 12 2026 14:05:28 GMT+0700 (Indochina Time),Sat Sep 12 2026 14:05:29 GMT+0700 (Indochina Time)
5105016a-858b-4441-a109-6986624dd3c4,5105016a-858b-4441-a109-6986624dd3c4,80a60a6a-be33-4941-9a88-a6455d357bce,CREATE_NEW_PARTY,"{""reason"": ""no_existing_party"", ""persons_total"": 848, ""r0_census_date"": ""2026-09-12"", ""collision_check"": ""pass"", ""uuid_collisions"": 0, ""deterministic_duplicates"": 0, ""data_quality_missing_dob_pct"": 0.00, ""data_quality_missing_name_pct"": 0.00}",planned,Sat Sep 12 2026 14:05:28 GMT+0700 (Indochina Time),Sat Sep 12 2026 14:05:29 GMT+0700 (Indochina Time)
a0f3bbf9-98cc-4319-a947-6934da57dcb1,a0f3bbf9-98cc-4319-a947-6934da57dcb1,29826f0d-2313-419b-98da-9d61f72c9f4f,CREATE_NEW_PARTY,"{""reason"": ""no_existing_party"", ""persons_total"": 848, ""r0_census_date"": ""2026-09-12"", ""collision_check"": ""pass"", ""uuid_collisions"": 0, ""deterministic_duplicates"": 0, ""data_quality_missing_dob_pct"": 0.00, ""data_quality_missing_name_pct"": 0.00}",planned,Sat Sep 12 2026 14:05:28 GMT+0700 (Indochina Time),Sat Sep 12 2026 14:05:29 GMT+0700 (Indochina Time)
74b18e22-2071-486c-ac81-432742c86fe7,74b18e22-2071-486c-ac81-432742c86fe7,6bda0c85-26df-495a-a2fa-4a104b9f2ef4,CREATE_NEW_PARTY,"{""reason"": ""no_existing_party"", ""persons_total"": 848, ""r0_census_date"": ""2026-09-12"", ""collision_check"": ""pass"", ""uuid_collisions"": 0, ""deterministic_duplicates"": 0, ""data_quality_missing_dob_pct"": 0.00, ""data_quality_missing_name_pct"": 0.00}",planned,Sat Sep 12 2026 14:05:28 GMT+0700 (Indochina Time),Sat Sep 12 2026 14:05:29 GMT+0700 (Indochina Time)
8ce7f19d-f06e-439b-b803-109646aa918c,8ce7f19d-f06e-439b-b803-109646aa918c,35ce7c1d-20c0-45d0-9cdf-01f5ef98c2ac,CREATE_NEW_PARTY,"{""reason"": ""no_existing_party"", ""persons_total"": 848, ""r0_census_date"": ""2026-09-12"", ""collision_check"": ""pass"", ""uuid_collisions"": 0, ""deterministic_duplicates"": 0, ""data_quality_missing_dob_pct"": 0.00, ""data_quality_missing_name_pct"": 0.00}",planned,Sat Sep 12 2026 14:05:28 GMT+0700 (Indochina Time),Sat Sep 12 2026 14:05:29 GMT+0700 (Indochina Time)
4e36d3cd-42d7-40cc-8bbe-280353450d18,4e36d3cd-42d7-40cc-8bbe-280353450d18,4d04a397-0f1c-48eb-8f5b-3cc89d491f4c,CREATE_NEW_PARTY,"{""reason"": ""no_existing_party"", ""persons_total"": 848, ""r0_census_date"": ""2026-09-12"", ""collision_check"": ""pass"", ""uuid_collisions"": 0, ""deterministic_duplicates"": 0, ""data_quality_missing_dob_pct"": 0.00, ""data_quality_missing_name_pct"": 0.00}",planned,Sat Sep 12 2026 14:05:28 GMT+0700 (Indochina Time),Sat Sep 12 2026 14:05:29 GMT+0700 (Indochina Time)
90d91b70-1eef-4a78-99a8-cce619ed7589,90d91b70-1eef-4a78-99a8-cce619ed7589,0c9d389b-524f-4462-b832-7a2fe000e030,CREATE_NEW_PARTY,"{""reason"": ""no_existing_party"", ""persons_total"": 848, ""r0_census_date"": ""2026-09-12"", ""collision_check"": ""pass"", ""uuid_collisions"": 0, ""deterministic_duplicates"": 0, ""data_quality_missing_dob_pct"": 0.00, ""data_quality_missing_name_pct"": 0.00}",planned,Sat Sep 12 2026 14:05:28 GMT+0700 (Indochina Time),Sat Sep 12 2026 14:05:29 GMT+0700 (Indochina Time)
9c29e70d-c39a-4485-8396-0ea4402315d2,9c29e70d-c39a-4485-8396-0ea4402315d2,0aa34afc-ee8d-4edc-b711-c8d727b5aedd,CREATE_NEW_PARTY,"{""reason"": ""no_existing_party"", ""persons_total"": 848, ""r0_census_date"": ""2026-09-12"", ""collision_check"": ""pass"", ""uuid_collisions"": 0, ""deterministic_duplicates"": 0, ""data_quality_missing_dob_pct"": 0.00, ""data_quality_missing_name_pct"": 0.00}",planned,Sat Sep 12 2026 14:05:28 GMT+0700 (Indochina Time),Sat Sep 12 2026 14:05:29 GMT+0700 (Indochina Time)
1b9ff165-9bfc-4486-beca-68703dc2a2d8,1b9ff165-9bfc-4486-beca-68703dc2a2d8,0aa34afc-ee8d-4edc-b711-c8d727b5aedd,CREATE_NEW_PARTY,"{""reason"": ""no_existing_party"", ""persons_total"": 848, ""r0_census_date"": ""2026-09-12"", ""collision_check"": ""pass"", ""uuid_collisions"": 0, ""deterministic_duplicates"": 0, ""data_quality_missing_dob_pct"": 0.00, ""data_quality_missing_name_pct"": 0.00}",planned,Sat Sep 12 2026 14:05:28 GMT+0700 (Indochina Time),Sat Sep 12 2026 14:05:29 GMT+0700 (Indochina Time)
299a0260-29ab-4d4a-9307-9791a24c01cb,299a0260-29ab-4d4a-9307-9791a24c01cb,3ca4e6ae-5518-4725-b789-3e2b072bdf4c,CREATE_NEW_PARTY,"{""reason"": ""no_existing_party"", ""persons_total"": 848, ""r0_census_date"": ""2026-09-12"", ""collision_check"": ""pass"", ""uuid_collisions"": 0, ""deterministic_duplicates"": 0, ""data_quality_missing_dob_pct"": 0.00, ""data_quality_missing_name_pct"": 0.00}",planned,Sat Sep 12 2026 14:05:28 GMT+0700 (Indochina Time),Sat Sep 12 2026 14:05:29 GMT+0700 (Indochina Time)
0cee9a41-1f5f-49b3-a8d5-22a023fe39e4,0cee9a41-1f5f-49b3-a8d5-22a023fe39e4,4708f14d-103e-49dc-85e4-2d0251ff3202,CREATE_NEW_PARTY,"{""reason"": ""no_existing_party"", ""persons_total"": 848, ""r0_census_date"": ""2026-09-12"", ""collision_check"": ""pass"", ""uuid_collisions"": 0, ""deterministic_duplicates"": 0, ""data_quality_missing_dob_pct"": 0.00, ""data_quality_missing_name_pct"": 0.00}",planned,Sat Sep 12 2026 14:05:28 GMT+0700 (Indochina Time),Sat Sep 12 2026 14:05:29 GMT+0700 (Indochina Time)
f131cc6c-f53e-453a-b6de-a043b99cf8ed,f131cc6c-f53e-453a-b6de-a043b99cf8ed,7741ff3c-5ee6-4d21-b41e-57ccddec6c97,CREATE_NEW_PARTY,"{""reason"": ""no_existing_party"", ""persons_total"": 848, ""r0_census_date"": ""2026-09-12"", ""collision_check"": ""pass"", ""uuid_collisions"": 0, ""deterministic_duplicates"": 0, ""data_quality_missing_dob_pct"": 0.00, ""data_quality_missing_name_pct"": 0.00}",planned,Sat Sep 12 2026 14:05:28 GMT+0700 (Indochina Time),Sat Sep 12 2026 14:05:29 GMT+0700 (Indochina Time)
ecad4e7e-1851-46cd-9115-5e4814291172,ecad4e7e-1851-46cd-9115-5e4814291172,0aa34afc-ee8d-4edc-b711-c8d727b5aedd,CREATE_NEW_PARTY,"{""reason"": ""no_existing_party"", ""persons_total"": 848, ""r0_census_date"": ""2026-09-12"", ""collision_check"": ""pass"", ""uuid_collisions"": 0, ""deterministic_duplicates"": 0, ""data_quality_missing_dob_pct"": 0.00, ""data_quality_missing_name_pct"": 0.00}",planned,Sat Sep 12 2026 14:05:28 GMT+0700 (Indochina Time),Sat Sep 12 2026 14:05:29 GMT+0700 (Indochina Time)
21bcfb27-e09a-4c72-926c-ec3a53ff55d1,21bcfb27-e09a-4c72-926c-ec3a53ff55d1,3ca4e6ae-5518-4725-b789-3e2b072bdf4c,CREATE_NEW_PARTY,"{""reason"": ""no_existing_party"", ""persons_total"": 848, ""r0_census_date"": ""2026-09-12"", ""collision_check"": ""pass"", ""uuid_collisions"": 0, ""deterministic_duplicates"": 0, ""data_quality_missing_dob_pct"": 0.00, ""data_quality_missing_name_pct"": 0.00}",planned,Sat Sep 12 2026 14:05:28 GMT+0700 (Indochina Time),Sat Sep 12 2026 14:05:29 GMT+0700 (Indochina Time)
37276a84-5b5e-4aa7-962c-7eb7a31ffbce,37276a84-5b5e-4aa7-962c-7eb7a31ffbce,4708f14d-103e-49dc-85e4-2d0251ff3202,CREATE_NEW_PARTY,"{""reason"": ""no_existing_party"", ""persons_total"": 848, ""r0_census_date"": ""2026-09-12"", ""collision_check"": ""pass"", ""uuid_collisions"": 0, ""deterministic_duplicates"": 0, ""data_quality_missing_dob_pct"": 0.00, ""data_quality_missing_name_pct"": 0.00}",planned,Sat Sep 12 2026 14:05:28 GMT+0700 (Indochina Time),Sat Sep 12 2026 14:05:29 GMT+0700 (Indochina Time)
cdaa26d7-4f95-43f3-a6ff-4b914617b8a7,cdaa26d7-4f95-43f3-a6ff-4b914617b8a7,7741ff3c-5ee6-4d21-b41e-57ccddec6c97,CREATE_NEW_PARTY,"{""reason"": ""no_existing_party"", ""persons_total"": 848, ""r0_census_date"": ""2026-09-12"", ""collision_check"": ""pass"", ""uuid_collisions"": 0, ""deterministic_duplicates"": 0, ""data_quality_missing_dob_pct"": 0.00, ""data_quality_missing_name_pct"": 0.00}",planned,Sat Sep 12 2026 14:05:28 GMT+0700 (Indochina Time),Sat Sep 12 2026 14:05:29 GMT+0700 (Indochina Time)
36ddbdbe-3b57-4dd9-b1c9-30d87e3cdc8f,36ddbdbe-3b57-4dd9-b1c9-30d87e3cdc8f,bc1c7f59-377c-4ec3-a8e0-13c0ce95b365,CREATE_NEW_PARTY,"{""reason"": ""no_existing_party"", ""persons_total"": 848, ""r0_census_date"": ""2026-09-12"", ""collision_check"": ""pass"", ""uuid_collisions"": 0, ""deterministic_duplicates"": 0, ""data_quality_missing_dob_pct"": 0.00, ""data_quality_missing_name_pct"": 0.00}",planned,Sat Sep 12 2026 14:05:28 GMT+0700 (Indochina Time),Sat Sep 12 2026 14:05:29 GMT+0700 (Indochina Time)
19e13044-c618-4d78-858f-43ac76014d82,19e13044-c618-4d78-858f-43ac76014d82,4708f14d-103e-49dc-85e4-2d0251ff3202,CREATE_NEW_PARTY,"{""reason"": ""no_existing_party"", ""persons_total"": 848, ""r0_census_date"": ""2026-09-12"", ""collision_check"": ""pass"", ""uuid_collisions"": 0, ""deterministic_duplicates"": 0, ""data_quality_missing_dob_pct"": 0.00, ""data_quality_missing_name_pct"": 0.00}",planned,Sat Sep 12 2026 14:05:28 GMT+0700 (Indochina Time),Sat Sep 12 2026 14:05:29 GMT+0700 (Indochina Time)
7d713f0e-8275-4dd0-85ae-21eeda07a7f5,7d713f0e-8275-4dd0-85ae-21eeda07a7f5,8f3a1e3a-efdc-4864-be61-501890ddfe22,CREATE_NEW_PARTY,"{""reason"": ""no_existing_party"", ""persons_total"": 848, ""r0_census_date"": ""2026-09-12"", ""collision_check"": ""pass"", ""uuid_collisions"": 0, ""deterministic_duplicates"": 0, ""data_quality_missing_dob_pct"": 0.00, ""data_quality_missing_name_pct"": 0.00}",planned,Sat Sep 12 2026 14:05:28 GMT+0700 (Indochina Time),Sat Sep 12 2026 14:05:29 GMT+0700 (Indochina Time)
9a4bbb62-5395-4400-be24-0f636472de24,9a4bbb62-5395-4400-be24-0f636472de24,3ca4e6ae-5518-4725-b789-3e2b072bdf4c,CREATE_NEW_PARTY,"{""reason"": ""no_existing_party"", ""persons_total"": 848, ""r0_census_date"": ""2026-09-12"", ""collision_check"": ""pass"", ""uuid_collisions"": 0, ""deterministic_duplicates"": 0, ""data_quality_missing_dob_pct"": 0.00, ""data_quality_missing_name_pct"": 0.00}",planned,Sat Sep 12 2026 14:05:28 GMT+0700 (Indochina Time),Sat Sep 12 2026 14:05:29 GMT+0700 (Indochina Time)
7d840001-c178-47dc-88cc-af69d9c36f27,7d840001-c178-47dc-88cc-af69d9c36f27,f7ba9852-7599-4ffe-b7ac-c0343a630c2b,CREATE_NEW_PARTY,"{""reason"": ""no_existing_party"", ""persons_total"": 848, ""r0_census_date"": ""2026-09-12"", ""collision_check"": ""pass"", ""uuid_collisions"": 0, ""deterministic_duplicates"": 0, ""data_quality_missing_dob_pct"": 0.00, ""data_quality_missing_name_pct"": 0.00}",planned,Sat Sep 12 2026 14:05:28 GMT+0700 (Indochina Time),Sat Sep 12 2026 14:05:29 GMT+0700 (Indochina Time)
b3a4afcc-6830-4203-9cd7-55d4b9b5d989,b3a4afcc-6830-4203-9cd7-55d4b9b5d989,f7ba9852-7599-4ffe-b7ac-c0343a630c2b,CREATE_NEW_PARTY,"{""reason"": ""no_existing_party"", ""persons_total"": 848, ""r0_census_date"": ""2026-09-12"", ""collision_check"": ""pass"", ""uuid_collisions"": 0, ""deterministic_duplicates"": 0, ""data_quality_missing_dob_pct"": 0.00, ""data_quality_missing_name_pct"": 0.00}",planned,Sat Sep 12 2026 14:05:28 GMT+0700 (Indochina Time),Sat Sep 12 2026 14:05:29 GMT+0700 (Indochina Time)
4bd4e95d-33e3-48e9-90d2-9b6080220f0c,4bd4e95d-33e3-48e9-90d2-9b6080220f0c,f7ba9852-7599-4ffe-b7ac-c0343a630c2b,CREATE_NEW_PARTY,"{""reason"": ""no_existing_party"", ""persons_total"": 848, ""r0_census_date"": ""2026-09-12"", ""collision_check"": ""pass"", ""uuid_collisions"": 0, ""deterministic_duplicates"": 0, ""data_quality_missing_dob_pct"": 0.00, ""data_quality_missing_name_pct"": 0.00}",planned,Sat Sep 12 2026 14:05:28 GMT+0700 (Indochina Time),Sat Sep 12 2026 14:05:29 GMT+0700 (Indochina Time)
fb9906cc-3c0b-46c3-9f25-17939031db35,fb9906cc-3c0b-46c3-9f25-17939031db35,dc161ff9-4714-4556-a1db-2e08e2fc8331,CREATE_NEW_PARTY,"{""reason"": ""no_existing_party"", ""persons_total"": 848, ""r0_census_date"": ""2026-09-12"", ""collision_check"": ""pass"", ""uuid_collisions"": 0, ""deterministic_duplicates"": 0, ""data_quality_missing_dob_pct"": 0.00, ""data_quality_missing_name_pct"": 0.00}",planned,Sat Sep 12 2026 14:05:28 GMT+0700 (Indochina Time),Sat Sep 12 2026 14:05:29 GMT+0700 (Indochina Time)
51422c05-5a54-4390-89c1-f6bea2a3adb0,51422c05-5a54-4390-89c1-f6bea2a3adb0,dc161ff9-4714-4556-a1db-2e08e2fc8331,CREATE_NEW_PARTY,"{""reason"": ""no_existing_party"", ""persons_total"": 848, ""r0_census_date"": ""2026-09-12"", ""collision_check"": ""pass"", ""uuid_collisions"": 0, ""deterministic_duplicates"": 0, ""data_quality_missing_dob_pct"": 0.00, ""data_quality_missing_name_pct"": 0.00}",planned,Sat Sep 12 2026 14:05:28 GMT+0700 (Indochina Time),Sat Sep 12 2026 14:05:29 GMT+0700 (Indochina Time)
a913a97b-3c7d-45da-aaff-3a400d1f96ec,a913a97b-3c7d-45da-aaff-3a400d1f96ec,dc161ff9-4714-4556-a1db-2e08e2fc8331,CREATE_NEW_PARTY,"{""reason"": ""no_existing_party"", ""persons_total"": 848, ""r0_census_date"": ""2026-09-12"", ""collision_check"": ""pass"", ""uuid_collisions"": 0, ""deterministic_duplicates"": 0, ""data_quality_missing_dob_pct"": 0.00, ""data_quality_missing_name_pct"": 0.00}",planned,Sat Sep 12 2026 14:05:28 GMT+0700 (Indochina Time),Sat Sep 12 2026 14:05:29 GMT+0700 (Indochina Time)
51bc51d1-5d91-48c2-94d2-5be73f252b5c,51bc51d1-5d91-48c2-94d2-5be73f252b5c,de767953-da71-41fa-8cbe-099b65683c98,CREATE_NEW_PARTY,"{""reason"": ""no_existing_party"", ""persons_total"": 848, ""r0_census_date"": ""2026-09-12"", ""collision_check"": ""pass"", ""uuid_collisions"": 0, ""deterministic_duplicates"": 0, ""data_quality_missing_dob_pct"": 0.00, ""data_quality_missing_name_pct"": 0.00}",planned,Sat Sep 12 2026 14:05:28 GMT+0700 (Indochina Time),Sat Sep 12 2026 14:05:29 GMT+0700 (Indochina Time)
7670e7fd-8fc3-4bd7-8b3f-7d1c7d513df6,7670e7fd-8fc3-4bd7-8b3f-7d1c7d513df6,de767953-da71-41fa-8cbe-099b65683c98,CREATE_NEW_PARTY,"{""reason"": ""no_existing_party"", ""persons_total"": 848, ""r0_census_date"": ""2026-09-12"", ""collision_check"": ""pass"", ""uuid_collisions"": 0, ""deterministic_duplicates"": 0, ""data_quality_missing_dob_pct"": 0.00, ""data_quality_missing_name_pct"": 0.00}",planned,Sat Sep 12 2026 14:05:28 GMT+0700 (Indochina Time),Sat Sep 12 2026 14:05:29 GMT+0700 (Indochina Time)
16adb99a-e48b-4869-a159-3f1e5908b1b1,16adb99a-e48b-4869-a159-3f1e5908b1b1,de767953-da71-41fa-8cbe-099b65683c98,CREATE_NEW_PARTY,"{""reason"": ""no_existing_party"", ""persons_total"": 848, ""r0_census_date"": ""2026-09-12"", ""collision_check"": ""pass"", ""uuid_collisions"": 0, ""deterministic_duplicates"": 0, ""data_quality_missing_dob_pct"": 0.00, ""data_quality_missing_name_pct"": 0.00}",planned,Sat Sep 12 2026 14:05:28 GMT+0700 (Indochina Time),Sat Sep 12 2026 14:05:29 GMT+0700 (Indochina Time)
6d67e47a-636f-465b-a1b0-ed16f37e683e,6d67e47a-636f-465b-a1b0-ed16f37e683e,9b4d70d7-88bf-4a24-a458-3e3a07a6ae3c,CREATE_NEW_PARTY,"{""reason"": ""no_existing_party"", ""persons_total"": 848, ""r0_census_date"": ""2026-09-12"", ""collision_check"": ""pass"", ""uuid_collisions"": 0, ""deterministic_duplicates"": 0, ""data_quality_missing_dob_pct"": 0.00, ""data_quality_missing_name_pct"": 0.00}",planned,Sat Sep 12 2026 14:05:28 GMT+0700 (Indochina Time),Sat Sep 12 2026 14:05:29 GMT+0700 (Indochina Time)
a61aea08-f55e-4b6c-b19c-62cd79b25314,a61aea08-f55e-4b6c-b19c-62cd79b25314,8ebd1af6-9492-4de2-a6ee-3e39cf955a81,CREATE_NEW_PARTY,"{""reason"": ""no_existing_party"", ""persons_total"": 848, ""r0_census_date"": ""2026-09-12"", ""collision_check"": ""pass"", ""uuid_collisions"": 0, ""deterministic_duplicates"": 0, ""data_quality_missing_dob_pct"": 0.00, ""data_quality_missing_name_pct"": 0.00}",planned,Sat Sep 12 2026 14:05:28 GMT+0700 (Indochina Time),Sat Sep 12 2026 14:05:29 GMT+0700 (Indochina Time)
f3791c15-c3d1-4e51-b20d-469e37b415ee,f3791c15-c3d1-4e51-b20d-469e37b415ee,8ebd1af6-9492-4de2-a6ee-3e39cf955a81,CREATE_NEW_PARTY,"{""reason"": ""no_existing_party"", ""persons_total"": 848, ""r0_census_date"": ""2026-09-12"", ""collision_check"": ""pass"", ""uuid_collisions"": 0, ""deterministic_duplicates"": 0, ""data_quality_missing_dob_pct"": 0.00, ""data_quality_missing_name_pct"": 0.00}",planned,Sat Sep 12 2026 14:05:28 GMT+0700 (Indochina Time),Sat Sep 12 2026 14:05:29 GMT+0700 (Indochina Time)
ae4c84df-e381-487b-8843-4929ef21bbd6,ae4c84df-e381-487b-8843-4929ef21bbd6,52ff8ddd-655b-4658-ab91-46ba8a19cd12,CREATE_NEW_PARTY,"{""reason"": ""no_existing_party"", ""persons_total"": 848, ""r0_census_date"": ""2026-09-12"", ""collision_check"": ""pass"", ""uuid_collisions"": 0, ""deterministic_duplicates"": 0, ""data_quality_missing_dob_pct"": 0.00, ""data_quality_missing_name_pct"": 0.00}",planned,Sat Sep 12 2026 14:05:28 GMT+0700 (Indochina Time),Sat Sep 12 2026 14:05:29 GMT+0700 (Indochina Time)
e07d0f86-7d15-44ac-a54b-70a61fbaafa9,e07d0f86-7d15-44ac-a54b-70a61fbaafa9,52ff8ddd-655b-4658-ab91-46ba8a19cd12,CREATE_NEW_PARTY,"{""reason"": ""no_existing_party"", ""persons_total"": 848, ""r0_census_date"": ""2026-09-12"", ""collision_check"": ""pass"", ""uuid_collisions"": 0, ""deterministic_duplicates"": 0, ""data_quality_missing_dob_pct"": 0.00, ""data_quality_missing_name_pct"": 0.00}",planned,Sat Sep 12 2026 14:05:28 GMT+0700 (Indochina Time),Sat Sep 12 2026 14:05:29 GMT+0700 (Indochina Time)
fc4cab02-6b75-402f-8649-64c524a6f1fd,fc4cab02-6b75-402f-8649-64c524a6f1fd,52ff8ddd-655b-4658-ab91-46ba8a19cd12,CREATE_NEW_PARTY,"{""reason"": ""no_existing_party"", ""persons_total"": 848, ""r0_census_date"": ""2026-09-12"", ""collision_check"": ""pass"", ""uuid_collisions"": 0, ""deterministic_duplicates"": 0, ""data_quality_missing_dob_pct"": 0.00, ""data_quality_missing_name_pct"": 0.00}",planned,Sat Sep 12 2026 14:05:28 GMT+0700 (Indochina Time),Sat Sep 12 2026 14:05:29 GMT+0700 (Indochina Time)
6917de24-ab83-40fa-9f37-82f7eede312d,6917de24-ab83-40fa-9f37-82f7eede312d,08be29ae-c22b-4fb9-ab9d-7aaecfd0995c,CREATE_NEW_PARTY,"{""reason"": ""no_existing_party"", ""persons_total"": 848, ""r0_census_date"": ""2026-09-12"", ""collision_check"": ""pass"", ""uuid_collisions"": 0, ""deterministic_duplicates"": 0, ""data_quality_missing_dob_pct"": 0.00, ""data_quality_missing_name_pct"": 0.00}",planned,Sat Sep 12 2026 14:05:28 GMT+0700 (Indochina Time),Sat Sep 12 2026 14:05:29 GMT+0700 (Indochina Time)
170bd7a6-3dbf-4dc9-bcc1-d9dd923f6e90,170bd7a6-3dbf-4dc9-bcc1-d9dd923f6e90,561364c8-efe2-4e75-9712-b726ad03d258,CREATE_NEW_PARTY,"{""reason"": ""no_existing_party"", ""persons_total"": 848, ""r0_census_date"": ""2026-09-12"", ""collision_check"": ""pass"", ""uuid_collisions"": 0, ""deterministic_duplicates"": 0, ""data_quality_missing_dob_pct"": 0.00, ""data_quality_missing_name_pct"": 0.00}",planned,Sat Sep 12 2026 14:05:28 GMT+0700 (Indochina Time),Sat Sep 12 2026 14:05:29 GMT+0700 (Indochina Time)
863f82fc-0ef0-407b-8b08-361ed69c2796,863f82fc-0ef0-407b-8b08-361ed69c2796,6a1ef1fe-3fd4-4965-a8e0-1ecc24cc8a19,CREATE_NEW_PARTY,"{""reason"": ""no_existing_party"", ""persons_total"": 848, ""r0_census_date"": ""2026-09-12"", ""collision_check"": ""pass"", ""uuid_collisions"": 0, ""deterministic_duplicates"": 0, ""data_quality_missing_dob_pct"": 0.00, ""data_quality_missing_name_pct"": 0.00}",planned,Sat Sep 12 2026 14:05:28 GMT+0700 (Indochina Time),Sat Sep 12 2026 14:05:29 GMT+0700 (Indochina Time)
4640e4cf-edff-43ba-9131-90141a8f6349,4640e4cf-edff-43ba-9131-90141a8f6349,6a1ef1fe-3fd4-4965-a8e0-1ecc24cc8a19,CREATE_NEW_PARTY,"{""reason"": ""no_existing_party"", ""persons_total"": 848, ""r0_census_date"": ""2026-09-12"", ""collision_check"": ""pass"", ""uuid_collisions"": 0, ""deterministic_duplicates"": 0, ""data_quality_missing_dob_pct"": 0.00, ""data_quality_missing_name_pct"": 0.00}",planned,Sat Sep 12 2026 14:05:28 GMT+0700 (Indochina Time),Sat Sep 12 2026 14:05:29 GMT+0700 (Indochina Time)
1434d0d6-402a-4cfb-a609-1bd312edbddd,1434d0d6-402a-4cfb-a609-1bd312edbddd,6a1ef1fe-3fd4-4965-a8e0-1ecc24cc8a19,CREATE_NEW_PARTY,"{""reason"": ""no_existing_party"", ""persons_total"": 848, ""r0_census_date"": ""2026-09-12"", ""collision_check"": ""pass"", ""uuid_collisions"": 0, ""deterministic_duplicates"": 0, ""data_quality_missing_dob_pct"": 0.00, ""data_quality_missing_name_pct"": 0.00}",planned,Sat Sep 12 2026 14:05:28 GMT+0700 (Indochina Time),Sat Sep 12 2026 14:05:29 GMT+0700 (Indochina Time)
07b2dd92-42fa-4ae4-a52a-66c8ac884978,07b2dd92-42fa-4ae4-a52a-66c8ac884978,0d3637f1-0a17-4ee6-82dd-1bc310ee0554,CREATE_NEW_PARTY,"{""reason"": ""no_existing_party"", ""persons_total"": 848, ""r0_census_date"": ""2026-09-12"", ""collision_check"": ""pass"", ""uuid_collisions"": 0, ""deterministic_duplicates"": 0, ""data_quality_missing_dob_pct"": 0.00, ""data_quality_missing_name_pct"": 0.00}",planned,Sat Sep 12 2026 14:05:28 GMT+0700 (Indochina Time),Sat Sep 12 2026 14:05:29 GMT+0700 (Indochina Time)
5acfe996-f38c-4591-804e-85d316ab7fa7,5acfe996-f38c-4591-804e-85d316ab7fa7,0d3637f1-0a17-4ee6-82dd-1bc310ee0554,CREATE_NEW_PARTY,"{""reason"": ""no_existing_party"", ""persons_total"": 848, ""r0_census_date"": ""2026-09-12"", ""collision_check"": ""pass"", ""uuid_collisions"": 0, ""deterministic_duplicates"": 0, ""data_quality_missing_dob_pct"": 0.00, ""data_quality_missing_name_pct"": 0.00}",planned,Sat Sep 12 2026 14:05:28 GMT+0700 (Indochina Time),Sat Sep 12 2026 14:05:29 GMT+0700 (Indochina Time)
25ddb32e-408b-4802-aae4-f222d9158814,25ddb32e-408b-4802-aae4-f222d9158814,0d3637f1-0a17-4ee6-82dd-1bc310ee0554,CREATE_NEW_PARTY,"{""reason"": ""no_existing_party"", ""persons_total"": 848, ""r0_census_date"": ""2026-09-12"", ""collision_check"": ""pass"", ""uuid_collisions"": 0, ""deterministic_duplicates"": 0, ""data_quality_missing_dob_pct"": 0.00, ""data_quality_missing_name_pct"": 0.00}",planned,Sat Sep 12 2026 14:05:28 GMT+0700 (Indochina Time),Sat Sep 12 2026 14:05:29 GMT+0700 (Indochina Time)
dd0304e8-1048-41e2-9eff-ae7faf6bb4bf,dd0304e8-1048-41e2-9eff-ae7faf6bb4bf,2951c93c-8c2c-4b61-8f6f-ae597d39484b,CREATE_NEW_PARTY,"{""reason"": ""no_existing_party"", ""persons_total"": 848, ""r0_census_date"": ""2026-09-12"", ""collision_check"": ""pass"", ""uuid_collisions"": 0, ""deterministic_duplicates"": 0, ""data_quality_missing_dob_pct"": 0.00, ""data_quality_missing_name_pct"": 0.00}",planned,Sat Sep 12 2026 14:05:28 GMT+0700 (Indochina Time),Sat Sep 12 2026 14:05:29 GMT+0700 (Indochina Time)
b6c5f1b0-2847-46e3-92e8-974aa7c609c5,b6c5f1b0-2847-46e3-92e8-974aa7c609c5,2951c93c-8c2c-4b61-8f6f-ae597d39484b,CREATE_NEW_PARTY,"{""reason"": ""no_existing_party"", ""persons_total"": 848, ""r0_census_date"": ""2026-09-12"", ""collision_check"": ""pass"", ""uuid_collisions"": 0, ""deterministic_duplicates"": 0, ""data_quality_missing_dob_pct"": 0.00, ""data_quality_missing_name_pct"": 0.00}",planned,Sat Sep 12 2026 14:05:28 GMT+0700 (Indochina Time),Sat Sep 12 2026 14:05:29 GMT+0700 (Indochina Time)
18154f16-6502-4d7f-94c2-785c1a700630,18154f16-6502-4d7f-94c2-785c1a700630,2951c93c-8c2c-4b61-8f6f-ae597d39484b,CREATE_NEW_PARTY,"{""reason"": ""no_existing_party"", ""persons_total"": 848, ""r0_census_date"": ""2026-09-12"", ""collision_check"": ""pass"", ""uuid_collisions"": 0, ""deterministic_duplicates"": 0, ""data_quality_missing_dob_pct"": 0.00, ""data_quality_missing_name_pct"": 0.00}",planned,Sat Sep 12 2026 14:05:28 GMT+0700 (Indochina Time),Sat Sep 12 2026 14:05:29 GMT+0700 (Indochina Time)
31df25ca-5513-442b-a7e9-07ad730d1672,31df25ca-5513-442b-a7e9-07ad730d1672,41c73ccc-9f19-423c-a33a-3381681a03d1,CREATE_NEW_PARTY,"{""reason"": ""no_existing_party"", ""persons_total"": 848, ""r0_census_date"": ""2026-09-12"", ""collision_check"": ""pass"", ""uuid_collisions"": 0, ""deterministic_duplicates"": 0, ""data_quality_missing_dob_pct"": 0.00, ""data_quality_missing_name_pct"": 0.00}",planned,Sat Sep 12 2026 14:05:28 GMT+0700 (Indochina Time),Sat Sep 12 2026 14:05:29 GMT+0700 (Indochina Time)
6ed60f9d-d6d6-476e-9559-900eb7305098,6ed60f9d-d6d6-476e-9559-900eb7305098,41c73ccc-9f19-423c-a33a-3381681a03d1,CREATE_NEW_PARTY,"{""reason"": ""no_existing_party"", ""persons_total"": 848, ""r0_census_date"": ""2026-09-12"", ""collision_check"": ""pass"", ""uuid_collisions"": 0, ""deterministic_duplicates"": 0, ""data_quality_missing_dob_pct"": 0.00, ""data_quality_missing_name_pct"": 0.00}",planned,Sat Sep 12 2026 14:05:28 GMT+0700 (Indochina Time),Sat Sep 12 2026 14:05:29 GMT+0700 (Indochina Time)
d1a3e447-83c4-4e95-8297-f30c516bbf21,d1a3e447-83c4-4e95-8297-f30c516bbf21,41c73ccc-9f19-423c-a33a-3381681a03d1,CREATE_NEW_PARTY,"{""reason"": ""no_existing_party"", ""persons_total"": 848, ""r0_census_date"": ""2026-09-12"", ""collision_check"": ""pass"", ""uuid_collisions"": 0, ""deterministic_duplicates"": 0, ""data_quality_missing_dob_pct"": 0.00, ""data_quality_missing_name_pct"": 0.00}",planned,Sat Sep 12 2026 14:05:28 GMT+0700 (Indochina Time),Sat Sep 12 2026 14:05:29 GMT+0700 (Indochina Time)
1a94479e-2f1c-4d93-acf4-86fb606c5b5f,1a94479e-2f1c-4d93-acf4-86fb606c5b5f,4f70d1a3-5960-42e7-9232-75ac99eec3fb,CREATE_NEW_PARTY,"{""reason"": ""no_existing_party"", ""persons_total"": 848, ""r0_census_date"": ""2026-09-12"", ""collision_check"": ""pass"", ""uuid_collisions"": 0, ""deterministic_duplicates"": 0, ""data_quality_missing_dob_pct"": 0.00, ""data_quality_missing_name_pct"": 0.00}",planned,Sat Sep 12 2026 14:05:28 GMT+0700 (Indochina Time),Sat Sep 12 2026 14:05:29 GMT+0700 (Indochina Time)
b02ed900-6eca-4b59-b231-d2b43fb124b3,b02ed900-6eca-4b59-b231-d2b43fb124b3,4f70d1a3-5960-42e7-9232-75ac99eec3fb,CREATE_NEW_PARTY,"{""reason"": ""no_existing_party"", ""persons_total"": 848, ""r0_census_date"": ""2026-09-12"", ""collision_check"": ""pass"", ""uuid_collisions"": 0, ""deterministic_duplicates"": 0, ""data_quality_missing_dob_pct"": 0.00, ""data_quality_missing_name_pct"": 0.00}",planned,Sat Sep 12 2026 14:05:28 GMT+0700 (Indochina Time),Sat Sep 12 2026 14:05:29 GMT+0700 (Indochina Time)
92b39682-e195-4c62-9558-8dd049c4f5c8,92b39682-e195-4c62-9558-8dd049c4f5c8,4f70d1a3-5960-42e7-9232-75ac99eec3fb,CREATE_NEW_PARTY,"{""reason"": ""no_existing_party"", ""persons_total"": 848, ""r0_census_date"": ""2026-09-12"", ""collision_check"": ""pass"", ""uuid_collisions"": 0, ""deterministic_duplicates"": 0, ""data_quality_missing_dob_pct"": 0.00, ""data_quality_missing_name_pct"": 0.00}",planned,Sat Sep 12 2026 14:05:28 GMT+0700 (Indochina Time),Sat Sep 12 2026 14:05:29 GMT+0700 (Indochina Time)
ef316ae4-9d2a-4d5f-b56a-941663b07f30,ef316ae4-9d2a-4d5f-b56a-941663b07f30,430b1638-2e33-4ec7-bd5c-354a44e514ae,CREATE_NEW_PARTY,"{""reason"": ""no_existing_party"", ""persons_total"": 848, ""r0_census_date"": ""2026-09-12"", ""collision_check"": ""pass"", ""uuid_collisions"": 0, ""deterministic_duplicates"": 0, ""data_quality_missing_dob_pct"": 0.00, ""data_quality_missing_name_pct"": 0.00}",planned,Sat Sep 12 2026 14:05:28 GMT+0700 (Indochina Time),Sat Sep 12 2026 14:05:29 GMT+0700 (Indochina Time)
60edfa8f-6c66-46d5-b886-5b5b39e882fd,60edfa8f-6c66-46d5-b886-5b5b39e882fd,430b1638-2e33-4ec7-bd5c-354a44e514ae,CREATE_NEW_PARTY,"{""reason"": ""no_existing_party"", ""persons_total"": 848, ""r0_census_date"": ""2026-09-12"", ""collision_check"": ""pass"", ""uuid_collisions"": 0, ""deterministic_duplicates"": 0, ""data_quality_missing_dob_pct"": 0.00, ""data_quality_missing_name_pct"": 0.00}",planned,Sat Sep 12 2026 14:05:28 GMT+0700 (Indochina Time),Sat Sep 12 2026 14:05:29 GMT+0700 (Indochina Time)
13102ba3-dece-43f8-b611-d63ee83da8fd,13102ba3-dece-43f8-b611-d63ee83da8fd,430b1638-2e33-4ec7-bd5c-354a44e514ae,CREATE_NEW_PARTY,"{""reason"": ""no_existing_party"", ""persons_total"": 848, ""r0_census_date"": ""2026-09-12"", ""collision_check"": ""pass"", ""uuid_collisions"": 0, ""deterministic_duplicates"": 0, ""data_quality_missing_dob_pct"": 0.00, ""data_quality_missing_name_pct"": 0.00}",planned,Sat Sep 12 2026 14:05:28 GMT+0700 (Indochina Time),Sat Sep 12 2026 14:05:29 GMT+0700 (Indochina Time)
73fb5a5c-109d-4d1d-9ad7-0ae35cfb5889,73fb5a5c-109d-4d1d-9ad7-0ae35cfb5889,839e7368-7835-4e17-8b1c-6fc7c74a95c5,CREATE_NEW_PARTY,"{""reason"": ""no_existing_party"", ""persons_total"": 848, ""r0_census_date"": ""2026-09-12"", ""collision_check"": ""pass"", ""uuid_collisions"": 0, ""deterministic_duplicates"": 0, ""data_quality_missing_dob_pct"": 0.00, ""data_quality_missing_name_pct"": 0.00}",planned,Sat Sep 12 2026 14:05:28 GMT+0700 (Indochina Time),Sat Sep 12 2026 14:05:29 GMT+0700 (Indochina Time)
433ccf19-3e5c-4877-abc6-5035266887f3,433ccf19-3e5c-4877-abc6-5035266887f3,839e7368-7835-4e17-8b1c-6fc7c74a95c5,CREATE_NEW_PARTY,"{""reason"": ""no_existing_party"", ""persons_total"": 848, ""r0_census_date"": ""2026-09-12"", ""collision_check"": ""pass"", ""uuid_collisions"": 0, ""deterministic_duplicates"": 0, ""data_quality_missing_dob_pct"": 0.00, ""data_quality_missing_name_pct"": 0.00}",planned,Sat Sep 12 2026 14:05:28 GMT+0700 (Indochina Time),Sat Sep 12 2026 14:05:29 GMT+0700 (Indochina Time)
1150fde8-5999-48ab-b926-dc7763f74f28,1150fde8-5999-48ab-b926-dc7763f74f28,7e7f6267-2930-403c-94d2-0efbcc6f606e,CREATE_NEW_PARTY,"{""reason"": ""no_existing_party"", ""persons_total"": 848, ""r0_census_date"": ""2026-09-12"", ""collision_check"": ""pass"", ""uuid_collisions"": 0, ""deterministic_duplicates"": 0, ""data_quality_missing_dob_pct"": 0.00, ""data_quality_missing_name_pct"": 0.00}",planned,Sat Sep 12 2026 14:05:28 GMT+0700 (Indochina Time),Sat Sep 12 2026 14:05:29 GMT+0700 (Indochina Time)
f8b89a93-472f-4c73-8f1e-75b0d55d4999,f8b89a93-472f-4c73-8f1e-75b0d55d4999,e40a799d-5237-4f43-8cd7-268dd79ad3d3,CREATE_NEW_PARTY,"{""reason"": ""no_existing_party"", ""persons_total"": 848, ""r0_census_date"": ""2026-09-12"", ""collision_check"": ""pass"", ""uuid_collisions"": 0, ""deterministic_duplicates"": 0, ""data_quality_missing_dob_pct"": 0.00, ""data_quality_missing_name_pct"": 0.00}",planned,Sat Sep 12 2026 14:05:28 GMT+0700 (Indochina Time),Sat Sep 12 2026 14:05:29 GMT+0700 (Indochina Time)
9f67995f-22a7-439e-8189-1ab25a1f42f4,9f67995f-22a7-439e-8189-1ab25a1f42f4,31052dda-b31d-479a-8e0a-d81bf36ee56a,CREATE_NEW_PARTY,"{""reason"": ""no_existing_party"", ""persons_total"": 848, ""r0_census_date"": ""2026-09-12"", ""collision_check"": ""pass"", ""uuid_collisions"": 0, ""deterministic_duplicates"": 0, ""data_quality_missing_dob_pct"": 0.00, ""data_quality_missing_name_pct"": 0.00}",planned,Sat Sep 12 2026 14:05:28 GMT+0700 (Indochina Time),Sat Sep 12 2026 14:05:29 GMT+0700 (Indochina Time)
0f5eb95c-dd0d-47f7-8ad0-7c67af92e724,0f5eb95c-dd0d-47f7-8ad0-7c67af92e724,794de08c-d4dc-41ca-b433-d19c2d65ab11,CREATE_NEW_PARTY,"{""reason"": ""no_existing_party"", ""persons_total"": 848, ""r0_census_date"": ""2026-09-12"", ""collision_check"": ""pass"", ""uuid_collisions"": 0, ""deterministic_duplicates"": 0, ""data_quality_missing_dob_pct"": 0.00, ""data_quality_missing_name_pct"": 0.00}",planned,Sat Sep 12 2026 14:05:28 GMT+0700 (Indochina Time),Sat Sep 12 2026 14:05:29 GMT+0700 (Indochina Time)
93172941-8f89-447d-aab6-20167044eb53,93172941-8f89-447d-aab6-20167044eb53,31052dda-b31d-479a-8e0a-d81bf36ee56a,CREATE_NEW_PARTY,"{""reason"": ""no_existing_party"", ""persons_total"": 848, ""r0_census_date"": ""2026-09-12"", ""collision_check"": ""pass"", ""uuid_collisions"": 0, ""deterministic_duplicates"": 0, ""data_quality_missing_dob_pct"": 0.00, ""data_quality_missing_name_pct"": 0.00}",planned,Sat Sep 12 2026 14:05:28 GMT+0700 (Indochina Time),Sat Sep 12 2026 14:05:29 GMT+0700 (Indochina Time)
bbdb6087-b6fa-4705-b44d-26447fbe70a4,bbdb6087-b6fa-4705-b44d-26447fbe70a4,794de08c-d4dc-41ca-b433-d19c2d65ab11,CREATE_NEW_PARTY,"{""reason"": ""no_existing_party"", ""persons_total"": 848, ""r0_census_date"": ""2026-09-12"", ""collision_check"": ""pass"", ""uuid_collisions"": 0, ""deterministic_duplicates"": 0, ""data_quality_missing_dob_pct"": 0.00, ""data_quality_missing_name_pct"": 0.00}",planned,Sat Sep 12 2026 14:05:28 GMT+0700 (Indochina Time),Sat Sep 12 2026 14:05:29 GMT+0700 (Indochina Time)
e0ef7337-25c8-4bfb-ab24-2eb6bf01c328,e0ef7337-25c8-4bfb-ab24-2eb6bf01c328,794de08c-d4dc-41ca-b433-d19c2d65ab11,CREATE_NEW_PARTY,"{""reason"": ""no_existing_party"", ""persons_total"": 848, ""r0_census_date"": ""2026-09-12"", ""collision_check"": ""pass"", ""uuid_collisions"": 0, ""deterministic_duplicates"": 0, ""data_quality_missing_dob_pct"": 0.00, ""data_quality_missing_name_pct"": 0.00}",planned,Sat Sep 12 2026 14:05:28 GMT+0700 (Indochina Time),Sat Sep 12 2026 14:05:29 GMT+0700 (Indochina Time)
10947b0e-7845-406f-b33c-21d6f9aacb3c,10947b0e-7845-406f-b33c-21d6f9aacb3c,7b72c39a-cfff-4d2c-8541-139014922733,CREATE_NEW_PARTY,"{""reason"": ""no_existing_party"", ""persons_total"": 848, ""r0_census_date"": ""2026-09-12"", ""collision_check"": ""pass"", ""uuid_collisions"": 0, ""deterministic_duplicates"": 0, ""data_quality_missing_dob_pct"": 0.00, ""data_quality_missing_name_pct"": 0.00}",planned,Sat Sep 12 2026 14:05:28 GMT+0700 (Indochina Time),Sat Sep 12 2026 14:05:29 GMT+0700 (Indochina Time)
998e509f-8c85-4b4e-9ee8-8a9c721cb14c,998e509f-8c85-4b4e-9ee8-8a9c721cb14c,7b72c39a-cfff-4d2c-8541-139014922733,CREATE_NEW_PARTY,"{""reason"": ""no_existing_party"", ""persons_total"": 848, ""r0_census_date"": ""2026-09-12"", ""collision_check"": ""pass"", ""uuid_collisions"": 0, ""deterministic_duplicates"": 0, ""data_quality_missing_dob_pct"": 0.00, ""data_quality_missing_name_pct"": 0.00}",planned,Sat Sep 12 2026 14:05:28 GMT+0700 (Indochina Time),Sat Sep 12 2026 14:05:29 GMT+0700 (Indochina Time)
9a81addf-f4d3-4413-b44a-004f6c72e0ce,9a81addf-f4d3-4413-b44a-004f6c72e0ce,7b72c39a-cfff-4d2c-8541-139014922733,CREATE_NEW_PARTY,"{""reason"": ""no_existing_party"", ""persons_total"": 848, ""r0_census_date"": ""2026-09-12"", ""collision_check"": ""pass"", ""uuid_collisions"": 0, ""deterministic_duplicates"": 0, ""data_quality_missing_dob_pct"": 0.00, ""data_quality_missing_name_pct"": 0.00}",planned,Sat Sep 12 2026 14:05:28 GMT+0700 (Indochina Time),Sat Sep 12 2026 14:05:29 GMT+0700 (Indochina Time)
e97bc918-4cbc-4ce6-b5a1-0b3db6baa4b7,e97bc918-4cbc-4ce6-b5a1-0b3db6baa4b7,0d3edc1f-75d6-429f-a60a-152b1b293fbe,CREATE_NEW_PARTY,"{""reason"": ""no_existing_party"", ""persons_total"": 848, ""r0_census_date"": ""2026-09-12"", ""collision_check"": ""pass"", ""uuid_collisions"": 0, ""deterministic_duplicates"": 0, ""data_quality_missing_dob_pct"": 0.00, ""data_quality_missing_name_pct"": 0.00}",planned,Sat Sep 12 2026 14:05:28 GMT+0700 (Indochina Time),Sat Sep 12 2026 14:05:29 GMT+0700 (Indochina Time)
8cf3fc2d-80a3-401d-8478-a58885799c03,8cf3fc2d-80a3-401d-8478-a58885799c03,1bb3de13-0b39-4ab5-8bda-dddc7470f335,CREATE_NEW_PARTY,"{""reason"": ""no_existing_party"", ""persons_total"": 848, ""r0_census_date"": ""2026-09-12"", ""collision_check"": ""pass"", ""uuid_collisions"": 0, ""deterministic_duplicates"": 0, ""data_quality_missing_dob_pct"": 0.00, ""data_quality_missing_name_pct"": 0.00}",planned,Sat Sep 12 2026 14:05:28 GMT+0700 (Indochina Time),Sat Sep 12 2026 14:05:29 GMT+0700 (Indochina Time)
4feb3497-e39e-4d38-8d89-604579b44991,4feb3497-e39e-4d38-8d89-604579b44991,1bb3de13-0b39-4ab5-8bda-dddc7470f335,CREATE_NEW_PARTY,"{""reason"": ""no_existing_party"", ""persons_total"": 848, ""r0_census_date"": ""2026-09-12"", ""collision_check"": ""pass"", ""uuid_collisions"": 0, ""deterministic_duplicates"": 0, ""data_quality_missing_dob_pct"": 0.00, ""data_quality_missing_name_pct"": 0.00}",planned,Sat Sep 12 2026 14:05:28 GMT+0700 (Indochina Time),Sat Sep 12 2026 14:05:29 GMT+0700 (Indochina Time)
8cf18651-acbf-42d1-8d9b-5bc5a0ae7494,8cf18651-acbf-42d1-8d9b-5bc5a0ae7494,1bb3de13-0b39-4ab5-8bda-dddc7470f335,CREATE_NEW_PARTY,"{""reason"": ""no_existing_party"", ""persons_total"": 848, ""r0_census_date"": ""2026-09-12"", ""collision_check"": ""pass"", ""uuid_collisions"": 0, ""deterministic_duplicates"": 0, ""data_quality_missing_dob_pct"": 0.00, ""data_quality_missing_name_pct"": 0.00}",planned,Sat Sep 12 2026 14:05:28 GMT+0700 (Indochina Time),Sat Sep 12 2026 14:05:29 GMT+0700 (Indochina Time)
fa48e95b-07d5-451b-8ce1-a9db9f72d471,fa48e95b-07d5-451b-8ce1-a9db9f72d471,2c91ab96-915f-408b-b013-3aac12877548,CREATE_NEW_PARTY,"{""reason"": ""no_existing_party"", ""persons_total"": 848, ""r0_census_date"": ""2026-09-12"", ""collision_check"": ""pass"", ""uuid_collisions"": 0, ""deterministic_duplicates"": 0, ""data_quality_missing_dob_pct"": 0.00, ""data_quality_missing_name_pct"": 0.00}",planned,Sat Sep 12 2026 14:05:28 GMT+0700 (Indochina Time),Sat Sep 12 2026 14:05:29 GMT+0700 (Indochina Time)
df419d25-940d-44e0-bb8b-31f590c6b626,df419d25-940d-44e0-bb8b-31f590c6b626,afa53174-c684-4f7a-ad39-0299731588c3,CREATE_NEW_PARTY,"{""reason"": ""no_existing_party"", ""persons_total"": 848, ""r0_census_date"": ""2026-09-12"", ""collision_check"": ""pass"", ""uuid_collisions"": 0, ""deterministic_duplicates"": 0, ""data_quality_missing_dob_pct"": 0.00, ""data_quality_missing_name_pct"": 0.00}",planned,Sat Sep 12 2026 14:05:28 GMT+0700 (Indochina Time),Sat Sep 12 2026 14:05:29 GMT+0700 (Indochina Time)
78603845-8609-4dc4-9f7f-14e69c08d6ca,78603845-8609-4dc4-9f7f-14e69c08d6ca,afa53174-c684-4f7a-ad39-0299731588c3,CREATE_NEW_PARTY,"{""reason"": ""no_existing_party"", ""persons_total"": 848, ""r0_census_date"": ""2026-09-12"", ""collision_check"": ""pass"", ""uuid_collisions"": 0, ""deterministic_duplicates"": 0, ""data_quality_missing_dob_pct"": 0.00, ""data_quality_missing_name_pct"": 0.00}",planned,Sat Sep 12 2026 14:05:28 GMT+0700 (Indochina Time),Sat Sep 12 2026 14:05:29 GMT+0700 (Indochina Time)
be806387-9ffd-4ae4-8477-940876fc015a,be806387-9ffd-4ae4-8477-940876fc015a,afa53174-c684-4f7a-ad39-0299731588c3,CREATE_NEW_PARTY,"{""reason"": ""no_existing_party"", ""persons_total"": 848, ""r0_census_date"": ""2026-09-12"", ""collision_check"": ""pass"", ""uuid_collisions"": 0, ""deterministic_duplicates"": 0, ""data_quality_missing_dob_pct"": 0.00, ""data_quality_missing_name_pct"": 0.00}",planned,Sat Sep 12 2026 14:05:28 GMT+0700 (Indochina Time),Sat Sep 12 2026 14:05:29 GMT+0700 (Indochina Time)
1f358c1b-5593-40c7-9591-1b9e88353c3f,1f358c1b-5593-40c7-9591-1b9e88353c3f,58ca05d2-2b21-4054-8b15-d1295215f5d8,CREATE_NEW_PARTY,"{""reason"": ""no_existing_party"", ""persons_total"": 848, ""r0_census_date"": ""2026-09-12"", ""collision_check"": ""pass"", ""uuid_collisions"": 0, ""deterministic_duplicates"": 0, ""data_quality_missing_dob_pct"": 0.00, ""data_quality_missing_name_pct"": 0.00}",planned,Sat Sep 12 2026 14:05:28 GMT+0700 (Indochina Time),Sat Sep 12 2026 14:05:29 GMT+0700 (Indochina Time)
a599bc81-93a0-4587-af88-eb8eba01c8cd,a599bc81-93a0-4587-af88-eb8eba01c8cd,55301c59-296d-440b-bad8-aeab6535cfd8,CREATE_NEW_PARTY,"{""reason"": ""no_existing_party"", ""persons_total"": 848, ""r0_census_date"": ""2026-09-12"", ""collision_check"": ""pass"", ""uuid_collisions"": 0, ""deterministic_duplicates"": 0, ""data_quality_missing_dob_pct"": 0.00, ""data_quality_missing_name_pct"": 0.00}",planned,Sat Sep 12 2026 14:05:28 GMT+0700 (Indochina Time),Sat Sep 12 2026 14:05:29 GMT+0700 (Indochina Time)
a92b4cfc-137d-40a7-be53-b26bc76a5b3e,a92b4cfc-137d-40a7-be53-b26bc76a5b3e,8cb98d8b-cc60-4809-a5e2-d7203443459c,CREATE_NEW_PARTY,"{""reason"": ""no_existing_party"", ""persons_total"": 848, ""r0_census_date"": ""2026-09-12"", ""collision_check"": ""pass"", ""uuid_collisions"": 0, ""deterministic_duplicates"": 0, ""data_quality_missing_dob_pct"": 0.00, ""data_quality_missing_name_pct"": 0.00}",planned,Sat Sep 12 2026 14:05:28 GMT+0700 (Indochina Time),Sat Sep 12 2026 14:05:29 GMT+0700 (Indochina Time)
c46a94a7-ad1b-4c07-9916-9b8fc8475dfe,c46a94a7-ad1b-4c07-9916-9b8fc8475dfe,58ca05d2-2b21-4054-8b15-d1295215f5d8,CREATE_NEW_PARTY,"{""reason"": ""no_existing_party"", ""persons_total"": 848, ""r0_census_date"": ""2026-09-12"", ""collision_check"": ""pass"", ""uuid_collisions"": 0, ""deterministic_duplicates"": 0, ""data_quality_missing_dob_pct"": 0.00, ""data_quality_missing_name_pct"": 0.00}",planned,Sat Sep 12 2026 14:05:28 GMT+0700 (Indochina Time),Sat Sep 12 2026 14:05:29 GMT+0700 (Indochina Time)
367c5e3b-ff4a-45a6-bcf2-6237f809a5d9,367c5e3b-ff4a-45a6-bcf2-6237f809a5d9,8cb98d8b-cc60-4809-a5e2-d7203443459c,CREATE_NEW_PARTY,"{""reason"": ""no_existing_party"", ""persons_total"": 848, ""r0_census_date"": ""2026-09-12"", ""collision_check"": ""pass"", ""uuid_collisions"": 0, ""deterministic_duplicates"": 0, ""data_quality_missing_dob_pct"": 0.00, ""data_quality_missing_name_pct"": 0.00}",planned,Sat Sep 12 2026 14:05:28 GMT+0700 (Indochina Time),Sat Sep 12 2026 14:05:29 GMT+0700 (Indochina Time)
c1a2f1e1-62f1-4d3c-9609-e484f0e314d9,c1a2f1e1-62f1-4d3c-9609-e484f0e314d9,58ca05d2-2b21-4054-8b15-d1295215f5d8,CREATE_NEW_PARTY,"{""reason"": ""no_existing_party"", ""persons_total"": 848, ""r0_census_date"": ""2026-09-12"", ""collision_check"": ""pass"", ""uuid_collisions"": 0, ""deterministic_duplicates"": 0, ""data_quality_missing_dob_pct"": 0.00, ""data_quality_missing_name_pct"": 0.00}",planned,Sat Sep 12 2026 14:05:28 GMT+0700 (Indochina Time),Sat Sep 12 2026 14:05:29 GMT+0700 (Indochina Time)
e446a986-e6a6-41eb-aba1-f423a72074b5,e446a986-e6a6-41eb-aba1-f423a72074b5,68c83c6b-3c4b-4a14-af02-38cbc6e98350,CREATE_NEW_PARTY,"{""reason"": ""no_existing_party"", ""persons_total"": 848, ""r0_census_date"": ""2026-09-12"", ""collision_check"": ""pass"", ""uuid_collisions"": 0, ""deterministic_duplicates"": 0, ""data_quality_missing_dob_pct"": 0.00, ""data_quality_missing_name_pct"": 0.00}",planned,Sat Sep 12 2026 14:05:28 GMT+0700 (Indochina Time),Sat Sep 12 2026 14:05:29 GMT+0700 (Indochina Time)
fd1ab519-1a9c-4e3d-a0f0-0ec8b5623456,fd1ab519-1a9c-4e3d-a0f0-0ec8b5623456,8cb98d8b-cc60-4809-a5e2-d7203443459c,CREATE_NEW_PARTY,"{""reason"": ""no_existing_party"", ""persons_total"": 848, ""r0_census_date"": ""2026-09-12"", ""collision_check"": ""pass"", ""uuid_collisions"": 0, ""deterministic_duplicates"": 0, ""data_quality_missing_dob_pct"": 0.00, ""data_quality_missing_name_pct"": 0.00}",planned,Sat Sep 12 2026 14:05:28 GMT+0700 (Indochina Time),Sat Sep 12 2026 14:05:29 GMT+0700 (Indochina Time)
ddc35c9e-291f-46a8-8457-3d63142b28b9,ddc35c9e-291f-46a8-8457-3d63142b28b9,9181d1b4-93b2-414e-9680-dc9666274590,CREATE_NEW_PARTY,"{""reason"": ""no_existing_party"", ""persons_total"": 848, ""r0_census_date"": ""2026-09-12"", ""collision_check"": ""pass"", ""uuid_collisions"": 0, ""deterministic_duplicates"": 0, ""data_quality_missing_dob_pct"": 0.00, ""data_quality_missing_name_pct"": 0.00}",planned,Sat Sep 12 2026 14:05:28 GMT+0700 (Indochina Time),Sat Sep 12 2026 14:05:29 GMT+0700 (Indochina Time)
50d8d1a2-208f-43fe-b854-c63ff0a12a88,50d8d1a2-208f-43fe-b854-c63ff0a12a88,9181d1b4-93b2-414e-9680-dc9666274590,CREATE_NEW_PARTY,"{""reason"": ""no_existing_party"", ""persons_total"": 848, ""r0_census_date"": ""2026-09-12"", ""collision_check"": ""pass"", ""uuid_collisions"": 0, ""deterministic_duplicates"": 0, ""data_quality_missing_dob_pct"": 0.00, ""data_quality_missing_name_pct"": 0.00}",planned,Sat Sep 12 2026 14:05:28 GMT+0700 (Indochina Time),Sat Sep 12 2026 14:05:29 GMT+0700 (Indochina Time)
33d2ca6e-173c-4f2f-986e-7bb492bb3487,33d2ca6e-173c-4f2f-986e-7bb492bb3487,cf318246-7450-41c7-afd9-0d421f62cbe6,CREATE_NEW_PARTY,"{""reason"": ""no_existing_party"", ""persons_total"": 848, ""r0_census_date"": ""2026-09-12"", ""collision_check"": ""pass"", ""uuid_collisions"": 0, ""deterministic_duplicates"": 0, ""data_quality_missing_dob_pct"": 0.00, ""data_quality_missing_name_pct"": 0.00}",planned,Sat Sep 12 2026 14:05:28 GMT+0700 (Indochina Time),Sat Sep 12 2026 14:05:29 GMT+0700 (Indochina Time)
16111c22-539d-4a21-bfc7-45867522854a,16111c22-539d-4a21-bfc7-45867522854a,cf318246-7450-41c7-afd9-0d421f62cbe6,CREATE_NEW_PARTY,"{""reason"": ""no_existing_party"", ""persons_total"": 848, ""r0_census_date"": ""2026-09-12"", ""collision_check"": ""pass"", ""uuid_collisions"": 0, ""deterministic_duplicates"": 0, ""data_quality_missing_dob_pct"": 0.00, ""data_quality_missing_name_pct"": 0.00}",planned,Sat Sep 12 2026 14:05:28 GMT+0700 (Indochina Time),Sat Sep 12 2026 14:05:29 GMT+0700 (Indochina Time)
91b5997f-b2a8-4e01-bb1a-0276fa69c6a5,91b5997f-b2a8-4e01-bb1a-0276fa69c6a5,cf318246-7450-41c7-afd9-0d421f62cbe6,CREATE_NEW_PARTY,"{""reason"": ""no_existing_party"", ""persons_total"": 848, ""r0_census_date"": ""2026-09-12"", ""collision_check"": ""pass"", ""uuid_collisions"": 0, ""deterministic_duplicates"": 0, ""data_quality_missing_dob_pct"": 0.00, ""data_quality_missing_name_pct"": 0.00}",planned,Sat Sep 12 2026 14:05:28 GMT+0700 (Indochina Time),Sat Sep 12 2026 14:05:29 GMT+0700 (Indochina Time)
543d572a-feae-43d9-9fd8-7a8a8f9c0edc,543d572a-feae-43d9-9fd8-7a8a8f9c0edc,94a52b3b-aa1f-4104-9706-11c4840be30b,CREATE_NEW_PARTY,"{""reason"": ""no_existing_party"", ""persons_total"": 848, ""r0_census_date"": ""2026-09-12"", ""collision_check"": ""pass"", ""uuid_collisions"": 0, ""deterministic_duplicates"": 0, ""data_quality_missing_dob_pct"": 0.00, ""data_quality_missing_name_pct"": 0.00}",planned,Sat Sep 12 2026 14:05:28 GMT+0700 (Indochina Time),Sat Sep 12 2026 14:05:29 GMT+0700 (Indochina Time)
86a3fe51-eec9-4bbb-8b46-c15aa18f3e51,86a3fe51-eec9-4bbb-8b46-c15aa18f3e51,94a52b3b-aa1f-4104-9706-11c4840be30b,CREATE_NEW_PARTY,"{""reason"": ""no_existing_party"", ""persons_total"": 848, ""r0_census_date"": ""2026-09-12"", ""collision_check"": ""pass"", ""uuid_collisions"": 0, ""deterministic_duplicates"": 0, ""data_quality_missing_dob_pct"": 0.00, ""data_quality_missing_name_pct"": 0.00}",planned,Sat Sep 12 2026 14:05:28 GMT+0700 (Indochina Time),Sat Sep 12 2026 14:05:29 GMT+0700 (Indochina Time)
63cc3d24-b821-4e0b-b113-5c3f4064464a,63cc3d24-b821-4e0b-b113-5c3f4064464a,94a52b3b-aa1f-4104-9706-11c4840be30b,CREATE_NEW_PARTY,"{""reason"": ""no_existing_party"", ""persons_total"": 848, ""r0_census_date"": ""2026-09-12"", ""collision_check"": ""pass"", ""uuid_collisions"": 0, ""deterministic_duplicates"": 0, ""data_quality_missing_dob_pct"": 0.00, ""data_quality_missing_name_pct"": 0.00}",planned,Sat Sep 12 2026 14:05:28 GMT+0700 (Indochina Time),Sat Sep 12 2026 14:05:29 GMT+0700 (Indochina Time)
08ce7387-8bbe-418a-a1de-862697844e04,08ce7387-8bbe-418a-a1de-862697844e04,807c545d-cc40-4fb3-a9d6-e4204a1249f3,CREATE_NEW_PARTY,"{""reason"": ""no_existing_party"", ""persons_total"": 848, ""r0_census_date"": ""2026-09-12"", ""collision_check"": ""pass"", ""uuid_collisions"": 0, ""deterministic_duplicates"": 0, ""data_quality_missing_dob_pct"": 0.00, ""data_quality_missing_name_pct"": 0.00}",planned,Sat Sep 12 2026 14:05:28 GMT+0700 (Indochina Time),Sat Sep 12 2026 14:05:29 GMT+0700 (Indochina Time)
7182f4da-eddc-4f9f-b8d8-484ae045c700,7182f4da-eddc-4f9f-b8d8-484ae045c700,807c545d-cc40-4fb3-a9d6-e4204a1249f3,CREATE_NEW_PARTY,"{""reason"": ""no_existing_party"", ""persons_total"": 848, ""r0_census_date"": ""2026-09-12"", ""collision_check"": ""pass"", ""uuid_collisions"": 0, ""deterministic_duplicates"": 0, ""data_quality_missing_dob_pct"": 0.00, ""data_quality_missing_name_pct"": 0.00}",planned,Sat Sep 12 2026 14:05:28 GMT+0700 (Indochina Time),Sat Sep 12 2026 14:05:29 GMT+0700 (Indochina Time)
b4f5f329-32d5-4511-b552-7efda7692435,b4f5f329-32d5-4511-b552-7efda7692435,807c545d-cc40-4fb3-a9d6-e4204a1249f3,CREATE_NEW_PARTY,"{""reason"": ""no_existing_party"", ""persons_total"": 848, ""r0_census_date"": ""2026-09-12"", ""collision_check"": ""pass"", ""uuid_collisions"": 0, ""deterministic_duplicates"": 0, ""data_quality_missing_dob_pct"": 0.00, ""data_quality_missing_name_pct"": 0.00}",planned,Sat Sep 12 2026 14:05:28 GMT+0700 (Indochina Time),Sat Sep 12 2026 14:05:29 GMT+0700 (Indochina Time)
092bf0d0-a147-4fd3-9610-f37d5f34a76a,092bf0d0-a147-4fd3-9610-f37d5f34a76a,2d8ca3c9-742e-4067-ab8b-868c222a9bce,CREATE_NEW_PARTY,"{""reason"": ""no_existing_party"", ""persons_total"": 848, ""r0_census_date"": ""2026-09-12"", ""collision_check"": ""pass"", ""uuid_collisions"": 0, ""deterministic_duplicates"": 0, ""data_quality_missing_dob_pct"": 0.00, ""data_quality_missing_name_pct"": 0.00}",planned,Sat Sep 12 2026 14:05:28 GMT+0700 (Indochina Time),Sat Sep 12 2026 14:05:29 GMT+0700 (Indochina Time)
bf9d0ef7-f02f-4cc2-85b2-1853603d1bef,bf9d0ef7-f02f-4cc2-85b2-1853603d1bef,2d8ca3c9-742e-4067-ab8b-868c222a9bce,CREATE_NEW_PARTY,"{""reason"": ""no_existing_party"", ""persons_total"": 848, ""r0_census_date"": ""2026-09-12"", ""collision_check"": ""pass"", ""uuid_collisions"": 0, ""deterministic_duplicates"": 0, ""data_quality_missing_dob_pct"": 0.00, ""data_quality_missing_name_pct"": 0.00}",planned,Sat Sep 12 2026 14:05:28 GMT+0700 (Indochina Time),Sat Sep 12 2026 14:05:29 GMT+0700 (Indochina Time)
901a7047-76af-4172-9567-76c69629e72d,901a7047-76af-4172-9567-76c69629e72d,2d8ca3c9-742e-4067-ab8b-868c222a9bce,CREATE_NEW_PARTY,"{""reason"": ""no_existing_party"", ""persons_total"": 848, ""r0_census_date"": ""2026-09-12"", ""collision_check"": ""pass"", ""uuid_collisions"": 0, ""deterministic_duplicates"": 0, ""data_quality_missing_dob_pct"": 0.00, ""data_quality_missing_name_pct"": 0.00}",planned,Sat Sep 12 2026 14:05:28 GMT+0700 (Indochina Time),Sat Sep 12 2026 14:05:29 GMT+0700 (Indochina Time)
d0bc345a-cf97-48b8-8f0c-d5176c7a6cdd,d0bc345a-cf97-48b8-8f0c-d5176c7a6cdd,1d295500-2277-4f47-9b44-e0be5a96cf1b,CREATE_NEW_PARTY,"{""reason"": ""no_existing_party"", ""persons_total"": 848, ""r0_census_date"": ""2026-09-12"", ""collision_check"": ""pass"", ""uuid_collisions"": 0, ""deterministic_duplicates"": 0, ""data_quality_missing_dob_pct"": 0.00, ""data_quality_missing_name_pct"": 0.00}",planned,Sat Sep 12 2026 14:05:28 GMT+0700 (Indochina Time),Sat Sep 12 2026 14:05:29 GMT+0700 (Indochina Time)
79c8769c-8528-4e60-91d6-a621bd228744,79c8769c-8528-4e60-91d6-a621bd228744,1d295500-2277-4f47-9b44-e0be5a96cf1b,CREATE_NEW_PARTY,"{""reason"": ""no_existing_party"", ""persons_total"": 848, ""r0_census_date"": ""2026-09-12"", ""collision_check"": ""pass"", ""uuid_collisions"": 0, ""deterministic_duplicates"": 0, ""data_quality_missing_dob_pct"": 0.00, ""data_quality_missing_name_pct"": 0.00}",planned,Sat Sep 12 2026 14:05:28 GMT+0700 (Indochina Time),Sat Sep 12 2026 14:05:29 GMT+0700 (Indochina Time)
8cbadab7-15fd-4e24-86da-12216e8b94c8,8cbadab7-15fd-4e24-86da-12216e8b94c8,1d295500-2277-4f47-9b44-e0be5a96cf1b,CREATE_NEW_PARTY,"{""reason"": ""no_existing_party"", ""persons_total"": 848, ""r0_census_date"": ""2026-09-12"", ""collision_check"": ""pass"", ""uuid_collisions"": 0, ""deterministic_duplicates"": 0, ""data_quality_missing_dob_pct"": 0.00, ""data_quality_missing_name_pct"": 0.00}",planned,Sat Sep 12 2026 14:05:28 GMT+0700 (Indochina Time),Sat Sep 12 2026 14:05:29 GMT+0700 (Indochina Time)
6e3c0920-06ef-4d17-aaab-b93eab044093,6e3c0920-06ef-4d17-aaab-b93eab044093,5785a136-45ba-4b3d-9dae-8d44c8adff15,CREATE_NEW_PARTY,"{""reason"": ""no_existing_party"", ""persons_total"": 848, ""r0_census_date"": ""2026-09-12"", ""collision_check"": ""pass"", ""uuid_collisions"": 0, ""deterministic_duplicates"": 0, ""data_quality_missing_dob_pct"": 0.00, ""data_quality_missing_name_pct"": 0.00}",planned,Sat Sep 12 2026 14:05:28 GMT+0700 (Indochina Time),Sat Sep 12 2026 14:05:29 GMT+0700 (Indochina Time)
8024e9d6-26dc-4b6f-961e-782c84af3b53,8024e9d6-26dc-4b6f-961e-782c84af3b53,5785a136-45ba-4b3d-9dae-8d44c8adff15,CREATE_NEW_PARTY,"{""reason"": ""no_existing_party"", ""persons_total"": 848, ""r0_census_date"": ""2026-09-12"", ""collision_check"": ""pass"", ""uuid_collisions"": 0, ""deterministic_duplicates"": 0, ""data_quality_missing_dob_pct"": 0.00, ""data_quality_missing_name_pct"": 0.00}",planned,Sat Sep 12 2026 14:05:28 GMT+0700 (Indochina Time),Sat Sep 12 2026 14:05:29 GMT+0700 (Indochina Time)
0e574722-0053-4525-afea-c2f7c480f310,0e574722-0053-4525-afea-c2f7c480f310,5785a136-45ba-4b3d-9dae-8d44c8adff15,CREATE_NEW_PARTY,"{""reason"": ""no_existing_party"", ""persons_total"": 848, ""r0_census_date"": ""2026-09-12"", ""collision_check"": ""pass"", ""uuid_collisions"": 0, ""deterministic_duplicates"": 0, ""data_quality_missing_dob_pct"": 0.00, ""data_quality_missing_name_pct"": 0.00}",planned,Sat Sep 12 2026 14:05:28 GMT+0700 (Indochina Time),Sat Sep 12 2026 14:05:29 GMT+0700 (Indochina Time)
c8fcf009-0f6a-4c5a-8224-81755c562387,c8fcf009-0f6a-4c5a-8224-81755c562387,9be799c2-b9f9-4202-b125-febc3fa567f6,CREATE_NEW_PARTY,"{""reason"": ""no_existing_party"", ""persons_total"": 848, ""r0_census_date"": ""2026-09-12"", ""collision_check"": ""pass"", ""uuid_collisions"": 0, ""deterministic_duplicates"": 0, ""data_quality_missing_dob_pct"": 0.00, ""data_quality_missing_name_pct"": 0.00}",planned,Sat Sep 12 2026 14:05:28 GMT+0700 (Indochina Time),Sat Sep 12 2026 14:05:29 GMT+0700 (Indochina Time)
8dd8d499-beb2-4872-8b6f-2f20601feef2,8dd8d499-beb2-4872-8b6f-2f20601feef2,9be799c2-b9f9-4202-b125-febc3fa567f6,CREATE_NEW_PARTY,"{""reason"": ""no_existing_party"", ""persons_total"": 848, ""r0_census_date"": ""2026-09-12"", ""collision_check"": ""pass"", ""uuid_collisions"": 0, ""deterministic_duplicates"": 0, ""data_quality_missing_dob_pct"": 0.00, ""data_quality_missing_name_pct"": 0.00}",planned,Sat Sep 12 2026 14:05:28 GMT+0700 (Indochina Time),Sat Sep 12 2026 14:05:29 GMT+0700 (Indochina Time)
19a3d84b-4c01-404e-a493-d21b8bb846db,19a3d84b-4c01-404e-a493-d21b8bb846db,9be799c2-b9f9-4202-b125-febc3fa567f6,CREATE_NEW_PARTY,"{""reason"": ""no_existing_party"", ""persons_total"": 848, ""r0_census_date"": ""2026-09-12"", ""collision_check"": ""pass"", ""uuid_collisions"": 0, ""deterministic_duplicates"": 0, ""data_quality_missing_dob_pct"": 0.00, ""data_quality_missing_name_pct"": 0.00}",planned,Sat Sep 12 2026 14:05:28 GMT+0700 (Indochina Time),Sat Sep 12 2026 14:05:29 GMT+0700 (Indochina Time)
77ac68b6-d2cb-48a4-8530-c277ea39935b,77ac68b6-d2cb-48a4-8530-c277ea39935b,3666d8d5-e26e-470f-8cb6-c1aa4d63d799,CREATE_NEW_PARTY,"{""reason"": ""no_existing_party"", ""persons_total"": 848, ""r0_census_date"": ""2026-09-12"", ""collision_check"": ""pass"", ""uuid_collisions"": 0, ""deterministic_duplicates"": 0, ""data_quality_missing_dob_pct"": 0.00, ""data_quality_missing_name_pct"": 0.00}",planned,Sat Sep 12 2026 14:05:28 GMT+0700 (Indochina Time),Sat Sep 12 2026 14:05:29 GMT+0700 (Indochina Time)
0086c64b-4d86-4aa6-89a3-e0b03647ad7c,0086c64b-4d86-4aa6-89a3-e0b03647ad7c,3666d8d5-e26e-470f-8cb6-c1aa4d63d799,CREATE_NEW_PARTY,"{""reason"": ""no_existing_party"", ""persons_total"": 848, ""r0_census_date"": ""2026-09-12"", ""collision_check"": ""pass"", ""uuid_collisions"": 0, ""deterministic_duplicates"": 0, ""data_quality_missing_dob_pct"": 0.00, ""data_quality_missing_name_pct"": 0.00}",planned,Sat Sep 12 2026 14:05:28 GMT+0700 (Indochina Time),Sat Sep 12 2026 14:05:29 GMT+0700 (Indochina Time)
7b8cdc6c-fa66-4493-b1fc-50e97ab8e07b,7b8cdc6c-fa66-4493-b1fc-50e97ab8e07b,e54769f7-57d0-4176-ba82-54e03eaeebe9,CREATE_NEW_PARTY,"{""reason"": ""no_existing_party"", ""persons_total"": 848, ""r0_census_date"": ""2026-09-12"", ""collision_check"": ""pass"", ""uuid_collisions"": 0, ""deterministic_duplicates"": 0, ""data_quality_missing_dob_pct"": 0.00, ""data_quality_missing_name_pct"": 0.00}",planned,Sat Sep 12 2026 14:05:28 GMT+0700 (Indochina Time),Sat Sep 12 2026 14:05:29 GMT+0700 (Indochina Time)
95b23690-0097-4571-b2fd-59c0fc2acd30,95b23690-0097-4571-b2fd-59c0fc2acd30,65b3a43f-96c7-44c8-936d-678a708f71aa,CREATE_NEW_PARTY,"{""reason"": ""no_existing_party"", ""persons_total"": 848, ""r0_census_date"": ""2026-09-12"", ""collision_check"": ""pass"", ""uuid_collisions"": 0, ""deterministic_duplicates"": 0, ""data_quality_missing_dob_pct"": 0.00, ""data_quality_missing_name_pct"": 0.00}",planned,Sat Sep 12 2026 14:05:28 GMT+0700 (Indochina Time),Sat Sep 12 2026 14:05:29 GMT+0700 (Indochina Time)
8ab05f09-b528-4a62-9528-3d7147af62ce,8ab05f09-b528-4a62-9528-3d7147af62ce,e230d931-a02d-4d14-8854-dc81e45cedb8,CREATE_NEW_PARTY,"{""reason"": ""no_existing_party"", ""persons_total"": 848, ""r0_census_date"": ""2026-09-12"", ""collision_check"": ""pass"", ""uuid_collisions"": 0, ""deterministic_duplicates"": 0, ""data_quality_missing_dob_pct"": 0.00, ""data_quality_missing_name_pct"": 0.00}",planned,Sat Sep 12 2026 14:05:28 GMT+0700 (Indochina Time),Sat Sep 12 2026 14:05:29 GMT+0700 (Indochina Time)
ac6e729a-5869-4bc5-8532-cef18b76493a,ac6e729a-5869-4bc5-8532-cef18b76493a,9f36d5b8-1b8d-41a6-8519-c1040b23e114,CREATE_NEW_PARTY,"{""reason"": ""no_existing_party"", ""persons_total"": 848, ""r0_census_date"": ""2026-09-12"", ""collision_check"": ""pass"", ""uuid_collisions"": 0, ""deterministic_duplicates"": 0, ""data_quality_missing_dob_pct"": 0.00, ""data_quality_missing_name_pct"": 0.00}",planned,Sat Sep 12 2026 14:05:28 GMT+0700 (Indochina Time),Sat Sep 12 2026 14:05:29 GMT+0700 (Indochina Time)
bffb4aa8-26fc-4d99-905b-eb12441f370a,bffb4aa8-26fc-4d99-905b-eb12441f370a,fb425254-a4f9-4bc6-8a52-9e7daaf0e36c,CREATE_NEW_PARTY,"{""reason"": ""no_existing_party"", ""persons_total"": 848, ""r0_census_date"": ""2026-09-12"", ""collision_check"": ""pass"", ""uuid_collisions"": 0, ""deterministic_duplicates"": 0, ""data_quality_missing_dob_pct"": 0.00, ""data_quality_missing_name_pct"": 0.00}",planned,Sat Sep 12 2026 14:05:28 GMT+0700 (Indochina Time),Sat Sep 12 2026 14:05:29 GMT+0700 (Indochina Time)
0418843e-2cbd-4b32-b73f-ca7c5a6030d3,0418843e-2cbd-4b32-b73f-ca7c5a6030d3,40a806dc-bbf1-4def-bb52-bd797a3efba1,CREATE_NEW_PARTY,"{""reason"": ""no_existing_party"", ""persons_total"": 848, ""r0_census_date"": ""2026-09-12"", ""collision_check"": ""pass"", ""uuid_collisions"": 0, ""deterministic_duplicates"": 0, ""data_quality_missing_dob_pct"": 0.00, ""data_quality_missing_name_pct"": 0.00}",planned,Sat Sep 12 2026 14:05:28 GMT+0700 (Indochina Time),Sat Sep 12 2026 14:05:29 GMT+0700 (Indochina Time)
1316d428-22e1-48ea-bfa3-4b67564c69e9,1316d428-22e1-48ea-bfa3-4b67564c69e9,65b3a43f-96c7-44c8-936d-678a708f71aa,CREATE_NEW_PARTY,"{""reason"": ""no_existing_party"", ""persons_total"": 848, ""r0_census_date"": ""2026-09-12"", ""collision_check"": ""pass"", ""uuid_collisions"": 0, ""deterministic_duplicates"": 0, ""data_quality_missing_dob_pct"": 0.00, ""data_quality_missing_name_pct"": 0.00}",planned,Sat Sep 12 2026 14:05:28 GMT+0700 (Indochina Time),Sat Sep 12 2026 14:05:29 GMT+0700 (Indochina Time)
1019bf31-e62c-4739-bfb6-f9bde5389b22,1019bf31-e62c-4739-bfb6-f9bde5389b22,fb425254-a4f9-4bc6-8a52-9e7daaf0e36c,CREATE_NEW_PARTY,"{""reason"": ""no_existing_party"", ""persons_total"": 848, ""r0_census_date"": ""2026-09-12"", ""collision_check"": ""pass"", ""uuid_collisions"": 0, ""deterministic_duplicates"": 0, ""data_quality_missing_dob_pct"": 0.00, ""data_quality_missing_name_pct"": 0.00}",planned,Sat Sep 12 2026 14:05:28 GMT+0700 (Indochina Time),Sat Sep 12 2026 14:05:29 GMT+0700 (Indochina Time)
7b8002d5-f4ee-419e-bfd6-185de176ec32,7b8002d5-f4ee-419e-bfd6-185de176ec32,e230d931-a02d-4d14-8854-dc81e45cedb8,CREATE_NEW_PARTY,"{""reason"": ""no_existing_party"", ""persons_total"": 848, ""r0_census_date"": ""2026-09-12"", ""collision_check"": ""pass"", ""uuid_collisions"": 0, ""deterministic_duplicates"": 0, ""data_quality_missing_dob_pct"": 0.00, ""data_quality_missing_name_pct"": 0.00}",planned,Sat Sep 12 2026 14:05:28 GMT+0700 (Indochina Time),Sat Sep 12 2026 14:05:29 GMT+0700 (Indochina Time)
be7b285a-6071-433a-9dc3-84c7a88b2e04,be7b285a-6071-433a-9dc3-84c7a88b2e04,40a806dc-bbf1-4def-bb52-bd797a3efba1,CREATE_NEW_PARTY,"{""reason"": ""no_existing_party"", ""persons_total"": 848, ""r0_census_date"": ""2026-09-12"", ""collision_check"": ""pass"", ""uuid_collisions"": 0, ""deterministic_duplicates"": 0, ""data_quality_missing_dob_pct"": 0.00, ""data_quality_missing_name_pct"": 0.00}",planned,Sat Sep 12 2026 14:05:28 GMT+0700 (Indochina Time),Sat Sep 12 2026 14:05:29 GMT+0700 (Indochina Time)
8e17184a-7fd4-4c3e-903c-b70f850f6365,8e17184a-7fd4-4c3e-903c-b70f850f6365,9f36d5b8-1b8d-41a6-8519-c1040b23e114,CREATE_NEW_PARTY,"{""reason"": ""no_existing_party"", ""persons_total"": 848, ""r0_census_date"": ""2026-09-12"", ""collision_check"": ""pass"", ""uuid_collisions"": 0, ""deterministic_duplicates"": 0, ""data_quality_missing_dob_pct"": 0.00, ""data_quality_missing_name_pct"": 0.00}",planned,Sat Sep 12 2026 14:05:28 GMT+0700 (Indochina Time),Sat Sep 12 2026 14:05:29 GMT+0700 (Indochina Time)
6539f685-cb90-43a4-ae83-894101d5f495,6539f685-cb90-43a4-ae83-894101d5f495,fb425254-a4f9-4bc6-8a52-9e7daaf0e36c,CREATE_NEW_PARTY,"{""reason"": ""no_existing_party"", ""persons_total"": 848, ""r0_census_date"": ""2026-09-12"", ""collision_check"": ""pass"", ""uuid_collisions"": 0, ""deterministic_duplicates"": 0, ""data_quality_missing_dob_pct"": 0.00, ""data_quality_missing_name_pct"": 0.00}",planned,Sat Sep 12 2026 14:05:28 GMT+0700 (Indochina Time),Sat Sep 12 2026 14:05:29 GMT+0700 (Indochina Time)
8ef3d3ab-6e76-438d-86a7-73b91bf4fc81,8ef3d3ab-6e76-438d-86a7-73b91bf4fc81,40a806dc-bbf1-4def-bb52-bd797a3efba1,CREATE_NEW_PARTY,"{""reason"": ""no_existing_party"", ""persons_total"": 848, ""r0_census_date"": ""2026-09-12"", ""collision_check"": ""pass"", ""uuid_collisions"": 0, ""deterministic_duplicates"": 0, ""data_quality_missing_dob_pct"": 0.00, ""data_quality_missing_name_pct"": 0.00}",planned,Sat Sep 12 2026 14:05:28 GMT+0700 (Indochina Time),Sat Sep 12 2026 14:05:29 GMT+0700 (Indochina Time)
5c1e4834-ade7-455f-b750-f2efd3247f3a,5c1e4834-ade7-455f-b750-f2efd3247f3a,74316be2-6595-4c0f-968c-e9aee730867c,CREATE_NEW_PARTY,"{""reason"": ""no_existing_party"", ""persons_total"": 848, ""r0_census_date"": ""2026-09-12"", ""collision_check"": ""pass"", ""uuid_collisions"": 0, ""deterministic_duplicates"": 0, ""data_quality_missing_dob_pct"": 0.00, ""data_quality_missing_name_pct"": 0.00}",planned,Sat Sep 12 2026 14:05:28 GMT+0700 (Indochina Time),Sat Sep 12 2026 14:05:29 GMT+0700 (Indochina Time)
b8a5b18d-b7b5-460d-a71a-6a9fa8f02f1e,b8a5b18d-b7b5-460d-a71a-6a9fa8f02f1e,38c43ef3-6e07-4d2a-af4f-c32e33bac564,CREATE_NEW_PARTY,"{""reason"": ""no_existing_party"", ""persons_total"": 848, ""r0_census_date"": ""2026-09-12"", ""collision_check"": ""pass"", ""uuid_collisions"": 0, ""deterministic_duplicates"": 0, ""data_quality_missing_dob_pct"": 0.00, ""data_quality_missing_name_pct"": 0.00}",planned,Sat Sep 12 2026 14:05:28 GMT+0700 (Indochina Time),Sat Sep 12 2026 14:05:29 GMT+0700 (Indochina Time)
5023d43c-cb8f-4814-b81f-6fee8c3bd421,5023d43c-cb8f-4814-b81f-6fee8c3bd421,9f36d5b8-1b8d-41a6-8519-c1040b23e114,CREATE_NEW_PARTY,"{""reason"": ""no_existing_party"", ""persons_total"": 848, ""r0_census_date"": ""2026-09-12"", ""collision_check"": ""pass"", ""uuid_collisions"": 0, ""deterministic_duplicates"": 0, ""data_quality_missing_dob_pct"": 0.00, ""data_quality_missing_name_pct"": 0.00}",planned,Sat Sep 12 2026 14:05:28 GMT+0700 (Indochina Time),Sat Sep 12 2026 14:05:29 GMT+0700 (Indochina Time)
e18b9dec-4f08-4ccb-aad2-81d95fa65cc3,e18b9dec-4f08-4ccb-aad2-81d95fa65cc3,01a58e84-2818-449a-a152-718df88e975b,CREATE_NEW_PARTY,"{""reason"": ""no_existing_party"", ""persons_total"": 848, ""r0_census_date"": ""2026-09-12"", ""collision_check"": ""pass"", ""uuid_collisions"": 0, ""deterministic_duplicates"": 0, ""data_quality_missing_dob_pct"": 0.00, ""data_quality_missing_name_pct"": 0.00}",planned,Sat Sep 12 2026 14:05:28 GMT+0700 (Indochina Time),Sat Sep 12 2026 14:05:29 GMT+0700 (Indochina Time)
789719b0-f3d7-4e66-b5df-45faaa6c9f17,789719b0-f3d7-4e66-b5df-45faaa6c9f17,01a58e84-2818-449a-a152-718df88e975b,CREATE_NEW_PARTY,"{""reason"": ""no_existing_party"", ""persons_total"": 848, ""r0_census_date"": ""2026-09-12"", ""collision_check"": ""pass"", ""uuid_collisions"": 0, ""deterministic_duplicates"": 0, ""data_quality_missing_dob_pct"": 0.00, ""data_quality_missing_name_pct"": 0.00}",planned,Sat Sep 12 2026 14:05:28 GMT+0700 (Indochina Time),Sat Sep 12 2026 14:05:29 GMT+0700 (Indochina Time)
13e6695d-1a0c-48c0-aeed-9ead8f0dca77,13e6695d-1a0c-48c0-aeed-9ead8f0dca77,01a58e84-2818-449a-a152-718df88e975b,CREATE_NEW_PARTY,"{""reason"": ""no_existing_party"", ""persons_total"": 848, ""r0_census_date"": ""2026-09-12"", ""collision_check"": ""pass"", ""uuid_collisions"": 0, ""deterministic_duplicates"": 0, ""data_quality_missing_dob_pct"": 0.00, ""data_quality_missing_name_pct"": 0.00}",planned,Sat Sep 12 2026 14:05:28 GMT+0700 (Indochina Time),Sat Sep 12 2026 14:05:29 GMT+0700 (Indochina Time)
391fe205-a182-4534-88b4-4116777200b5,391fe205-a182-4534-88b4-4116777200b5,3f6d91fa-0e13-4e0a-b12a-10b76494438a,CREATE_NEW_PARTY,"{""reason"": ""no_existing_party"", ""persons_total"": 848, ""r0_census_date"": ""2026-09-12"", ""collision_check"": ""pass"", ""uuid_collisions"": 0, ""deterministic_duplicates"": 0, ""data_quality_missing_dob_pct"": 0.00, ""data_quality_missing_name_pct"": 0.00}",planned,Sat Sep 12 2026 14:05:28 GMT+0700 (Indochina Time),Sat Sep 12 2026 14:05:29 GMT+0700 (Indochina Time)
8642c504-dfa4-4ff5-903f-0f986baea9aa,8642c504-dfa4-4ff5-903f-0f986baea9aa,3f6d91fa-0e13-4e0a-b12a-10b76494438a,CREATE_NEW_PARTY,"{""reason"": ""no_existing_party"", ""persons_total"": 848, ""r0_census_date"": ""2026-09-12"", ""collision_check"": ""pass"", ""uuid_collisions"": 0, ""deterministic_duplicates"": 0, ""data_quality_missing_dob_pct"": 0.00, ""data_quality_missing_name_pct"": 0.00}",planned,Sat Sep 12 2026 14:05:28 GMT+0700 (Indochina Time),Sat Sep 12 2026 14:05:29 GMT+0700 (Indochina Time)
0ccd9a15-ba4e-4a73-8651-3b745e629971,0ccd9a15-ba4e-4a73-8651-3b745e629971,3f6d91fa-0e13-4e0a-b12a-10b76494438a,CREATE_NEW_PARTY,"{""reason"": ""no_existing_party"", ""persons_total"": 848, ""r0_census_date"": ""2026-09-12"", ""collision_check"": ""pass"", ""uuid_collisions"": 0, ""deterministic_duplicates"": 0, ""data_quality_missing_dob_pct"": 0.00, ""data_quality_missing_name_pct"": 0.00}",planned,Sat Sep 12 2026 14:05:28 GMT+0700 (Indochina Time),Sat Sep 12 2026 14:05:29 GMT+0700 (Indochina Time)
a923fd30-0182-46ef-bc89-50dafea3a86c,a923fd30-0182-46ef-bc89-50dafea3a86c,c0cfadf8-8a90-4c86-a98d-04cf5094a825,CREATE_NEW_PARTY,"{""reason"": ""no_existing_party"", ""persons_total"": 848, ""r0_census_date"": ""2026-09-12"", ""collision_check"": ""pass"", ""uuid_collisions"": 0, ""deterministic_duplicates"": 0, ""data_quality_missing_dob_pct"": 0.00, ""data_quality_missing_name_pct"": 0.00}",planned,Sat Sep 12 2026 14:05:28 GMT+0700 (Indochina Time),Sat Sep 12 2026 14:05:29 GMT+0700 (Indochina Time)
4a48b5f0-cf79-4603-8ca6-cef64bd83151,4a48b5f0-cf79-4603-8ca6-cef64bd83151,c0cfadf8-8a90-4c86-a98d-04cf5094a825,CREATE_NEW_PARTY,"{""reason"": ""no_existing_party"", ""persons_total"": 848, ""r0_census_date"": ""2026-09-12"", ""collision_check"": ""pass"", ""uuid_collisions"": 0, ""deterministic_duplicates"": 0, ""data_quality_missing_dob_pct"": 0.00, ""data_quality_missing_name_pct"": 0.00}",planned,Sat Sep 12 2026 14:05:28 GMT+0700 (Indochina Time),Sat Sep 12 2026 14:05:29 GMT+0700 (Indochina Time)
531a3b52-54c8-4fbd-9456-007997d57ae3,531a3b52-54c8-4fbd-9456-007997d57ae3,c0cfadf8-8a90-4c86-a98d-04cf5094a825,CREATE_NEW_PARTY,"{""reason"": ""no_existing_party"", ""persons_total"": 848, ""r0_census_date"": ""2026-09-12"", ""collision_check"": ""pass"", ""uuid_collisions"": 0, ""deterministic_duplicates"": 0, ""data_quality_missing_dob_pct"": 0.00, ""data_quality_missing_name_pct"": 0.00}",planned,Sat Sep 12 2026 14:05:28 GMT+0700 (Indochina Time),Sat Sep 12 2026 14:05:29 GMT+0700 (Indochina Time)
f013933f-4b79-488b-999c-d9388dae8f08,f013933f-4b79-488b-999c-d9388dae8f08,449260cc-676c-46df-9dc4-722378613efa,CREATE_NEW_PARTY,"{""reason"": ""no_existing_party"", ""persons_total"": 848, ""r0_census_date"": ""2026-09-12"", ""collision_check"": ""pass"", ""uuid_collisions"": 0, ""deterministic_duplicates"": 0, ""data_quality_missing_dob_pct"": 0.00, ""data_quality_missing_name_pct"": 0.00}",planned,Sat Sep 12 2026 14:05:28 GMT+0700 (Indochina Time),Sat Sep 12 2026 14:05:29 GMT+0700 (Indochina Time)
99d01201-dabd-483e-bc6d-acfb68b75fea,99d01201-dabd-483e-bc6d-acfb68b75fea,f26f1ef0-fba0-4c13-9e3d-84cf8fe4d505,CREATE_NEW_PARTY,"{""reason"": ""no_existing_party"", ""persons_total"": 848, ""r0_census_date"": ""2026-09-12"", ""collision_check"": ""pass"", ""uuid_collisions"": 0, ""deterministic_duplicates"": 0, ""data_quality_missing_dob_pct"": 0.00, ""data_quality_missing_name_pct"": 0.00}",planned,Sat Sep 12 2026 14:05:28 GMT+0700 (Indochina Time),Sat Sep 12 2026 14:05:29 GMT+0700 (Indochina Time)
c0e507ab-d7d0-4a10-8d18-57d5263740fa,c0e507ab-d7d0-4a10-8d18-57d5263740fa,f26f1ef0-fba0-4c13-9e3d-84cf8fe4d505,CREATE_NEW_PARTY,"{""reason"": ""no_existing_party"", ""persons_total"": 848, ""r0_census_date"": ""2026-09-12"", ""collision_check"": ""pass"", ""uuid_collisions"": 0, ""deterministic_duplicates"": 0, ""data_quality_missing_dob_pct"": 0.00, ""data_quality_missing_name_pct"": 0.00}",planned,Sat Sep 12 2026 14:05:28 GMT+0700 (Indochina Time),Sat Sep 12 2026 14:05:29 GMT+0700 (Indochina Time)
54fd4484-efb2-47a8-9cc3-9a613ee3ffe0,54fd4484-efb2-47a8-9cc3-9a613ee3ffe0,f26f1ef0-fba0-4c13-9e3d-84cf8fe4d505,CREATE_NEW_PARTY,"{""reason"": ""no_existing_party"", ""persons_total"": 848, ""r0_census_date"": ""2026-09-12"", ""collision_check"": ""pass"", ""uuid_collisions"": 0, ""deterministic_duplicates"": 0, ""data_quality_missing_dob_pct"": 0.00, ""data_quality_missing_name_pct"": 0.00}",planned,Sat Sep 12 2026 14:05:28 GMT+0700 (Indochina Time),Sat Sep 12 2026 14:05:29 GMT+0700 (Indochina Time)
b44c9a11-50c2-4e9f-b3ae-3aeed3950d19,b44c9a11-50c2-4e9f-b3ae-3aeed3950d19,afb83de1-1ba8-4340-85c3-82739f6d48eb,CREATE_NEW_PARTY,"{""reason"": ""no_existing_party"", ""persons_total"": 848, ""r0_census_date"": ""2026-09-12"", ""collision_check"": ""pass"", ""uuid_collisions"": 0, ""deterministic_duplicates"": 0, ""data_quality_missing_dob_pct"": 0.00, ""data_quality_missing_name_pct"": 0.00}",planned,Sat Sep 12 2026 14:05:28 GMT+0700 (Indochina Time),Sat Sep 12 2026 14:05:29 GMT+0700 (Indochina Time)
53b54cce-c8a5-49ba-a168-e795be0a7246,53b54cce-c8a5-49ba-a168-e795be0a7246,81bbdb97-5a8c-4ff1-a178-fae4554b237a,CREATE_NEW_PARTY,"{""reason"": ""no_existing_party"", ""persons_total"": 848, ""r0_census_date"": ""2026-09-12"", ""collision_check"": ""pass"", ""uuid_collisions"": 0, ""deterministic_duplicates"": 0, ""data_quality_missing_dob_pct"": 0.00, ""data_quality_missing_name_pct"": 0.00}",planned,Sat Sep 12 2026 14:05:28 GMT+0700 (Indochina Time),Sat Sep 12 2026 14:05:29 GMT+0700 (Indochina Time)
293eccf8-2c09-4c73-83f1-80d015f386f0,293eccf8-2c09-4c73-83f1-80d015f386f0,81bbdb97-5a8c-4ff1-a178-fae4554b237a,CREATE_NEW_PARTY,"{""reason"": ""no_existing_party"", ""persons_total"": 848, ""r0_census_date"": ""2026-09-12"", ""collision_check"": ""pass"", ""uuid_collisions"": 0, ""deterministic_duplicates"": 0, ""data_quality_missing_dob_pct"": 0.00, ""data_quality_missing_name_pct"": 0.00}",planned,Sat Sep 12 2026 14:05:28 GMT+0700 (Indochina Time),Sat Sep 12 2026 14:05:29 GMT+0700 (Indochina Time)
403dba37-af5d-47c0-967f-b11c2073d751,403dba37-af5d-47c0-967f-b11c2073d751,81bbdb97-5a8c-4ff1-a178-fae4554b237a,CREATE_NEW_PARTY,"{""reason"": ""no_existing_party"", ""persons_total"": 848, ""r0_census_date"": ""2026-09-12"", ""collision_check"": ""pass"", ""uuid_collisions"": 0, ""deterministic_duplicates"": 0, ""data_quality_missing_dob_pct"": 0.00, ""data_quality_missing_name_pct"": 0.00}",planned,Sat Sep 12 2026 14:05:28 GMT+0700 (Indochina Time),Sat Sep 12 2026 14:05:29 GMT+0700 (Indochina Time)
2a0e982e-98c1-455d-84d5-bbd25a4bbae0,2a0e982e-98c1-455d-84d5-bbd25a4bbae0,e0c91a46-dad0-4795-b88a-3f8e5a5ec507,CREATE_NEW_PARTY,"{""reason"": ""no_existing_party"", ""persons_total"": 848, ""r0_census_date"": ""2026-09-12"", ""collision_check"": ""pass"", ""uuid_collisions"": 0, ""deterministic_duplicates"": 0, ""data_quality_missing_dob_pct"": 0.00, ""data_quality_missing_name_pct"": 0.00}",planned,Sat Sep 12 2026 14:05:28 GMT+0700 (Indochina Time),Sat Sep 12 2026 14:05:29 GMT+0700 (Indochina Time)
07a59ef2-9091-4522-bb71-a119d1dfbbe0,07a59ef2-9091-4522-bb71-a119d1dfbbe0,9dc240e3-8d0e-40f1-93b4-ce91cceac504,CREATE_NEW_PARTY,"{""reason"": ""no_existing_party"", ""persons_total"": 848, ""r0_census_date"": ""2026-09-12"", ""collision_check"": ""pass"", ""uuid_collisions"": 0, ""deterministic_duplicates"": 0, ""data_quality_missing_dob_pct"": 0.00, ""data_quality_missing_name_pct"": 0.00}",planned,Sat Sep 12 2026 14:05:28 GMT+0700 (Indochina Time),Sat Sep 12 2026 14:05:29 GMT+0700 (Indochina Time)
f6eb219d-23f2-4c79-8417-a3a0be80cd3d,f6eb219d-23f2-4c79-8417-a3a0be80cd3d,9dc240e3-8d0e-40f1-93b4-ce91cceac504,CREATE_NEW_PARTY,"{""reason"": ""no_existing_party"", ""persons_total"": 848, ""r0_census_date"": ""2026-09-12"", ""collision_check"": ""pass"", ""uuid_collisions"": 0, ""deterministic_duplicates"": 0, ""data_quality_missing_dob_pct"": 0.00, ""data_quality_missing_name_pct"": 0.00}",planned,Sat Sep 12 2026 14:05:28 GMT+0700 (Indochina Time),Sat Sep 12 2026 14:05:29 GMT+0700 (Indochina Time)
9cfce541-03dc-40da-915f-339300903b95,9cfce541-03dc-40da-915f-339300903b95,9dc240e3-8d0e-40f1-93b4-ce91cceac504,CREATE_NEW_PARTY,"{""reason"": ""no_existing_party"", ""persons_total"": 848, ""r0_census_date"": ""2026-09-12"", ""collision_check"": ""pass"", ""uuid_collisions"": 0, ""deterministic_duplicates"": 0, ""data_quality_missing_dob_pct"": 0.00, ""data_quality_missing_name_pct"": 0.00}",planned,Sat Sep 12 2026 14:05:28 GMT+0700 (Indochina Time),Sat Sep 12 2026 14:05:29 GMT+0700 (Indochina Time)
b412bfba-6072-4882-b376-e873f0ddd008,b412bfba-6072-4882-b376-e873f0ddd008,4194fb6e-5230-45e7-9510-29f6615674b4,CREATE_NEW_PARTY,"{""reason"": ""no_existing_party"", ""persons_total"": 848, ""r0_census_date"": ""2026-09-12"", ""collision_check"": ""pass"", ""uuid_collisions"": 0, ""deterministic_duplicates"": 0, ""data_quality_missing_dob_pct"": 0.00, ""data_quality_missing_name_pct"": 0.00}",planned,Sat Sep 12 2026 14:05:28 GMT+0700 (Indochina Time),Sat Sep 12 2026 14:05:29 GMT+0700 (Indochina Time)
dd0e07c0-e73d-47f3-a83b-6082cd137d26,dd0e07c0-e73d-47f3-a83b-6082cd137d26,4194fb6e-5230-45e7-9510-29f6615674b4,CREATE_NEW_PARTY,"{""reason"": ""no_existing_party"", ""persons_total"": 848, ""r0_census_date"": ""2026-09-12"", ""collision_check"": ""pass"", ""uuid_collisions"": 0, ""deterministic_duplicates"": 0, ""data_quality_missing_dob_pct"": 0.00, ""data_quality_missing_name_pct"": 0.00}",planned,Sat Sep 12 2026 14:05:28 GMT+0700 (Indochina Time),Sat Sep 12 2026 14:05:29 GMT+0700 (Indochina Time)
4b786979-41d6-4aaa-88e1-a59fe35b6609,4b786979-41d6-4aaa-88e1-a59fe35b6609,4194fb6e-5230-45e7-9510-29f6615674b4,CREATE_NEW_PARTY,"{""reason"": ""no_existing_party"", ""persons_total"": 848, ""r0_census_date"": ""2026-09-12"", ""collision_check"": ""pass"", ""uuid_collisions"": 0, ""deterministic_duplicates"": 0, ""data_quality_missing_dob_pct"": 0.00, ""data_quality_missing_name_pct"": 0.00}",planned,Sat Sep 12 2026 14:05:28 GMT+0700 (Indochina Time),Sat Sep 12 2026 14:05:29 GMT+0700 (Indochina Time)
a53cfc3c-c89b-4144-bfff-ef8c152b18f8,a53cfc3c-c89b-4144-bfff-ef8c152b18f8,19eb5668-92a2-454b-b8d4-ffe8b6ad3fb1,CREATE_NEW_PARTY,"{""reason"": ""no_existing_party"", ""persons_total"": 848, ""r0_census_date"": ""2026-09-12"", ""collision_check"": ""pass"", ""uuid_collisions"": 0, ""deterministic_duplicates"": 0, ""data_quality_missing_dob_pct"": 0.00, ""data_quality_missing_name_pct"": 0.00}",planned,Sat Sep 12 2026 14:05:28 GMT+0700 (Indochina Time),Sat Sep 12 2026 14:05:29 GMT+0700 (Indochina Time)
4a35db30-c184-48b8-b90f-e8fa305535cd,4a35db30-c184-48b8-b90f-e8fa305535cd,19eb5668-92a2-454b-b8d4-ffe8b6ad3fb1,CREATE_NEW_PARTY,"{""reason"": ""no_existing_party"", ""persons_total"": 848, ""r0_census_date"": ""2026-09-12"", ""collision_check"": ""pass"", ""uuid_collisions"": 0, ""deterministic_duplicates"": 0, ""data_quality_missing_dob_pct"": 0.00, ""data_quality_missing_name_pct"": 0.00}",planned,Sat Sep 12 2026 14:05:28 GMT+0700 (Indochina Time),Sat Sep 12 2026 14:05:29 GMT+0700 (Indochina Time)
197b6abc-38e9-4f92-8a28-ff2c2c9b73a8,197b6abc-38e9-4f92-8a28-ff2c2c9b73a8,19eb5668-92a2-454b-b8d4-ffe8b6ad3fb1,CREATE_NEW_PARTY,"{""reason"": ""no_existing_party"", ""persons_total"": 848, ""r0_census_date"": ""2026-09-12"", ""collision_check"": ""pass"", ""uuid_collisions"": 0, ""deterministic_duplicates"": 0, ""data_quality_missing_dob_pct"": 0.00, ""data_quality_missing_name_pct"": 0.00}",planned,Sat Sep 12 2026 14:05:28 GMT+0700 (Indochina Time),Sat Sep 12 2026 14:05:29 GMT+0700 (Indochina Time)
b685a6e0-978b-4d86-b106-e6b41cfc1f45,b685a6e0-978b-4d86-b106-e6b41cfc1f45,f06f4110-5946-4885-8cc9-4e03bd07210c,CREATE_NEW_PARTY,"{""reason"": ""no_existing_party"", ""persons_total"": 848, ""r0_census_date"": ""2026-09-12"", ""collision_check"": ""pass"", ""uuid_collisions"": 0, ""deterministic_duplicates"": 0, ""data_quality_missing_dob_pct"": 0.00, ""data_quality_missing_name_pct"": 0.00}",planned,Sat Sep 12 2026 14:05:28 GMT+0700 (Indochina Time),Sat Sep 12 2026 14:05:29 GMT+0700 (Indochina Time)
170c05be-a750-409f-9fe1-57cc7274e8bf,170c05be-a750-409f-9fe1-57cc7274e8bf,f06f4110-5946-4885-8cc9-4e03bd07210c,CREATE_NEW_PARTY,"{""reason"": ""no_existing_party"", ""persons_total"": 848, ""r0_census_date"": ""2026-09-12"", ""collision_check"": ""pass"", ""uuid_collisions"": 0, ""deterministic_duplicates"": 0, ""data_quality_missing_dob_pct"": 0.00, ""data_quality_missing_name_pct"": 0.00}",planned,Sat Sep 12 2026 14:05:28 GMT+0700 (Indochina Time),Sat Sep 12 2026 14:05:29 GMT+0700 (Indochina Time)
52cbe7e7-988f-4a0d-9631-be4670a868fd,52cbe7e7-988f-4a0d-9631-be4670a868fd,f06f4110-5946-4885-8cc9-4e03bd07210c,CREATE_NEW_PARTY,"{""reason"": ""no_existing_party"", ""persons_total"": 848, ""r0_census_date"": ""2026-09-12"", ""collision_check"": ""pass"", ""uuid_collisions"": 0, ""deterministic_duplicates"": 0, ""data_quality_missing_dob_pct"": 0.00, ""data_quality_missing_name_pct"": 0.00}",planned,Sat Sep 12 2026 14:05:28 GMT+0700 (Indochina Time),Sat Sep 12 2026 14:05:29 GMT+0700 (Indochina Time)
363e7d56-0d70-4834-99d4-b5bc81b9395d,363e7d56-0d70-4834-99d4-b5bc81b9395d,d72e5d17-6a0e-4368-9180-7a86d1e491bd,CREATE_NEW_PARTY,"{""reason"": ""no_existing_party"", ""persons_total"": 848, ""r0_census_date"": ""2026-09-12"", ""collision_check"": ""pass"", ""uuid_collisions"": 0, ""deterministic_duplicates"": 0, ""data_quality_missing_dob_pct"": 0.00, ""data_quality_missing_name_pct"": 0.00}",planned,Sat Sep 12 2026 14:05:28 GMT+0700 (Indochina Time),Sat Sep 12 2026 14:05:29 GMT+0700 (Indochina Time)
00c8b49f-1651-4ff1-b091-738573de2a02,00c8b49f-1651-4ff1-b091-738573de2a02,d72e5d17-6a0e-4368-9180-7a86d1e491bd,CREATE_NEW_PARTY,"{""reason"": ""no_existing_party"", ""persons_total"": 848, ""r0_census_date"": ""2026-09-12"", ""collision_check"": ""pass"", ""uuid_collisions"": 0, ""deterministic_duplicates"": 0, ""data_quality_missing_dob_pct"": 0.00, ""data_quality_missing_name_pct"": 0.00}",planned,Sat Sep 12 2026 14:05:28 GMT+0700 (Indochina Time),Sat Sep 12 2026 14:05:29 GMT+0700 (Indochina Time)
91657587-2452-4d57-92f0-625eea70942f,91657587-2452-4d57-92f0-625eea70942f,d72e5d17-6a0e-4368-9180-7a86d1e491bd,CREATE_NEW_PARTY,"{""reason"": ""no_existing_party"", ""persons_total"": 848, ""r0_census_date"": ""2026-09-12"", ""collision_check"": ""pass"", ""uuid_collisions"": 0, ""deterministic_duplicates"": 0, ""data_quality_missing_dob_pct"": 0.00, ""data_quality_missing_name_pct"": 0.00}",planned,Sat Sep 12 2026 14:05:28 GMT+0700 (Indochina Time),Sat Sep 12 2026 14:05:29 GMT+0700 (Indochina Time)
32b19f91-b850-4c94-80e8-d0bef97a8e36,32b19f91-b850-4c94-80e8-d0bef97a8e36,211f7ab5-27f0-45a0-8322-d0aca9b6799b,CREATE_NEW_PARTY,"{""reason"": ""no_existing_party"", ""persons_total"": 848, ""r0_census_date"": ""2026-09-12"", ""collision_check"": ""pass"", ""uuid_collisions"": 0, ""deterministic_duplicates"": 0, ""data_quality_missing_dob_pct"": 0.00, ""data_quality_missing_name_pct"": 0.00}",planned,Sat Sep 12 2026 14:05:28 GMT+0700 (Indochina Time),Sat Sep 12 2026 14:05:29 GMT+0700 (Indochina Time)
9c856008-1f06-470c-9a84-7ed317784258,9c856008-1f06-470c-9a84-7ed317784258,211f7ab5-27f0-45a0-8322-d0aca9b6799b,CREATE_NEW_PARTY,"{""reason"": ""no_existing_party"", ""persons_total"": 848, ""r0_census_date"": ""2026-09-12"", ""collision_check"": ""pass"", ""uuid_collisions"": 0, ""deterministic_duplicates"": 0, ""data_quality_missing_dob_pct"": 0.00, ""data_quality_missing_name_pct"": 0.00}",planned,Sat Sep 12 2026 14:05:28 GMT+0700 (Indochina Time),Sat Sep 12 2026 14:05:29 GMT+0700 (Indochina Time)
f9e52faa-4433-4099-a1e2-9558073174c9,f9e52faa-4433-4099-a1e2-9558073174c9,b71f3296-df04-4e9d-94dc-31a8cb02b7c9,CREATE_NEW_PARTY,"{""reason"": ""no_existing_party"", ""persons_total"": 848, ""r0_census_date"": ""2026-09-12"", ""collision_check"": ""pass"", ""uuid_collisions"": 0, ""deterministic_duplicates"": 0, ""data_quality_missing_dob_pct"": 0.00, ""data_quality_missing_name_pct"": 0.00}",planned,Sat Sep 12 2026 14:05:28 GMT+0700 (Indochina Time),Sat Sep 12 2026 14:05:29 GMT+0700 (Indochina Time)
43067cdc-cce5-4967-bf02-35067698121f,43067cdc-cce5-4967-bf02-35067698121f,eced4225-8c6f-49d2-822c-5fc0c0d71ac9,CREATE_NEW_PARTY,"{""reason"": ""no_existing_party"", ""persons_total"": 848, ""r0_census_date"": ""2026-09-12"", ""collision_check"": ""pass"", ""uuid_collisions"": 0, ""deterministic_duplicates"": 0, ""data_quality_missing_dob_pct"": 0.00, ""data_quality_missing_name_pct"": 0.00}",planned,Sat Sep 12 2026 14:05:28 GMT+0700 (Indochina Time),Sat Sep 12 2026 14:05:29 GMT+0700 (Indochina Time)
9d08bd88-306b-4c69-9759-85926ac242f0,9d08bd88-306b-4c69-9759-85926ac242f0,16a2914c-72f4-4024-86f4-52b71f3597dc,CREATE_NEW_PARTY,"{""reason"": ""no_existing_party"", ""persons_total"": 848, ""r0_census_date"": ""2026-09-12"", ""collision_check"": ""pass"", ""uuid_collisions"": 0, ""deterministic_duplicates"": 0, ""data_quality_missing_dob_pct"": 0.00, ""data_quality_missing_name_pct"": 0.00}",planned,Sat Sep 12 2026 14:05:28 GMT+0700 (Indochina Time),Sat Sep 12 2026 14:05:29 GMT+0700 (Indochina Time)
4c735528-a52d-4dd4-bbf4-a17aa6a61190,4c735528-a52d-4dd4-bbf4-a17aa6a61190,46dd888f-d396-459b-a66a-6e9892c31766,CREATE_NEW_PARTY,"{""reason"": ""no_existing_party"", ""persons_total"": 848, ""r0_census_date"": ""2026-09-12"", ""collision_check"": ""pass"", ""uuid_collisions"": 0, ""deterministic_duplicates"": 0, ""data_quality_missing_dob_pct"": 0.00, ""data_quality_missing_name_pct"": 0.00}",planned,Sat Sep 12 2026 14:05:28 GMT+0700 (Indochina Time),Sat Sep 12 2026 14:05:29 GMT+0700 (Indochina Time)
ab3e849b-e875-4ce8-89e6-3b94754cbfbe,ab3e849b-e875-4ce8-89e6-3b94754cbfbe,133d48eb-84cc-482d-9948-36cb7ef08da1,CREATE_NEW_PARTY,"{""reason"": ""no_existing_party"", ""persons_total"": 848, ""r0_census_date"": ""2026-09-12"", ""collision_check"": ""pass"", ""uuid_collisions"": 0, ""deterministic_duplicates"": 0, ""data_quality_missing_dob_pct"": 0.00, ""data_quality_missing_name_pct"": 0.00}",planned,Sat Sep 12 2026 14:05:28 GMT+0700 (Indochina Time),Sat Sep 12 2026 14:05:29 GMT+0700 (Indochina Time)
82a58557-c802-4e4d-9024-8cb443970804,82a58557-c802-4e4d-9024-8cb443970804,cec03e80-3dff-4d71-bb2a-10ccd43f884f,CREATE_NEW_PARTY,"{""reason"": ""no_existing_party"", ""persons_total"": 848, ""r0_census_date"": ""2026-09-12"", ""collision_check"": ""pass"", ""uuid_collisions"": 0, ""deterministic_duplicates"": 0, ""data_quality_missing_dob_pct"": 0.00, ""data_quality_missing_name_pct"": 0.00}",planned,Sat Sep 12 2026 14:05:28 GMT+0700 (Indochina Time),Sat Sep 12 2026 14:05:29 GMT+0700 (Indochina Time)
d6055878-f9fe-4299-93ea-6c4f22be26d7,d6055878-f9fe-4299-93ea-6c4f22be26d7,133d48eb-84cc-482d-9948-36cb7ef08da1,CREATE_NEW_PARTY,"{""reason"": ""no_existing_party"", ""persons_total"": 848, ""r0_census_date"": ""2026-09-12"", ""collision_check"": ""pass"", ""uuid_collisions"": 0, ""deterministic_duplicates"": 0, ""data_quality_missing_dob_pct"": 0.00, ""data_quality_missing_name_pct"": 0.00}",planned,Sat Sep 12 2026 14:05:28 GMT+0700 (Indochina Time),Sat Sep 12 2026 14:05:29 GMT+0700 (Indochina Time)
c297f9d9-0559-4149-8f7e-20e937f7f56d,c297f9d9-0559-4149-8f7e-20e937f7f56d,cec03e80-3dff-4d71-bb2a-10ccd43f884f,CREATE_NEW_PARTY,"{""reason"": ""no_existing_party"", ""persons_total"": 848, ""r0_census_date"": ""2026-09-12"", ""collision_check"": ""pass"", ""uuid_collisions"": 0, ""deterministic_duplicates"": 0, ""data_quality_missing_dob_pct"": 0.00, ""data_quality_missing_name_pct"": 0.00}",planned,Sat Sep 12 2026 14:05:28 GMT+0700 (Indochina Time),Sat Sep 12 2026 14:05:29 GMT+0700 (Indochina Time)
13a306f8-9fd3-4ca3-85ab-f3f6a75d1a8a,13a306f8-9fd3-4ca3-85ab-f3f6a75d1a8a,133d48eb-84cc-482d-9948-36cb7ef08da1,CREATE_NEW_PARTY,"{""reason"": ""no_existing_party"", ""persons_total"": 848, ""r0_census_date"": ""2026-09-12"", ""collision_check"": ""pass"", ""uuid_collisions"": 0, ""deterministic_duplicates"": 0, ""data_quality_missing_dob_pct"": 0.00, ""data_quality_missing_name_pct"": 0.00}",planned,Sat Sep 12 2026 14:05:28 GMT+0700 (Indochina Time),Sat Sep 12 2026 14:05:29 GMT+0700 (Indochina Time)
45a87307-f299-4756-b8aa-6311fb3ce1c7,45a87307-f299-4756-b8aa-6311fb3ce1c7,362b453d-1780-4097-9b56-3cc389c89106,CREATE_NEW_PARTY,"{""reason"": ""no_existing_party"", ""persons_total"": 848, ""r0_census_date"": ""2026-09-12"", ""collision_check"": ""pass"", ""uuid_collisions"": 0, ""deterministic_duplicates"": 0, ""data_quality_missing_dob_pct"": 0.00, ""data_quality_missing_name_pct"": 0.00}",planned,Sat Sep 12 2026 14:05:28 GMT+0700 (Indochina Time),Sat Sep 12 2026 14:05:29 GMT+0700 (Indochina Time)
b9fe5c7b-98f4-4d0b-8e32-a120b46607be,b9fe5c7b-98f4-4d0b-8e32-a120b46607be,362b453d-1780-4097-9b56-3cc389c89106,CREATE_NEW_PARTY,"{""reason"": ""no_existing_party"", ""persons_total"": 848, ""r0_census_date"": ""2026-09-12"", ""collision_check"": ""pass"", ""uuid_collisions"": 0, ""deterministic_duplicates"": 0, ""data_quality_missing_dob_pct"": 0.00, ""data_quality_missing_name_pct"": 0.00}",planned,Sat Sep 12 2026 14:05:28 GMT+0700 (Indochina Time),Sat Sep 12 2026 14:05:29 GMT+0700 (Indochina Time)
1e61e905-dee1-42da-aeeb-05d63a6284a9,1e61e905-dee1-42da-aeeb-05d63a6284a9,362b453d-1780-4097-9b56-3cc389c89106,CREATE_NEW_PARTY,"{""reason"": ""no_existing_party"", ""persons_total"": 848, ""r0_census_date"": ""2026-09-12"", ""collision_check"": ""pass"", ""uuid_collisions"": 0, ""deterministic_duplicates"": 0, ""data_quality_missing_dob_pct"": 0.00, ""data_quality_missing_name_pct"": 0.00}",planned,Sat Sep 12 2026 14:05:28 GMT+0700 (Indochina Time),Sat Sep 12 2026 14:05:29 GMT+0700 (Indochina Time)
05e34320-0053-4eeb-8256-53eb89099843,05e34320-0053-4eeb-8256-53eb89099843,b13dfcf1-aa6f-4ba3-87b0-87ad04ca1ccc,CREATE_NEW_PARTY,"{""reason"": ""no_existing_party"", ""persons_total"": 848, ""r0_census_date"": ""2026-09-12"", ""collision_check"": ""pass"", ""uuid_collisions"": 0, ""deterministic_duplicates"": 0, ""data_quality_missing_dob_pct"": 0.00, ""data_quality_missing_name_pct"": 0.00}",planned,Sat Sep 12 2026 14:05:28 GMT+0700 (Indochina Time),Sat Sep 12 2026 14:05:29 GMT+0700 (Indochina Time)
86285492-14ed-4cf3-a34c-214088fdf326,86285492-14ed-4cf3-a34c-214088fdf326,b13dfcf1-aa6f-4ba3-87b0-87ad04ca1ccc,CREATE_NEW_PARTY,"{""reason"": ""no_existing_party"", ""persons_total"": 848, ""r0_census_date"": ""2026-09-12"", ""collision_check"": ""pass"", ""uuid_collisions"": 0, ""deterministic_duplicates"": 0, ""data_quality_missing_dob_pct"": 0.00, ""data_quality_missing_name_pct"": 0.00}",planned,Sat Sep 12 2026 14:05:28 GMT+0700 (Indochina Time),Sat Sep 12 2026 14:05:29 GMT+0700 (Indochina Time)
c05c76fd-cbe3-4890-acee-0cd08298db11,c05c76fd-cbe3-4890-acee-0cd08298db11,b13dfcf1-aa6f-4ba3-87b0-87ad04ca1ccc,CREATE_NEW_PARTY,"{""reason"": ""no_existing_party"", ""persons_total"": 848, ""r0_census_date"": ""2026-09-12"", ""collision_check"": ""pass"", ""uuid_collisions"": 0, ""deterministic_duplicates"": 0, ""data_quality_missing_dob_pct"": 0.00, ""data_quality_missing_name_pct"": 0.00}",planned,Sat Sep 12 2026 14:05:28 GMT+0700 (Indochina Time),Sat Sep 12 2026 14:05:29 GMT+0700 (Indochina Time)
15396b21-4863-42b7-b387-41c155c97f30,15396b21-4863-42b7-b387-41c155c97f30,4ee2a255-ad22-4842-ad3b-979d205b7f63,CREATE_NEW_PARTY,"{""reason"": ""no_existing_party"", ""persons_total"": 848, ""r0_census_date"": ""2026-09-12"", ""collision_check"": ""pass"", ""uuid_collisions"": 0, ""deterministic_duplicates"": 0, ""data_quality_missing_dob_pct"": 0.00, ""data_quality_missing_name_pct"": 0.00}",planned,Sat Sep 12 2026 14:05:28 GMT+0700 (Indochina Time),Sat Sep 12 2026 14:05:29 GMT+0700 (Indochina Time)
b3d39445-45dd-4008-a507-55f3a7ae2295,b3d39445-45dd-4008-a507-55f3a7ae2295,12d34156-afa6-4716-8d00-7f6d0b000a70,CREATE_NEW_PARTY,"{""reason"": ""no_existing_party"", ""persons_total"": 848, ""r0_census_date"": ""2026-09-12"", ""collision_check"": ""pass"", ""uuid_collisions"": 0, ""deterministic_duplicates"": 0, ""data_quality_missing_dob_pct"": 0.00, ""data_quality_missing_name_pct"": 0.00}",planned,Sat Sep 12 2026 14:05:28 GMT+0700 (Indochina Time),Sat Sep 12 2026 14:05:29 GMT+0700 (Indochina Time)
eaaa0642-3eed-4b2c-bbdf-2e982caad8c4,eaaa0642-3eed-4b2c-bbdf-2e982caad8c4,a98b7d2a-5c3a-4e47-b54a-d128d8dd1eb8,CREATE_NEW_PARTY,"{""reason"": ""no_existing_party"", ""persons_total"": 848, ""r0_census_date"": ""2026-09-12"", ""collision_check"": ""pass"", ""uuid_collisions"": 0, ""deterministic_duplicates"": 0, ""data_quality_missing_dob_pct"": 0.00, ""data_quality_missing_name_pct"": 0.00}",planned,Sat Sep 12 2026 14:05:28 GMT+0700 (Indochina Time),Sat Sep 12 2026 14:05:29 GMT+0700 (Indochina Time)
ec6bcd74-8ec4-4d0c-88ab-d67f22d46f0c,ec6bcd74-8ec4-4d0c-88ab-d67f22d46f0c,a98b7d2a-5c3a-4e47-b54a-d128d8dd1eb8,CREATE_NEW_PARTY,"{""reason"": ""no_existing_party"", ""persons_total"": 848, ""r0_census_date"": ""2026-09-12"", ""collision_check"": ""pass"", ""uuid_collisions"": 0, ""deterministic_duplicates"": 0, ""data_quality_missing_dob_pct"": 0.00, ""data_quality_missing_name_pct"": 0.00}",planned,Sat Sep 12 2026 14:05:28 GMT+0700 (Indochina Time),Sat Sep 12 2026 14:05:29 GMT+0700 (Indochina Time)
4af49380-b464-4efa-b268-610566f67c74,4af49380-b464-4efa-b268-610566f67c74,a98b7d2a-5c3a-4e47-b54a-d128d8dd1eb8,CREATE_NEW_PARTY,"{""reason"": ""no_existing_party"", ""persons_total"": 848, ""r0_census_date"": ""2026-09-12"", ""collision_check"": ""pass"", ""uuid_collisions"": 0, ""deterministic_duplicates"": 0, ""data_quality_missing_dob_pct"": 0.00, ""data_quality_missing_name_pct"": 0.00}",planned,Sat Sep 12 2026 14:05:28 GMT+0700 (Indochina Time),Sat Sep 12 2026 14:05:29 GMT+0700 (Indochina Time)
bb2d31d1-373a-4325-9522-867865a99f17,bb2d31d1-373a-4325-9522-867865a99f17,ac4ad49d-d575-4865-8a40-f2fdd0851fc5,CREATE_NEW_PARTY,"{""reason"": ""no_existing_party"", ""persons_total"": 848, ""r0_census_date"": ""2026-09-12"", ""collision_check"": ""pass"", ""uuid_collisions"": 0, ""deterministic_duplicates"": 0, ""data_quality_missing_dob_pct"": 0.00, ""data_quality_missing_name_pct"": 0.00}",planned,Sat Sep 12 2026 14:05:28 GMT+0700 (Indochina Time),Sat Sep 12 2026 14:05:29 GMT+0700 (Indochina Time)
1ca980c3-7034-4dc4-a793-e73ce87a2db3,1ca980c3-7034-4dc4-a793-e73ce87a2db3,ac4ad49d-d575-4865-8a40-f2fdd0851fc5,CREATE_NEW_PARTY,"{""reason"": ""no_existing_party"", ""persons_total"": 848, ""r0_census_date"": ""2026-09-12"", ""collision_check"": ""pass"", ""uuid_collisions"": 0, ""deterministic_duplicates"": 0, ""data_quality_missing_dob_pct"": 0.00, ""data_quality_missing_name_pct"": 0.00}",planned,Sat Sep 12 2026 14:05:28 GMT+0700 (Indochina Time),Sat Sep 12 2026 14:05:29 GMT+0700 (Indochina Time)
9ca65b4c-b34d-45da-b199-c46173afa81f,9ca65b4c-b34d-45da-b199-c46173afa81f,ac4ad49d-d575-4865-8a40-f2fdd0851fc5,CREATE_NEW_PARTY,"{""reason"": ""no_existing_party"", ""persons_total"": 848, ""r0_census_date"": ""2026-09-12"", ""collision_check"": ""pass"", ""uuid_collisions"": 0, ""deterministic_duplicates"": 0, ""data_quality_missing_dob_pct"": 0.00, ""data_quality_missing_name_pct"": 0.00}",planned,Sat Sep 12 2026 14:05:28 GMT+0700 (Indochina Time),Sat Sep 12 2026 14:05:29 GMT+0700 (Indochina Time)
ce395dde-cb66-42d6-8017-bc0dd1acff87,ce395dde-cb66-42d6-8017-bc0dd1acff87,6ecaa051-1981-4338-81a6-54ea1c7e9a02,CREATE_NEW_PARTY,"{""reason"": ""no_existing_party"", ""persons_total"": 848, ""r0_census_date"": ""2026-09-12"", ""collision_check"": ""pass"", ""uuid_collisions"": 0, ""deterministic_duplicates"": 0, ""data_quality_missing_dob_pct"": 0.00, ""data_quality_missing_name_pct"": 0.00}",planned,Sat Sep 12 2026 14:05:28 GMT+0700 (Indochina Time),Sat Sep 12 2026 14:05:29 GMT+0700 (Indochina Time)
eff83ed4-9491-4ff2-b466-767b1e8fb2bf,eff83ed4-9491-4ff2-b466-767b1e8fb2bf,3e616948-857d-4d1d-af70-19ac59f25637,CREATE_NEW_PARTY,"{""reason"": ""no_existing_party"", ""persons_total"": 848, ""r0_census_date"": ""2026-09-12"", ""collision_check"": ""pass"", ""uuid_collisions"": 0, ""deterministic_duplicates"": 0, ""data_quality_missing_dob_pct"": 0.00, ""data_quality_missing_name_pct"": 0.00}",planned,Sat Sep 12 2026 14:05:28 GMT+0700 (Indochina Time),Sat Sep 12 2026 14:05:29 GMT+0700 (Indochina Time)
120aa89c-4a21-4251-b6f8-e95c5923c003,120aa89c-4a21-4251-b6f8-e95c5923c003,3e616948-857d-4d1d-af70-19ac59f25637,CREATE_NEW_PARTY,"{""reason"": ""no_existing_party"", ""persons_total"": 848, ""r0_census_date"": ""2026-09-12"", ""collision_check"": ""pass"", ""uuid_collisions"": 0, ""deterministic_duplicates"": 0, ""data_quality_missing_dob_pct"": 0.00, ""data_quality_missing_name_pct"": 0.00}",planned,Sat Sep 12 2026 14:05:28 GMT+0700 (Indochina Time),Sat Sep 12 2026 14:05:29 GMT+0700 (Indochina Time)
054fb6a1-390c-4fee-9d11-737f0840dd8d,054fb6a1-390c-4fee-9d11-737f0840dd8d,3e616948-857d-4d1d-af70-19ac59f25637,CREATE_NEW_PARTY,"{""reason"": ""no_existing_party"", ""persons_total"": 848, ""r0_census_date"": ""2026-09-12"", ""collision_check"": ""pass"", ""uuid_collisions"": 0, ""deterministic_duplicates"": 0, ""data_quality_missing_dob_pct"": 0.00, ""data_quality_missing_name_pct"": 0.00}",planned,Sat Sep 12 2026 14:05:28 GMT+0700 (Indochina Time),Sat Sep 12 2026 14:05:29 GMT+0700 (Indochina Time)
920ff8f3-6aea-47e7-83d8-263a7b63d9e7,920ff8f3-6aea-47e7-83d8-263a7b63d9e7,d14cec68-ab61-4d72-9284-1699336a888e,CREATE_NEW_PARTY,"{""reason"": ""no_existing_party"", ""persons_total"": 848, ""r0_census_date"": ""2026-09-12"", ""collision_check"": ""pass"", ""uuid_collisions"": 0, ""deterministic_duplicates"": 0, ""data_quality_missing_dob_pct"": 0.00, ""data_quality_missing_name_pct"": 0.00}",planned,Sat Sep 12 2026 14:05:28 GMT+0700 (Indochina Time),Sat Sep 12 2026 14:05:29 GMT+0700 (Indochina Time)
734a6aad-37be-4336-ad7a-e55a9d40162d,734a6aad-37be-4336-ad7a-e55a9d40162d,03ae719e-7c4b-426c-9d73-1dd79f7412cc,CREATE_NEW_PARTY,"{""reason"": ""no_existing_party"", ""persons_total"": 848, ""r0_census_date"": ""2026-09-12"", ""collision_check"": ""pass"", ""uuid_collisions"": 0, ""deterministic_duplicates"": 0, ""data_quality_missing_dob_pct"": 0.00, ""data_quality_missing_name_pct"": 0.00}",planned,Sat Sep 12 2026 14:05:28 GMT+0700 (Indochina Time),Sat Sep 12 2026 14:05:29 GMT+0700 (Indochina Time)
c360cfd2-43ba-4751-8035-8eaace4db39c,c360cfd2-43ba-4751-8035-8eaace4db39c,355c2426-886e-4339-aaae-498eacc247a4,CREATE_NEW_PARTY,"{""reason"": ""no_existing_party"", ""persons_total"": 848, ""r0_census_date"": ""2026-09-12"", ""collision_check"": ""pass"", ""uuid_collisions"": 0, ""deterministic_duplicates"": 0, ""data_quality_missing_dob_pct"": 0.00, ""data_quality_missing_name_pct"": 0.00}",planned,Sat Sep 12 2026 14:05:28 GMT+0700 (Indochina Time),Sat Sep 12 2026 14:05:29 GMT+0700 (Indochina Time)
2aee8d23-4fef-4226-a96d-3b46e51d17c5,2aee8d23-4fef-4226-a96d-3b46e51d17c5,355c2426-886e-4339-aaae-498eacc247a4,CREATE_NEW_PARTY,"{""reason"": ""no_existing_party"", ""persons_total"": 848, ""r0_census_date"": ""2026-09-12"", ""collision_check"": ""pass"", ""uuid_collisions"": 0, ""deterministic_duplicates"": 0, ""data_quality_missing_dob_pct"": 0.00, ""data_quality_missing_name_pct"": 0.00}",planned,Sat Sep 12 2026 14:05:28 GMT+0700 (Indochina Time),Sat Sep 12 2026 14:05:29 GMT+0700 (Indochina Time)
a176c5d9-74bf-4c9e-85c5-1911ca702ea8,a176c5d9-74bf-4c9e-85c5-1911ca702ea8,355c2426-886e-4339-aaae-498eacc247a4,CREATE_NEW_PARTY,"{""reason"": ""no_existing_party"", ""persons_total"": 848, ""r0_census_date"": ""2026-09-12"", ""collision_check"": ""pass"", ""uuid_collisions"": 0, ""deterministic_duplicates"": 0, ""data_quality_missing_dob_pct"": 0.00, ""data_quality_missing_name_pct"": 0.00}",planned,Sat Sep 12 2026 14:05:28 GMT+0700 (Indochina Time),Sat Sep 12 2026 14:05:29 GMT+0700 (Indochina Time)
a1e42837-9e30-4b27-9354-d458ab9eb32b,a1e42837-9e30-4b27-9354-d458ab9eb32b,c5b2d99c-68bc-4d7d-84a3-7b9d44a7a85e,CREATE_NEW_PARTY,"{""reason"": ""no_existing_party"", ""persons_total"": 848, ""r0_census_date"": ""2026-09-12"", ""collision_check"": ""pass"", ""uuid_collisions"": 0, ""deterministic_duplicates"": 0, ""data_quality_missing_dob_pct"": 0.00, ""data_quality_missing_name_pct"": 0.00}",planned,Sat Sep 12 2026 14:05:28 GMT+0700 (Indochina Time),Sat Sep 12 2026 14:05:29 GMT+0700 (Indochina Time)
0e6325b2-816e-4d0b-bdea-8591cda5ebdd,0e6325b2-816e-4d0b-bdea-8591cda5ebdd,c5b2d99c-68bc-4d7d-84a3-7b9d44a7a85e,CREATE_NEW_PARTY,"{""reason"": ""no_existing_party"", ""persons_total"": 848, ""r0_census_date"": ""2026-09-12"", ""collision_check"": ""pass"", ""uuid_collisions"": 0, ""deterministic_duplicates"": 0, ""data_quality_missing_dob_pct"": 0.00, ""data_quality_missing_name_pct"": 0.00}",planned,Sat Sep 12 2026 14:05:28 GMT+0700 (Indochina Time),Sat Sep 12 2026 14:05:29 GMT+0700 (Indochina Time)
e8285ff9-2156-4fd2-b8cc-1de8da9dbe3a,e8285ff9-2156-4fd2-b8cc-1de8da9dbe3a,d4e9b4e3-9899-4c9a-8a1d-708c1b9b421d,CREATE_NEW_PARTY,"{""reason"": ""no_existing_party"", ""persons_total"": 848, ""r0_census_date"": ""2026-09-12"", ""collision_check"": ""pass"", ""uuid_collisions"": 0, ""deterministic_duplicates"": 0, ""data_quality_missing_dob_pct"": 0.00, ""data_quality_missing_name_pct"": 0.00}",planned,Sat Sep 12 2026 14:05:28 GMT+0700 (Indochina Time),Sat Sep 12 2026 14:05:29 GMT+0700 (Indochina Time)
a88f3f4e-460b-499b-a026-b30e4d28c62a,a88f3f4e-460b-499b-a026-b30e4d28c62a,6753e199-44bb-4384-b5be-870fa4acc073,CREATE_NEW_PARTY,"{""reason"": ""no_existing_party"", ""persons_total"": 848, ""r0_census_date"": ""2026-09-12"", ""collision_check"": ""pass"", ""uuid_collisions"": 0, ""deterministic_duplicates"": 0, ""data_quality_missing_dob_pct"": 0.00, ""data_quality_missing_name_pct"": 0.00}",planned,Sat Sep 12 2026 14:05:28 GMT+0700 (Indochina Time),Sat Sep 12 2026 14:05:29 GMT+0700 (Indochina Time)
7eb7601b-0216-42a7-a600-b4c301714551,7eb7601b-0216-42a7-a600-b4c301714551,6753e199-44bb-4384-b5be-870fa4acc073,CREATE_NEW_PARTY,"{""reason"": ""no_existing_party"", ""persons_total"": 848, ""r0_census_date"": ""2026-09-12"", ""collision_check"": ""pass"", ""uuid_collisions"": 0, ""deterministic_duplicates"": 0, ""data_quality_missing_dob_pct"": 0.00, ""data_quality_missing_name_pct"": 0.00}",planned,Sat Sep 12 2026 14:05:28 GMT+0700 (Indochina Time),Sat Sep 12 2026 14:05:29 GMT+0700 (Indochina Time)
33b53b8d-1d72-4f55-bbff-afaf31413622,33b53b8d-1d72-4f55-bbff-afaf31413622,6753e199-44bb-4384-b5be-870fa4acc073,CREATE_NEW_PARTY,"{""reason"": ""no_existing_party"", ""persons_total"": 848, ""r0_census_date"": ""2026-09-12"", ""collision_check"": ""pass"", ""uuid_collisions"": 0, ""deterministic_duplicates"": 0, ""data_quality_missing_dob_pct"": 0.00, ""data_quality_missing_name_pct"": 0.00}",planned,Sat Sep 12 2026 14:05:28 GMT+0700 (Indochina Time),Sat Sep 12 2026 14:05:29 GMT+0700 (Indochina Time)
ddb09bb7-18c3-4404-9bd5-366360069f85,ddb09bb7-18c3-4404-9bd5-366360069f85,275d10f4-6b00-44a4-be4c-44e03adff061,CREATE_NEW_PARTY,"{""reason"": ""no_existing_party"", ""persons_total"": 848, ""r0_census_date"": ""2026-09-12"", ""collision_check"": ""pass"", ""uuid_collisions"": 0, ""deterministic_duplicates"": 0, ""data_quality_missing_dob_pct"": 0.00, ""data_quality_missing_name_pct"": 0.00}",planned,Sat Sep 12 2026 14:05:28 GMT+0700 (Indochina Time),Sat Sep 12 2026 14:05:29 GMT+0700 (Indochina Time)
81c11ab8-e5e0-475a-917b-533ad0eb110f,81c11ab8-e5e0-475a-917b-533ad0eb110f,275d10f4-6b00-44a4-be4c-44e03adff061,CREATE_NEW_PARTY,"{""reason"": ""no_existing_party"", ""persons_total"": 848, ""r0_census_date"": ""2026-09-12"", ""collision_check"": ""pass"", ""uuid_collisions"": 0, ""deterministic_duplicates"": 0, ""data_quality_missing_dob_pct"": 0.00, ""data_quality_missing_name_pct"": 0.00}",planned,Sat Sep 12 2026 14:05:28 GMT+0700 (Indochina Time),Sat Sep 12 2026 14:05:29 GMT+0700 (Indochina Time)
d39de939-efb2-4ad7-8d16-ba448add09ce,d39de939-efb2-4ad7-8d16-ba448add09ce,275d10f4-6b00-44a4-be4c-44e03adff061,CREATE_NEW_PARTY,"{""reason"": ""no_existing_party"", ""persons_total"": 848, ""r0_census_date"": ""2026-09-12"", ""collision_check"": ""pass"", ""uuid_collisions"": 0, ""deterministic_duplicates"": 0, ""data_quality_missing_dob_pct"": 0.00, ""data_quality_missing_name_pct"": 0.00}",planned,Sat Sep 12 2026 14:05:28 GMT+0700 (Indochina Time),Sat Sep 12 2026 14:05:29 GMT+0700 (Indochina Time)
f433786c-2cf9-444c-9f2d-1077da8778f5,f433786c-2cf9-444c-9f2d-1077da8778f5,dc2be53c-bde7-4866-a6c0-7b1a83f49c02,CREATE_NEW_PARTY,"{""reason"": ""no_existing_party"", ""persons_total"": 848, ""r0_census_date"": ""2026-09-12"", ""collision_check"": ""pass"", ""uuid_collisions"": 0, ""deterministic_duplicates"": 0, ""data_quality_missing_dob_pct"": 0.00, ""data_quality_missing_name_pct"": 0.00}",planned,Sat Sep 12 2026 14:05:28 GMT+0700 (Indochina Time),Sat Sep 12 2026 14:05:29 GMT+0700 (Indochina Time)
01d089d7-6486-446f-8c3e-3726d805432f,01d089d7-6486-446f-8c3e-3726d805432f,dc2be53c-bde7-4866-a6c0-7b1a83f49c02,CREATE_NEW_PARTY,"{""reason"": ""no_existing_party"", ""persons_total"": 848, ""r0_census_date"": ""2026-09-12"", ""collision_check"": ""pass"", ""uuid_collisions"": 0, ""deterministic_duplicates"": 0, ""data_quality_missing_dob_pct"": 0.00, ""data_quality_missing_name_pct"": 0.00}",planned,Sat Sep 12 2026 14:05:28 GMT+0700 (Indochina Time),Sat Sep 12 2026 14:05:29 GMT+0700 (Indochina Time)
c40b2ff4-bb89-4498-8992-5a49911acb81,c40b2ff4-bb89-4498-8992-5a49911acb81,dc2be53c-bde7-4866-a6c0-7b1a83f49c02,CREATE_NEW_PARTY,"{""reason"": ""no_existing_party"", ""persons_total"": 848, ""r0_census_date"": ""2026-09-12"", ""collision_check"": ""pass"", ""uuid_collisions"": 0, ""deterministic_duplicates"": 0, ""data_quality_missing_dob_pct"": 0.00, ""data_quality_missing_name_pct"": 0.00}",planned,Sat Sep 12 2026 14:05:28 GMT+0700 (Indochina Time),Sat Sep 12 2026 14:05:29 GMT+0700 (Indochina Time)
34939ded-5279-45c8-b5eb-00b7d89f9d6a,34939ded-5279-45c8-b5eb-00b7d89f9d6a,91a39511-c3f4-4450-844f-69060ad027cf,CREATE_NEW_PARTY,"{""reason"": ""no_existing_party"", ""persons_total"": 848, ""r0_census_date"": ""2026-09-12"", ""collision_check"": ""pass"", ""uuid_collisions"": 0, ""deterministic_duplicates"": 0, ""data_quality_missing_dob_pct"": 0.00, ""data_quality_missing_name_pct"": 0.00}",planned,Sat Sep 12 2026 14:05:28 GMT+0700 (Indochina Time),Sat Sep 12 2026 14:05:29 GMT+0700 (Indochina Time)
92fc2bb9-f346-4931-9d43-bdc255688fcd,92fc2bb9-f346-4931-9d43-bdc255688fcd,91a39511-c3f4-4450-844f-69060ad027cf,CREATE_NEW_PARTY,"{""reason"": ""no_existing_party"", ""persons_total"": 848, ""r0_census_date"": ""2026-09-12"", ""collision_check"": ""pass"", ""uuid_collisions"": 0, ""deterministic_duplicates"": 0, ""data_quality_missing_dob_pct"": 0.00, ""data_quality_missing_name_pct"": 0.00}",planned,Sat Sep 12 2026 14:05:28 GMT+0700 (Indochina Time),Sat Sep 12 2026 14:05:29 GMT+0700 (Indochina Time)
80b80032-75ee-4e13-887c-1c1d3df122bc,80b80032-75ee-4e13-887c-1c1d3df122bc,91a39511-c3f4-4450-844f-69060ad027cf,CREATE_NEW_PARTY,"{""reason"": ""no_existing_party"", ""persons_total"": 848, ""r0_census_date"": ""2026-09-12"", ""collision_check"": ""pass"", ""uuid_collisions"": 0, ""deterministic_duplicates"": 0, ""data_quality_missing_dob_pct"": 0.00, ""data_quality_missing_name_pct"": 0.00}",planned,Sat Sep 12 2026 14:05:28 GMT+0700 (Indochina Time),Sat Sep 12 2026 14:05:29 GMT+0700 (Indochina Time)
c85f2a90-fc1c-4990-acca-dfbb0bfbbeca,c85f2a90-fc1c-4990-acca-dfbb0bfbbeca,ad4fddd5-e36d-489a-be2b-2bf29ef9ae93,CREATE_NEW_PARTY,"{""reason"": ""no_existing_party"", ""persons_total"": 848, ""r0_census_date"": ""2026-09-12"", ""collision_check"": ""pass"", ""uuid_collisions"": 0, ""deterministic_duplicates"": 0, ""data_quality_missing_dob_pct"": 0.00, ""data_quality_missing_name_pct"": 0.00}",planned,Sat Sep 12 2026 14:05:28 GMT+0700 (Indochina Time),Sat Sep 12 2026 14:05:29 GMT+0700 (Indochina Time)
a9b50394-b5db-4513-b3ac-cdce9cd2ee62,a9b50394-b5db-4513-b3ac-cdce9cd2ee62,ad4fddd5-e36d-489a-be2b-2bf29ef9ae93,CREATE_NEW_PARTY,"{""reason"": ""no_existing_party"", ""persons_total"": 848, ""r0_census_date"": ""2026-09-12"", ""collision_check"": ""pass"", ""uuid_collisions"": 0, ""deterministic_duplicates"": 0, ""data_quality_missing_dob_pct"": 0.00, ""data_quality_missing_name_pct"": 0.00}",planned,Sat Sep 12 2026 14:05:28 GMT+0700 (Indochina Time),Sat Sep 12 2026 14:05:29 GMT+0700 (Indochina Time)
5b61f37b-9cc8-43fb-bd95-2f09b8a62059,5b61f37b-9cc8-43fb-bd95-2f09b8a62059,ad4fddd5-e36d-489a-be2b-2bf29ef9ae93,CREATE_NEW_PARTY,"{""reason"": ""no_existing_party"", ""persons_total"": 848, ""r0_census_date"": ""2026-09-12"", ""collision_check"": ""pass"", ""uuid_collisions"": 0, ""deterministic_duplicates"": 0, ""data_quality_missing_dob_pct"": 0.00, ""data_quality_missing_name_pct"": 0.00}",planned,Sat Sep 12 2026 14:05:28 GMT+0700 (Indochina Time),Sat Sep 12 2026 14:05:29 GMT+0700 (Indochina Time)
e8d46242-77f6-42e9-bc29-1a3d1fd76d87,e8d46242-77f6-42e9-bc29-1a3d1fd76d87,cbc1fbc2-6275-47a1-8882-ba115e908fb7,CREATE_NEW_PARTY,"{""reason"": ""no_existing_party"", ""persons_total"": 848, ""r0_census_date"": ""2026-09-12"", ""collision_check"": ""pass"", ""uuid_collisions"": 0, ""deterministic_duplicates"": 0, ""data_quality_missing_dob_pct"": 0.00, ""data_quality_missing_name_pct"": 0.00}",planned,Sat Sep 12 2026 14:05:28 GMT+0700 (Indochina Time),Sat Sep 12 2026 14:05:29 GMT+0700 (Indochina Time)
aff4089b-c954-478d-b6d1-f2c1e93eb6eb,aff4089b-c954-478d-b6d1-f2c1e93eb6eb,cbc1fbc2-6275-47a1-8882-ba115e908fb7,CREATE_NEW_PARTY,"{""reason"": ""no_existing_party"", ""persons_total"": 848, ""r0_census_date"": ""2026-09-12"", ""collision_check"": ""pass"", ""uuid_collisions"": 0, ""deterministic_duplicates"": 0, ""data_quality_missing_dob_pct"": 0.00, ""data_quality_missing_name_pct"": 0.00}",planned,Sat Sep 12 2026 14:05:28 GMT+0700 (Indochina Time),Sat Sep 12 2026 14:05:29 GMT+0700 (Indochina Time)
0a4b5236-32b1-415e-bb59-e53c78ed240d,0a4b5236-32b1-415e-bb59-e53c78ed240d,cbc1fbc2-6275-47a1-8882-ba115e908fb7,CREATE_NEW_PARTY,"{""reason"": ""no_existing_party"", ""persons_total"": 848, ""r0_census_date"": ""2026-09-12"", ""collision_check"": ""pass"", ""uuid_collisions"": 0, ""deterministic_duplicates"": 0, ""data_quality_missing_dob_pct"": 0.00, ""data_quality_missing_name_pct"": 0.00}",planned,Sat Sep 12 2026 14:05:28 GMT+0700 (Indochina Time),Sat Sep 12 2026 14:05:29 GMT+0700 (Indochina Time)
ba03f920-26f3-4e5e-89d6-3d38ed595241,ba03f920-26f3-4e5e-89d6-3d38ed595241,dc1a3610-ae21-469b-ba77-17fd0366ebe7,CREATE_NEW_PARTY,"{""reason"": ""no_existing_party"", ""persons_total"": 848, ""r0_census_date"": ""2026-09-12"", ""collision_check"": ""pass"", ""uuid_collisions"": 0, ""deterministic_duplicates"": 0, ""data_quality_missing_dob_pct"": 0.00, ""data_quality_missing_name_pct"": 0.00}",planned,Sat Sep 12 2026 14:05:28 GMT+0700 (Indochina Time),Sat Sep 12 2026 14:05:29 GMT+0700 (Indochina Time)
80bede22-c268-43ea-a128-728b67d10b46,80bede22-c268-43ea-a128-728b67d10b46,dc1a3610-ae21-469b-ba77-17fd0366ebe7,CREATE_NEW_PARTY,"{""reason"": ""no_existing_party"", ""persons_total"": 848, ""r0_census_date"": ""2026-09-12"", ""collision_check"": ""pass"", ""uuid_collisions"": 0, ""deterministic_duplicates"": 0, ""data_quality_missing_dob_pct"": 0.00, ""data_quality_missing_name_pct"": 0.00}",planned,Sat Sep 12 2026 14:05:28 GMT+0700 (Indochina Time),Sat Sep 12 2026 14:05:29 GMT+0700 (Indochina Time)
c4cc9fb7-33ef-478a-a8f0-4a3bdc18a8c2,c4cc9fb7-33ef-478a-a8f0-4a3bdc18a8c2,44602776-5cdc-421d-8a74-ec800823bf2f,CREATE_NEW_PARTY,"{""reason"": ""no_existing_party"", ""persons_total"": 848, ""r0_census_date"": ""2026-09-12"", ""collision_check"": ""pass"", ""uuid_collisions"": 0, ""deterministic_duplicates"": 0, ""data_quality_missing_dob_pct"": 0.00, ""data_quality_missing_name_pct"": 0.00}",planned,Sat Sep 12 2026 14:05:28 GMT+0700 (Indochina Time),Sat Sep 12 2026 14:05:29 GMT+0700 (Indochina Time)